Fuente de tráfico,Visualizaciones,Tiempo de visualización (horas),Duración media de las visualizaciones,Impresiones,Porcentaje de clics de las impresiones (%)
Total,1161,57.3995,0:02:57,26577,1.72
Funciones de exploración,415,21.3918,0:03:05,13826,1.66
Notificaciones,199,9.1766,0:02:46,,
Fuentes externas,194,5.2263,0:01:36,,
Páginas de canal,127,7.8562,0:03:42,6504,1.46
Vídeos sugeridos,104,6.1769,0:03:33,2868,2.89
Listas de reproducción,36,2.0565,0:03:25,1781,1.52
Directa o desconocida,30,1.5729,0:03:08,,
Búsqueda de YouTube,28,1.7153,0:03:40,868,2.3
Otras funciones de YouTube,17,1.3815,0:04:52,,
Pantallas finales,7,0.7872,0:06:44,,
Página de lista de reproducción,4,0.0581,0:00:52,730,0.41
