Fuente de tráfico,Visualizaciones,Tiempo de visualización (horas),Duración media de las visualizaciones,Impresiones,Porcentaje de clics de las impresiones (%)
Total,11619,740.5416,0:03:49,443002,1.09
Funciones de exploración,9033,411.0758,0:02:43,385764,0.91
Vídeos sugeridos,1265,185.0603,0:08:46,43888,1.96
Páginas de canal,274,33.2604,0:07:16,7274,3
Búsqueda de YouTube,257,30.9557,0:07:13,3907,5.17
Notificaciones,207,22.5729,0:06:32,,
Directa o desconocida,194,15.8025,0:04:53,,
Fuentes externas,189,16.0692,0:05:06,,
Otras funciones de YouTube,130,17.2786,0:07:58,,
Listas de reproducción,34,3.3863,0:05:58,841,1.78
Pantallas finales,25,3.7083,0:08:53,,
Página de lista de reproducción,11,1.3716,0:07:28,1328,0.38
