Fuente de tráfico,Visualizaciones,Tiempo de visualización (horas),Duración media de las visualizaciones,Impresiones,Porcentaje de clics de las impresiones (%)
Total,1814,80.1881,0:02:39,44140,1.97
Funciones de exploración,796,37.963,0:02:51,27060,1.67
Búsqueda de YouTube,254,8.002,0:01:53,2876,7.16
Notificaciones,225,9.9066,0:02:38,,
Fuentes externas,162,6.0541,0:02:14,,
Vídeos sugeridos,144,7.1117,0:02:57,3218,3.17
Páginas de canal,106,5.7052,0:03:13,7056,1.06
Listas de reproducción,55,2.2747,0:02:28,2594,1
Directa o desconocida,30,1.2862,0:02:34,,
Otras funciones de YouTube,26,1.2155,0:02:48,,
Página de lista de reproducción,12,0.4906,0:02:27,1336,0.75
Pantallas finales,4,0.1785,0:02:40,,
