Fuente de tráfico,Visualizaciones,Tiempo de visualización (horas),Duración media de las visualizaciones,Impresiones,Porcentaje de clics de las impresiones (%)
Total,1525,60.954,0:02:23,34378,2.05
Funciones de exploración,750,29.1603,0:02:19,22353,1.89
Páginas de canal,221,10.8458,0:02:56,6961,2.15
Notificaciones,211,7.3627,0:02:05,,
Fuentes externas,78,3.1545,0:02:25,,
Listas de reproducción,61,1.6805,0:01:39,1971,1.88
Búsqueda de YouTube,58,1.9165,0:01:58,1138,4.04
Vídeos sugeridos,57,3.1673,0:03:20,1035,3.38
Directa o desconocida,50,1.291,0:01:32,,
Otras funciones de YouTube,21,1.293,0:03:41,,
Página de lista de reproducción,17,1.0613,0:03:44,920,1.63
Pantallas finales,1,0.0212,0:01:16,,
