Fuente de tráfico,Visualizaciones,Tiempo de visualización (horas),Duración media de las visualizaciones,Impresiones,Porcentaje de clics de las impresiones (%)
Total,939,47.1552,0:03:00,27401,1.5
Funciones de exploración,446,21.9796,0:02:57,15542,1.54
Notificaciones,161,6.9493,0:02:35,,
Búsqueda de YouTube,76,3.8161,0:03:00,845,7.81
Páginas de canal,65,2.818,0:02:36,6485,0.8
Fuentes externas,55,3.193,0:03:28,,
Vídeos sugeridos,54,3.6113,0:04:00,1696,1.65
Listas de reproducción,28,0.9002,0:01:55,1993,0.95
Directa o desconocida,20,1.0567,0:03:10,,
Pantallas finales,19,1.9876,0:06:16,,
Página de lista de reproducción,9,0.1851,0:01:14,840,0.95
Otras funciones de YouTube,6,0.6584,0:06:35,,
