Fuente de tráfico,Visualizaciones,Tiempo de visualización (horas),Duración media de las visualizaciones,Impresiones,Porcentaje de clics de las impresiones (%)
Total,827,6.4061,0:00:27,17368,1.18
Feed de Shorts,317,2.7381,0:00:31,,
Búsqueda de YouTube,185,1.2315,0:00:23,3465,2.31
Funciones de exploración,137,0.8814,0:00:23,5633,1.12
Notificaciones,72,0.7748,0:00:38,,
Páginas de canal,66,0.4081,0:00:22,6387,0.47
Vídeos sugeridos,30,0.2557,0:00:30,1678,1.55
Listas de reproducción,12,0.0737,0:00:22,111,4.5
Fuentes externas,3,0.0127,0:00:15,,
Otras funciones de YouTube,2,0.02,0:00:35,,
Pantallas finales,2,0.0004,0:00:00,,
Página de lista de reproducción,1,0.0098,0:00:35,94,1.06
Directa o desconocida,0,0,,,
