Fecha,Estado de suscripción,Visualizaciones
2021-07-08,Suscrito,0
2021-07-09,Suscrito,0
2021-07-10,Suscrito,0
2021-07-11,Suscrito,0
2021-07-12,Suscrito,0
2021-07-13,Suscrito,0
2021-07-14,Suscrito,0
2021-07-15,Suscrito,0
2021-07-16,Suscrito,0
2021-07-17,Suscrito,0
2021-07-18,Suscrito,0
2021-07-19,Suscrito,0
2021-07-20,Suscrito,0
2021-07-21,Suscrito,0
2021-07-22,Suscrito,0
2021-07-23,Suscrito,0
2021-07-24,Suscrito,0
2021-07-25,Suscrito,0
2021-07-26,Suscrito,0
2021-07-27,Suscrito,0
2021-07-28,Suscrito,0
2021-07-29,Suscrito,0
2021-07-30,Suscrito,0
2021-07-31,Suscrito,0
2021-08-01,Suscrito,0
2021-08-02,Suscrito,0
2021-08-03,Suscrito,335
2021-08-04,Suscrito,236
2021-08-05,Suscrito,62
2021-08-06,Suscrito,13
2021-08-07,Suscrito,18
2021-08-08,Suscrito,16
2021-08-09,Suscrito,20
2021-08-10,Suscrito,15
2021-08-11,Suscrito,4
2021-08-12,Suscrito,3
2021-08-13,Suscrito,11
2021-08-14,Suscrito,5
2021-08-15,Suscrito,1
2021-08-16,Suscrito,1
2021-08-17,Suscrito,3
2021-08-18,Suscrito,3
2021-08-19,Suscrito,4
2021-08-20,Suscrito,1
2021-08-21,Suscrito,2
2021-08-22,Suscrito,0
2021-08-23,Suscrito,3
2021-08-24,Suscrito,2
2021-08-25,Suscrito,0
2021-08-26,Suscrito,2
2021-08-27,Suscrito,1
2021-08-28,Suscrito,2
2021-08-29,Suscrito,0
2021-08-30,Suscrito,2
2021-08-31,Suscrito,0
2021-09-01,Suscrito,3
2021-09-02,Suscrito,1
2021-09-03,Suscrito,5
2021-09-04,Suscrito,1
2021-09-05,Suscrito,5
2021-09-06,Suscrito,4
2021-09-07,Suscrito,3
2021-09-08,Suscrito,1
2021-09-09,Suscrito,1
2021-09-10,Suscrito,1
2021-09-11,Suscrito,0
2021-09-12,Suscrito,1
2021-09-13,Suscrito,0
2021-09-14,Suscrito,1
2021-09-15,Suscrito,0
2021-09-16,Suscrito,1
2021-09-17,Suscrito,0
2021-09-18,Suscrito,0
2021-09-19,Suscrito,1
2021-09-20,Suscrito,2
2021-09-21,Suscrito,2
2021-09-22,Suscrito,3
2021-09-23,Suscrito,4
2021-09-24,Suscrito,3
2021-09-25,Suscrito,1
2021-09-26,Suscrito,9
2021-09-27,Suscrito,5
2021-09-28,Suscrito,1
2021-09-29,Suscrito,2
2021-09-30,Suscrito,1
2021-10-01,Suscrito,2
2021-10-02,Suscrito,2
2021-10-03,Suscrito,0
2021-10-04,Suscrito,2
2021-10-05,Suscrito,1
2021-10-06,Suscrito,0
2021-10-07,Suscrito,3
2021-10-08,Suscrito,2
2021-10-09,Suscrito,0
2021-10-10,Suscrito,0
2021-10-11,Suscrito,0
2021-10-12,Suscrito,0
2021-10-13,Suscrito,0
2021-10-14,Suscrito,0
2021-10-15,Suscrito,2
2021-10-16,Suscrito,0
2021-10-17,Suscrito,1
2021-10-18,Suscrito,0
2021-10-19,Suscrito,0
2021-10-20,Suscrito,3
2021-10-21,Suscrito,0
2021-10-22,Suscrito,0
2021-10-23,Suscrito,1
2021-10-24,Suscrito,0
2021-10-25,Suscrito,1
2021-10-26,Suscrito,0
2021-10-27,Suscrito,1
2021-10-28,Suscrito,1
2021-10-29,Suscrito,0
2021-10-30,Suscrito,0
2021-10-31,Suscrito,1
2021-11-01,Suscrito,1
2021-11-02,Suscrito,0
2021-11-03,Suscrito,0
2021-11-04,Suscrito,0
2021-11-05,Suscrito,0
2021-11-06,Suscrito,0
2021-11-07,Suscrito,0
2021-11-08,Suscrito,0
2021-11-09,Suscrito,0
2021-11-10,Suscrito,0
2021-11-11,Suscrito,0
2021-11-12,Suscrito,0
2021-11-13,Suscrito,0
2021-11-14,Suscrito,0
2021-11-15,Suscrito,3
2021-11-16,Suscrito,1
2021-11-17,Suscrito,0
2021-11-18,Suscrito,0
2021-11-19,Suscrito,0
2021-11-20,Suscrito,0
2021-11-21,Suscrito,0
2021-11-22,Suscrito,1
2021-11-23,Suscrito,0
2021-11-24,Suscrito,1
2021-11-25,Suscrito,0
2021-11-26,Suscrito,0
2021-11-27,Suscrito,0
2021-11-28,Suscrito,0
2021-11-29,Suscrito,0
2021-11-30,Suscrito,0
2021-12-01,Suscrito,0
2021-12-02,Suscrito,0
2021-12-03,Suscrito,1
2021-12-04,Suscrito,1
2021-12-05,Suscrito,0
2021-12-06,Suscrito,0
2021-12-07,Suscrito,2
2021-12-08,Suscrito,0
2021-12-09,Suscrito,2
2021-12-10,Suscrito,0
2021-12-11,Suscrito,0
2021-12-12,Suscrito,1
2021-12-13,Suscrito,2
2021-12-14,Suscrito,3
2021-12-15,Suscrito,0
2021-12-16,Suscrito,0
2021-12-17,Suscrito,0
2021-12-18,Suscrito,0
2021-12-19,Suscrito,0
2021-12-20,Suscrito,1
2021-12-21,Suscrito,1
2021-12-22,Suscrito,2
2021-12-23,Suscrito,0
2021-12-24,Suscrito,0
2021-12-25,Suscrito,1
2021-12-26,Suscrito,0
2021-12-27,Suscrito,0
2021-12-28,Suscrito,2
2021-12-29,Suscrito,0
2021-12-30,Suscrito,0
2021-12-31,Suscrito,0
2022-01-01,Suscrito,0
2022-01-02,Suscrito,0
2022-01-03,Suscrito,1
2022-01-04,Suscrito,0
2022-01-05,Suscrito,0
2022-01-06,Suscrito,0
2022-01-07,Suscrito,1
2022-01-08,Suscrito,1
2022-01-09,Suscrito,0
2022-01-10,Suscrito,0
2022-01-11,Suscrito,0
2022-01-12,Suscrito,0
2022-01-13,Suscrito,0
2022-01-14,Suscrito,0
2022-01-15,Suscrito,0
2022-01-16,Suscrito,0
2022-01-17,Suscrito,1
2022-01-18,Suscrito,0
2022-01-19,Suscrito,0
2022-01-20,Suscrito,1
2022-01-21,Suscrito,1
2022-01-22,Suscrito,0
2022-01-23,Suscrito,0
2022-01-24,Suscrito,1
2022-01-25,Suscrito,0
2022-01-26,Suscrito,0
2022-01-27,Suscrito,0
2022-01-28,Suscrito,0
2022-01-29,Suscrito,0
2022-01-30,Suscrito,0
2022-01-31,Suscrito,0
2022-02-01,Suscrito,0
2022-02-02,Suscrito,0
2022-02-03,Suscrito,0
2022-02-04,Suscrito,0
2022-02-05,Suscrito,0
2022-02-06,Suscrito,1
2022-02-07,Suscrito,0
2022-02-08,Suscrito,2
2022-02-09,Suscrito,0
2022-02-10,Suscrito,0
2022-02-11,Suscrito,3
2022-02-12,Suscrito,6
2022-02-13,Suscrito,0
2022-02-14,Suscrito,0
2022-02-15,Suscrito,2
2022-02-16,Suscrito,1
2022-02-17,Suscrito,1
2022-02-18,Suscrito,4
2022-02-19,Suscrito,2
2022-02-20,Suscrito,1
2022-02-21,Suscrito,0
2022-02-22,Suscrito,0
2022-02-23,Suscrito,0
2022-02-24,Suscrito,1
2022-02-25,Suscrito,0
2022-02-26,Suscrito,0
2022-02-27,Suscrito,0
2022-02-28,Suscrito,0
2022-03-01,Suscrito,0
2022-03-02,Suscrito,1
2022-03-03,Suscrito,1
2022-03-04,Suscrito,2
2022-03-05,Suscrito,0
2022-03-06,Suscrito,2
2022-03-07,Suscrito,0
2022-03-08,Suscrito,0
2022-03-09,Suscrito,1
2022-03-10,Suscrito,0
2022-03-11,Suscrito,1
2022-03-12,Suscrito,0
2022-03-13,Suscrito,1
2022-03-14,Suscrito,1
2022-03-15,Suscrito,1
2022-03-16,Suscrito,0
2022-03-17,Suscrito,0
2022-03-18,Suscrito,0
2022-03-19,Suscrito,0
2022-03-20,Suscrito,0
2022-03-21,Suscrito,1
2022-03-22,Suscrito,0
2022-03-23,Suscrito,1
2022-03-24,Suscrito,1
2022-03-25,Suscrito,0
2022-03-26,Suscrito,0
2022-03-27,Suscrito,0
2022-03-28,Suscrito,0
2022-03-29,Suscrito,5
2022-03-30,Suscrito,2
2022-03-31,Suscrito,20
2022-04-01,Suscrito,5
2022-04-02,Suscrito,2
2022-04-03,Suscrito,1
2022-04-04,Suscrito,5
2022-04-05,Suscrito,4
2022-04-06,Suscrito,5
2022-04-07,Suscrito,5
2022-04-08,Suscrito,5
2022-04-09,Suscrito,4
2022-04-10,Suscrito,3
2022-04-11,Suscrito,3
2022-04-12,Suscrito,2
2022-04-13,Suscrito,4
2022-04-14,Suscrito,0
2022-04-15,Suscrito,2
2022-04-16,Suscrito,1
2022-04-17,Suscrito,0
2022-04-18,Suscrito,1
2022-04-19,Suscrito,0
2022-04-20,Suscrito,2
2022-04-21,Suscrito,0
2022-04-22,Suscrito,0
2022-04-23,Suscrito,0
2022-04-24,Suscrito,0
2022-04-25,Suscrito,0
2022-04-26,Suscrito,1
2022-04-27,Suscrito,0
2022-04-28,Suscrito,0
2022-04-29,Suscrito,0
2022-04-30,Suscrito,0
2022-05-01,Suscrito,0
2022-05-02,Suscrito,1
2022-05-03,Suscrito,1
2022-05-04,Suscrito,0
2022-05-05,Suscrito,0
2022-05-06,Suscrito,1
2022-05-07,Suscrito,0
2022-05-08,Suscrito,1
2022-05-09,Suscrito,1
2022-05-10,Suscrito,0
2022-05-11,Suscrito,0
2022-05-12,Suscrito,2
2022-05-13,Suscrito,1
2022-05-14,Suscrito,0
2022-05-15,Suscrito,5
2022-05-16,Suscrito,0
2022-05-17,Suscrito,0
2022-05-18,Suscrito,0
2022-05-19,Suscrito,0
2022-05-20,Suscrito,1
2022-05-21,Suscrito,0
2022-05-22,Suscrito,0
2022-05-23,Suscrito,0
2022-05-24,Suscrito,0
2022-05-25,Suscrito,0
2022-05-26,Suscrito,0
2022-05-27,Suscrito,2
2022-05-28,Suscrito,0
2022-05-29,Suscrito,0
2022-05-30,Suscrito,1
2022-05-31,Suscrito,0
2022-06-01,Suscrito,0
2022-06-02,Suscrito,1
2022-06-03,Suscrito,3
2022-06-04,Suscrito,0
2022-06-05,Suscrito,0
2022-06-06,Suscrito,0
2022-06-07,Suscrito,3
2022-06-08,Suscrito,0
2022-06-09,Suscrito,0
2022-06-10,Suscrito,2
2022-06-11,Suscrito,3
2022-06-12,Suscrito,0
2022-06-13,Suscrito,0
2022-06-14,Suscrito,0
2022-06-15,Suscrito,1
2022-06-16,Suscrito,0
2022-06-17,Suscrito,0
2022-06-18,Suscrito,0
2022-06-19,Suscrito,0
2022-06-20,Suscrito,1
2022-06-21,Suscrito,0
2022-06-22,Suscrito,2
2022-06-23,Suscrito,0
2022-06-24,Suscrito,1
2022-06-25,Suscrito,0
2022-06-26,Suscrito,1
2022-06-27,Suscrito,1
2022-06-28,Suscrito,0
2022-06-29,Suscrito,0
2022-06-30,Suscrito,2
2022-07-01,Suscrito,0
2022-07-02,Suscrito,1
2022-07-03,Suscrito,0
2022-07-04,Suscrito,0
2022-07-05,Suscrito,0
2022-07-06,Suscrito,0
2022-07-07,Suscrito,0
2022-07-08,Suscrito,0
2022-07-09,Suscrito,0
2022-07-10,Suscrito,0
2022-07-11,Suscrito,1
2022-07-12,Suscrito,2
2022-07-13,Suscrito,1
2022-07-14,Suscrito,0
2022-07-15,Suscrito,0
2022-07-16,Suscrito,0
2022-07-17,Suscrito,0
2022-07-18,Suscrito,1
2022-07-19,Suscrito,0
2022-07-20,Suscrito,0
2022-07-21,Suscrito,2
2022-07-22,Suscrito,0
2022-07-23,Suscrito,1
2022-07-24,Suscrito,0
2022-07-25,Suscrito,0
2022-07-26,Suscrito,1
2022-07-27,Suscrito,2
2022-07-28,Suscrito,2
2022-07-29,Suscrito,0
2022-07-30,Suscrito,1
2022-07-31,Suscrito,0
2022-08-01,Suscrito,0
2022-08-02,Suscrito,0
2022-08-03,Suscrito,0
2022-08-04,Suscrito,3
2022-08-05,Suscrito,0
2022-08-06,Suscrito,0
2022-08-07,Suscrito,1
2022-08-08,Suscrito,1
2022-08-09,Suscrito,0
2022-08-10,Suscrito,0
2022-08-11,Suscrito,1
2022-08-12,Suscrito,1
2022-08-13,Suscrito,0
2022-08-14,Suscrito,2
2022-08-15,Suscrito,0
2022-08-16,Suscrito,0
2022-08-17,Suscrito,0
2022-08-18,Suscrito,0
2022-08-19,Suscrito,0
2022-08-20,Suscrito,0
2022-08-21,Suscrito,0
2022-08-22,Suscrito,0
2022-08-23,Suscrito,0
2022-08-24,Suscrito,0
2022-08-25,Suscrito,2
2022-08-26,Suscrito,0
2022-08-27,Suscrito,0
2022-08-28,Suscrito,0
2022-08-29,Suscrito,0
2022-08-30,Suscrito,2
2022-08-31,Suscrito,0
2022-09-01,Suscrito,0
2022-09-02,Suscrito,0
2022-09-03,Suscrito,1
2022-09-04,Suscrito,0
2022-09-05,Suscrito,0
2022-09-06,Suscrito,0
2022-09-07,Suscrito,0
2022-09-08,Suscrito,0
2022-09-09,Suscrito,0
2022-09-10,Suscrito,1
2022-09-11,Suscrito,2
2022-09-12,Suscrito,1
2022-09-13,Suscrito,2
2022-09-14,Suscrito,0
2022-09-15,Suscrito,0
2022-09-16,Suscrito,0
2022-09-17,Suscrito,3
2022-09-18,Suscrito,1
2022-09-19,Suscrito,0
2022-09-20,Suscrito,0
2022-09-21,Suscrito,1
2022-09-22,Suscrito,1
2022-09-23,Suscrito,0
2022-09-24,Suscrito,0
2022-09-25,Suscrito,0
2022-09-26,Suscrito,0
2022-09-27,Suscrito,0
2022-09-28,Suscrito,0
2022-09-29,Suscrito,0
2022-09-30,Suscrito,0
2022-10-01,Suscrito,2
2022-10-02,Suscrito,0
2022-10-03,Suscrito,0
2022-10-04,Suscrito,0
2022-10-05,Suscrito,1
2022-10-06,Suscrito,0
2022-10-07,Suscrito,1
2022-10-08,Suscrito,0
2022-10-09,Suscrito,1
2022-10-10,Suscrito,0
2022-10-11,Suscrito,0
2022-10-12,Suscrito,0
2022-10-13,Suscrito,0
2022-10-14,Suscrito,0
2022-10-15,Suscrito,0
2022-10-16,Suscrito,0
2022-10-17,Suscrito,0
2022-10-18,Suscrito,0
2022-10-19,Suscrito,0
2022-10-20,Suscrito,0
2022-10-21,Suscrito,0
2022-10-22,Suscrito,0
2022-10-23,Suscrito,0
2022-10-24,Suscrito,0
2022-10-25,Suscrito,0
2022-10-26,Suscrito,0
2022-10-27,Suscrito,0
2022-10-28,Suscrito,0
2022-10-29,Suscrito,0
2022-10-30,Suscrito,0
2021-07-08,No suscrito,0
2021-07-09,No suscrito,0
2021-07-10,No suscrito,0
2021-07-11,No suscrito,0
2021-07-12,No suscrito,0
2021-07-13,No suscrito,0
2021-07-14,No suscrito,0
2021-07-15,No suscrito,0
2021-07-16,No suscrito,0
2021-07-17,No suscrito,0
2021-07-18,No suscrito,0
2021-07-19,No suscrito,0
2021-07-20,No suscrito,0
2021-07-21,No suscrito,0
2021-07-22,No suscrito,0
2021-07-23,No suscrito,0
2021-07-24,No suscrito,0
2021-07-25,No suscrito,0
2021-07-26,No suscrito,0
2021-07-27,No suscrito,0
2021-07-28,No suscrito,0
2021-07-29,No suscrito,0
2021-07-30,No suscrito,0
2021-07-31,No suscrito,0
2021-08-01,No suscrito,0
2021-08-02,No suscrito,0
2021-08-03,No suscrito,49
2021-08-04,No suscrito,81
2021-08-05,No suscrito,36
2021-08-06,No suscrito,23
2021-08-07,No suscrito,7
2021-08-08,No suscrito,11
2021-08-09,No suscrito,6
2021-08-10,No suscrito,4
2021-08-11,No suscrito,0
2021-08-12,No suscrito,2
2021-08-13,No suscrito,3
2021-08-14,No suscrito,0
2021-08-15,No suscrito,3
2021-08-16,No suscrito,2
2021-08-17,No suscrito,1
2021-08-18,No suscrito,1
2021-08-19,No suscrito,3
2021-08-20,No suscrito,0
2021-08-21,No suscrito,2
2021-08-22,No suscrito,1
2021-08-23,No suscrito,3
2021-08-24,No suscrito,0
2021-08-25,No suscrito,2
2021-08-26,No suscrito,3
2021-08-27,No suscrito,1
2021-08-28,No suscrito,2
2021-08-29,No suscrito,2
2021-08-30,No suscrito,1
2021-08-31,No suscrito,2
2021-09-01,No suscrito,3
2021-09-02,No suscrito,1
2021-09-03,No suscrito,3
2021-09-04,No suscrito,2
2021-09-05,No suscrito,1
2021-09-06,No suscrito,0
2021-09-07,No suscrito,0
2021-09-08,No suscrito,3
2021-09-09,No suscrito,0
2021-09-10,No suscrito,2
2021-09-11,No suscrito,0
2021-09-12,No suscrito,1
2021-09-13,No suscrito,0
2021-09-14,No suscrito,0
2021-09-15,No suscrito,0
2021-09-16,No suscrito,0
2021-09-17,No suscrito,1
2021-09-18,No suscrito,1
2021-09-19,No suscrito,1
2021-09-20,No suscrito,1
2021-09-21,No suscrito,0
2021-09-22,No suscrito,1
2021-09-23,No suscrito,1
2021-09-24,No suscrito,1
2021-09-25,No suscrito,0
2021-09-26,No suscrito,1
2021-09-27,No suscrito,0
2021-09-28,No suscrito,4
2021-09-29,No suscrito,0
2021-09-30,No suscrito,0
2021-10-01,No suscrito,0
2021-10-02,No suscrito,0
2021-10-03,No suscrito,0
2021-10-04,No suscrito,3
2021-10-05,No suscrito,0
2021-10-06,No suscrito,0
2021-10-07,No suscrito,1
2021-10-08,No suscrito,0
2021-10-09,No suscrito,1
2021-10-10,No suscrito,0
2021-10-11,No suscrito,2
2021-10-12,No suscrito,0
2021-10-13,No suscrito,0
2021-10-14,No suscrito,3
2021-10-15,No suscrito,1
2021-10-16,No suscrito,2
2021-10-17,No suscrito,2
2021-10-18,No suscrito,0
2021-10-19,No suscrito,1
2021-10-20,No suscrito,4
2021-10-21,No suscrito,2
2021-10-22,No suscrito,0
2021-10-23,No suscrito,0
2021-10-24,No suscrito,1
2021-10-25,No suscrito,0
2021-10-26,No suscrito,1
2021-10-27,No suscrito,2
2021-10-28,No suscrito,0
2021-10-29,No suscrito,0
2021-10-30,No suscrito,0
2021-10-31,No suscrito,0
2021-11-01,No suscrito,0
2021-11-02,No suscrito,1
2021-11-03,No suscrito,1
2021-11-04,No suscrito,2
2021-11-05,No suscrito,0
2021-11-06,No suscrito,0
2021-11-07,No suscrito,0
2021-11-08,No suscrito,0
2021-11-09,No suscrito,1
2021-11-10,No suscrito,0
2021-11-11,No suscrito,1
2021-11-12,No suscrito,0
2021-11-13,No suscrito,1
2021-11-14,No suscrito,0
2021-11-15,No suscrito,1
2021-11-16,No suscrito,3
2021-11-17,No suscrito,1
2021-11-18,No suscrito,1
2021-11-19,No suscrito,2
2021-11-20,No suscrito,1
2021-11-21,No suscrito,0
2021-11-22,No suscrito,0
2021-11-23,No suscrito,2
2021-11-24,No suscrito,1
2021-11-25,No suscrito,2
2021-11-26,No suscrito,4
2021-11-27,No suscrito,1
2021-11-28,No suscrito,1
2021-11-29,No suscrito,1
2021-11-30,No suscrito,2
2021-12-01,No suscrito,0
2021-12-02,No suscrito,6
2021-12-03,No suscrito,1
2021-12-04,No suscrito,0
2021-12-05,No suscrito,1
2021-12-06,No suscrito,0
2021-12-07,No suscrito,0
2021-12-08,No suscrito,1
2021-12-09,No suscrito,0
2021-12-10,No suscrito,2
2021-12-11,No suscrito,0
2021-12-12,No suscrito,2
2021-12-13,No suscrito,0
2021-12-14,No suscrito,1
2021-12-15,No suscrito,0
2021-12-16,No suscrito,2
2021-12-17,No suscrito,1
2021-12-18,No suscrito,1
2021-12-19,No suscrito,0
2021-12-20,No suscrito,0
2021-12-21,No suscrito,0
2021-12-22,No suscrito,3
2021-12-23,No suscrito,0
2021-12-24,No suscrito,0
2021-12-25,No suscrito,1
2021-12-26,No suscrito,0
2021-12-27,No suscrito,0
2021-12-28,No suscrito,1
2021-12-29,No suscrito,0
2021-12-30,No suscrito,0
2021-12-31,No suscrito,1
2022-01-01,No suscrito,1
2022-01-02,No suscrito,2
2022-01-03,No suscrito,0
2022-01-04,No suscrito,3
2022-01-05,No suscrito,0
2022-01-06,No suscrito,2
2022-01-07,No suscrito,0
2022-01-08,No suscrito,1
2022-01-09,No suscrito,1
2022-01-10,No suscrito,0
2022-01-11,No suscrito,0
2022-01-12,No suscrito,2
2022-01-13,No suscrito,4
2022-01-14,No suscrito,0
2022-01-15,No suscrito,0
2022-01-16,No suscrito,0
2022-01-17,No suscrito,1
2022-01-18,No suscrito,1
2022-01-19,No suscrito,0
2022-01-20,No suscrito,0
2022-01-21,No suscrito,0
2022-01-22,No suscrito,1
2022-01-23,No suscrito,0
2022-01-24,No suscrito,0
2022-01-25,No suscrito,1
2022-01-26,No suscrito,1
2022-01-27,No suscrito,1
2022-01-28,No suscrito,0
2022-01-29,No suscrito,0
2022-01-30,No suscrito,0
2022-01-31,No suscrito,2
2022-02-01,No suscrito,2
2022-02-02,No suscrito,0
2022-02-03,No suscrito,5
2022-02-04,No suscrito,3
2022-02-05,No suscrito,2
2022-02-06,No suscrito,0
2022-02-07,No suscrito,0
2022-02-08,No suscrito,0
2022-02-09,No suscrito,0
2022-02-10,No suscrito,0
2022-02-11,No suscrito,4
2022-02-12,No suscrito,1
2022-02-13,No suscrito,1
2022-02-14,No suscrito,0
2022-02-15,No suscrito,0
2022-02-16,No suscrito,2
2022-02-17,No suscrito,2
2022-02-18,No suscrito,0
2022-02-19,No suscrito,0
2022-02-20,No suscrito,0
2022-02-21,No suscrito,0
2022-02-22,No suscrito,3
2022-02-23,No suscrito,2
2022-02-24,No suscrito,2
2022-02-25,No suscrito,4
2022-02-26,No suscrito,0
2022-02-27,No suscrito,1
2022-02-28,No suscrito,0
2022-03-01,No suscrito,0
2022-03-02,No suscrito,0
2022-03-03,No suscrito,0
2022-03-04,No suscrito,1
2022-03-05,No suscrito,0
2022-03-06,No suscrito,2
2022-03-07,No suscrito,2
2022-03-08,No suscrito,1
2022-03-09,No suscrito,2
2022-03-10,No suscrito,2
2022-03-11,No suscrito,1
2022-03-12,No suscrito,1
2022-03-13,No suscrito,1
2022-03-14,No suscrito,0
2022-03-15,No suscrito,1
2022-03-16,No suscrito,0
2022-03-17,No suscrito,1
2022-03-18,No suscrito,2
2022-03-19,No suscrito,2
2022-03-20,No suscrito,1
2022-03-21,No suscrito,1
2022-03-22,No suscrito,1
2022-03-23,No suscrito,1
2022-03-24,No suscrito,2
2022-03-25,No suscrito,1
2022-03-26,No suscrito,1
2022-03-27,No suscrito,1
2022-03-28,No suscrito,1
2022-03-29,No suscrito,1
2022-03-30,No suscrito,1
2022-03-31,No suscrito,11
2022-04-01,No suscrito,5
2022-04-02,No suscrito,4
2022-04-03,No suscrito,1
2022-04-04,No suscrito,1
2022-04-05,No suscrito,1
2022-04-06,No suscrito,6
2022-04-07,No suscrito,3
2022-04-08,No suscrito,0
2022-04-09,No suscrito,1
2022-04-10,No suscrito,1
2022-04-11,No suscrito,4
2022-04-12,No suscrito,6
2022-04-13,No suscrito,0
2022-04-14,No suscrito,0
2022-04-15,No suscrito,0
2022-04-16,No suscrito,0
2022-04-17,No suscrito,2
2022-04-18,No suscrito,3
2022-04-19,No suscrito,0
2022-04-20,No suscrito,1
2022-04-21,No suscrito,2
2022-04-22,No suscrito,0
2022-04-23,No suscrito,0
2022-04-24,No suscrito,0
2022-04-25,No suscrito,0
2022-04-26,No suscrito,0
2022-04-27,No suscrito,0
2022-04-28,No suscrito,1
2022-04-29,No suscrito,0
2022-04-30,No suscrito,0
2022-05-01,No suscrito,1
2022-05-02,No suscrito,1
2022-05-03,No suscrito,1
2022-05-04,No suscrito,0
2022-05-05,No suscrito,2
2022-05-06,No suscrito,0
2022-05-07,No suscrito,2
2022-05-08,No suscrito,1
2022-05-09,No suscrito,1
2022-05-10,No suscrito,0
2022-05-11,No suscrito,2
2022-05-12,No suscrito,3
2022-05-13,No suscrito,1
2022-05-14,No suscrito,1
2022-05-15,No suscrito,1
2022-05-16,No suscrito,0
2022-05-17,No suscrito,2
2022-05-18,No suscrito,0
2022-05-19,No suscrito,4
2022-05-20,No suscrito,4
2022-05-21,No suscrito,1
2022-05-22,No suscrito,4
2022-05-23,No suscrito,2
2022-05-24,No suscrito,3
2022-05-25,No suscrito,2
2022-05-26,No suscrito,0
2022-05-27,No suscrito,0
2022-05-28,No suscrito,0
2022-05-29,No suscrito,0
2022-05-30,No suscrito,2
2022-05-31,No suscrito,2
2022-06-01,No suscrito,4
2022-06-02,No suscrito,0
2022-06-03,No suscrito,0
2022-06-04,No suscrito,0
2022-06-05,No suscrito,0
2022-06-06,No suscrito,2
2022-06-07,No suscrito,2
2022-06-08,No suscrito,2
2022-06-09,No suscrito,0
2022-06-10,No suscrito,2
2022-06-11,No suscrito,1
2022-06-12,No suscrito,2
2022-06-13,No suscrito,1
2022-06-14,No suscrito,4
2022-06-15,No suscrito,0
2022-06-16,No suscrito,1
2022-06-17,No suscrito,3
2022-06-18,No suscrito,1
2022-06-19,No suscrito,1
2022-06-20,No suscrito,0
2022-06-21,No suscrito,2
2022-06-22,No suscrito,0
2022-06-23,No suscrito,4
2022-06-24,No suscrito,1
2022-06-25,No suscrito,1
2022-06-26,No suscrito,0
2022-06-27,No suscrito,0
2022-06-28,No suscrito,1
2022-06-29,No suscrito,2
2022-06-30,No suscrito,1
2022-07-01,No suscrito,1
2022-07-02,No suscrito,1
2022-07-03,No suscrito,0
2022-07-04,No suscrito,2
2022-07-05,No suscrito,0
2022-07-06,No suscrito,0
2022-07-07,No suscrito,1
2022-07-08,No suscrito,0
2022-07-09,No suscrito,0
2022-07-10,No suscrito,4
2022-07-11,No suscrito,1
2022-07-12,No suscrito,4
2022-07-13,No suscrito,2
2022-07-14,No suscrito,1
2022-07-15,No suscrito,1
2022-07-16,No suscrito,5
2022-07-17,No suscrito,0
2022-07-18,No suscrito,0
2022-07-19,No suscrito,2
2022-07-20,No suscrito,3
2022-07-21,No suscrito,0
2022-07-22,No suscrito,0
2022-07-23,No suscrito,0
2022-07-24,No suscrito,0
2022-07-25,No suscrito,1
2022-07-26,No suscrito,2
2022-07-27,No suscrito,0
2022-07-28,No suscrito,3
2022-07-29,No suscrito,0
2022-07-30,No suscrito,1
2022-07-31,No suscrito,4
2022-08-01,No suscrito,3
2022-08-02,No suscrito,1
2022-08-03,No suscrito,0
2022-08-04,No suscrito,0
2022-08-05,No suscrito,4
2022-08-06,No suscrito,0
2022-08-07,No suscrito,0
2022-08-08,No suscrito,1
2022-08-09,No suscrito,3
2022-08-10,No suscrito,2
2022-08-11,No suscrito,8
2022-08-12,No suscrito,3
2022-08-13,No suscrito,1
2022-08-14,No suscrito,0
2022-08-15,No suscrito,2
2022-08-16,No suscrito,1
2022-08-17,No suscrito,1
2022-08-18,No suscrito,2
2022-08-19,No suscrito,4
2022-08-20,No suscrito,1
2022-08-21,No suscrito,0
2022-08-22,No suscrito,2
2022-08-23,No suscrito,2
2022-08-24,No suscrito,5
2022-08-25,No suscrito,2
2022-08-26,No suscrito,1
2022-08-27,No suscrito,0
2022-08-28,No suscrito,0
2022-08-29,No suscrito,0
2022-08-30,No suscrito,2
2022-08-31,No suscrito,1
2022-09-01,No suscrito,1
2022-09-02,No suscrito,1
2022-09-03,No suscrito,0
2022-09-04,No suscrito,2
2022-09-05,No suscrito,3
2022-09-06,No suscrito,0
2022-09-07,No suscrito,0
2022-09-08,No suscrito,1
2022-09-09,No suscrito,2
2022-09-10,No suscrito,0
2022-09-11,No suscrito,1
2022-09-12,No suscrito,0
2022-09-13,No suscrito,0
2022-09-14,No suscrito,0
2022-09-15,No suscrito,3
2022-09-16,No suscrito,0
2022-09-17,No suscrito,1
2022-09-18,No suscrito,0
2022-09-19,No suscrito,0
2022-09-20,No suscrito,1
2022-09-21,No suscrito,1
2022-09-22,No suscrito,3
2022-09-23,No suscrito,1
2022-09-24,No suscrito,1
2022-09-25,No suscrito,0
2022-09-26,No suscrito,1
2022-09-27,No suscrito,0
2022-09-28,No suscrito,1
2022-09-29,No suscrito,0
2022-09-30,No suscrito,1
2022-10-01,No suscrito,0
2022-10-02,No suscrito,0
2022-10-03,No suscrito,3
2022-10-04,No suscrito,2
2022-10-05,No suscrito,0
2022-10-06,No suscrito,2
2022-10-07,No suscrito,0
2022-10-08,No suscrito,0
2022-10-09,No suscrito,0
2022-10-10,No suscrito,0
2022-10-11,No suscrito,0
2022-10-12,No suscrito,0
2022-10-13,No suscrito,2
2022-10-14,No suscrito,2
2022-10-15,No suscrito,0
2022-10-16,No suscrito,0
2022-10-17,No suscrito,1
2022-10-18,No suscrito,2
2022-10-19,No suscrito,0
2022-10-20,No suscrito,1
2022-10-21,No suscrito,3
2022-10-22,No suscrito,0
2022-10-23,No suscrito,2
2022-10-24,No suscrito,2
2022-10-25,No suscrito,3
2022-10-26,No suscrito,0
2022-10-27,No suscrito,0
2022-10-28,No suscrito,2
2022-10-29,No suscrito,1
2022-10-30,No suscrito,1
