Fuente de tráfico,Visualizaciones,Tiempo de visualización (horas),Duración media de las visualizaciones,Impresiones,Porcentaje de clics de las impresiones (%)
Total,3843,207.2046,0:03:14,102517,1.78
Funciones de exploración,2087,95.7183,0:02:45,70874,1.34
Búsqueda de YouTube,548,39.9127,0:04:22,11859,3.65
Páginas de canal,458,24.2171,0:03:10,11305,1.99
Vídeos sugeridos,233,19.5515,0:05:02,4891,3.48
Notificaciones,144,8.1758,0:03:24,,
Fuentes externas,108,3.9201,0:02:10,,
Directa o desconocida,101,5.5157,0:03:16,,
Otras funciones de YouTube,58,4.4196,0:04:34,,
Listas de reproducción,47,1.9368,0:02:28,2141,1.49
Pantallas finales,41,2.6334,0:03:51,,
Página de lista de reproducción,16,1.1978,0:04:29,1447,0.97
Tarjetas de vídeo y anotaciones,2,0.0058,0:00:10,,
