Fuente de tráfico,Visualizaciones,Tiempo de visualización (horas),Duración media de las visualizaciones,Impresiones,Porcentaje de clics de las impresiones (%)
Total,1219,33.6398,0:01:39,42576,1.17
Funciones de exploración,692,17.8522,0:01:32,30148,1.08
Páginas de canal,150,4.9936,0:01:59,7335,1.4
Notificaciones,149,3.5627,0:01:26,,
Directa o desconocida,51,0.6383,0:00:45,,
Búsqueda de YouTube,47,1.5085,0:01:55,773,4.14
Listas de reproducción,33,0.7601,0:01:22,2187,0.73
Vídeos sugeridos,31,0.8881,0:01:43,970,1.44
Fuentes externas,27,1.2641,0:02:48,,
Pantallas finales,16,0.8478,0:03:10,,
Otras funciones de YouTube,13,0.833,0:03:50,,
Página de lista de reproducción,10,0.4914,0:02:56,1163,0.77
