Fuente de tráfico,Visualizaciones,Tiempo de visualización (horas),Duración media de las visualizaciones,Impresiones,Porcentaje de clics de las impresiones (%)
Total,2344,95.3512,0:02:26,33250,4.18
Búsqueda de YouTube,1420,56.4308,0:02:23,10531,11.04
Fuentes externas,249,8.7948,0:02:07,,
Funciones de exploración,223,8.6151,0:02:19,11710,0.79
Notificaciones,167,7.7885,0:02:47,,
Páginas de canal,86,3.8821,0:02:42,7558,0.82
Directa o desconocida,67,1.6197,0:01:27,,
Listas de reproducción,62,2.9958,0:02:53,1498,2.6
Vídeos sugeridos,30,2.2015,0:04:24,1148,1.57
Página de lista de reproducción,18,1.2299,0:04:05,805,2.11
Otras funciones de YouTube,16,1.6853,0:06:19,,
Pantallas finales,6,0.1075,0:01:04,,
