Fuente de tráfico,Visualizaciones,Tiempo de visualización (horas),Duración media de las visualizaciones,Impresiones,Porcentaje de clics de las impresiones (%)
Total,1796,89.6495,0:02:59,71595,1
Funciones de exploración,1223,54.7533,0:02:41,56576,0.91
Notificaciones,157,8.8254,0:03:22,,
Páginas de canal,119,9.4258,0:04:45,9502,1
Fuentes externas,91,2.5895,0:01:42,,
Vídeos sugeridos,87,6.3843,0:04:24,2915,2.06
Búsqueda de YouTube,39,2.6711,0:04:06,705,4.54
Directa o desconocida,30,0.9911,0:01:58,,
Listas de reproducción,18,1.1293,0:03:45,1347,0.82
Otras funciones de YouTube,15,1.117,0:04:28,,
Pantallas finales,9,1.0707,0:07:08,,
Página de lista de reproducción,8,0.6922,0:05:11,550,1.09
