Fuente de tráfico,Visualizaciones,Tiempo de visualización (horas),Duración media de las visualizaciones,Impresiones,Porcentaje de clics de las impresiones (%)
Total,4248,391.6548,0:05:31,91698,2.45
Funciones de exploración,2135,168.3111,0:04:43,59573,1.87
Vídeos sugeridos,942,114.4635,0:07:17,16078,4.34
Búsqueda de YouTube,295,24.6686,0:05:01,4167,5.06
Páginas de canal,230,28.1632,0:07:20,9243,2.06
Directa o desconocida,187,13.1214,0:04:12,,
Notificaciones,171,14.4678,0:05:04,,
Otras funciones de YouTube,96,10.6934,0:06:41,,
Fuentes externas,93,7.2171,0:04:39,,
Listas de reproducción,45,3.4146,0:04:33,1503,1.33
Pantallas finales,32,5.1412,0:09:38,,
Página de lista de reproducción,19,1.9069,0:06:01,1134,1.41
Tarjetas de vídeo y anotaciones,3,0.086,0:01:43,,
