Fuente de tráfico,Visualizaciones,Tiempo de visualización (horas),Duración media de las visualizaciones,Impresiones,Porcentaje de clics de las impresiones (%)
Total,466,14.0877,0:01:48,19441,1.44
Funciones de exploración,252,6.7752,0:01:36,13046,1.59
Notificaciones,124,4.1084,0:01:59,,
Páginas de canal,40,1.4895,0:02:14,5100,0.65
Búsqueda de YouTube,38,1.2391,0:01:57,908,3.96
Vídeos sugeridos,4,0.0579,0:00:52,378,0.53
Directa o desconocida,3,0.1108,0:02:12,,
Fuentes externas,2,0.1792,0:05:22,,
Listas de reproducción,2,0.0384,0:01:09,8,12.5
Otras funciones de YouTube,1,0.0893,0:05:21,,
Página de lista de reproducción,,,,1,0
