Fuente de tráfico,Visualizaciones,Tiempo de visualización (horas),Duración media de las visualizaciones,Impresiones,Porcentaje de clics de las impresiones (%)
Total,2699,242.7542,0:05:23,80750,1.6
Funciones de exploración,1269,73.9303,0:03:29,55591,0.95
Búsqueda de YouTube,516,58.908,0:06:50,10221,4.17
Vídeos sugeridos,304,41.6727,0:08:13,7359,2.66
Notificaciones,159,14.646,0:05:31,,
Páginas de canal,147,18.3476,0:07:29,6227,1.89
Fuentes externas,116,8.8801,0:04:35,,
Directa o desconocida,102,10.1851,0:05:59,,
Otras funciones de YouTube,37,5.2765,0:08:33,,
Listas de reproducción,24,5.1866,0:12:57,691,1.45
Página de lista de reproducción,13,2.4587,0:11:20,661,1.66
Pantallas finales,12,3.2625,0:16:18,,
