Fuente de tráfico,Visualizaciones,Tiempo de visualización (horas),Duración media de las visualizaciones,Impresiones,Porcentaje de clics de las impresiones (%)
Total,1392,59.9538,0:02:35,71375,0.82
Funciones de exploración,911,34.733,0:02:17,55123,0.72
Notificaciones,134,5.4283,0:02:25,,
Páginas de canal,117,6.4749,0:03:19,9752,0.99
Vídeos sugeridos,60,3.643,0:03:38,2738,1.39
Búsqueda de YouTube,48,2.7088,0:03:23,1426,2.1
Fuentes externas,40,2.0609,0:03:05,,
Listas de reproducción,29,1.0306,0:02:07,1585,1.32
Directa o desconocida,24,1.2516,0:03:07,,
Otras funciones de YouTube,16,1.6449,0:06:10,,
Pantallas finales,8,0.736,0:05:31,,
Página de lista de reproducción,5,0.2417,0:02:54,751,0.53
