Fuente de tráfico,Visualizaciones,Tiempo de visualización (horas),Duración media de las visualizaciones,Impresiones,Porcentaje de clics de las impresiones (%)
Total,2821,160.71,0:03:25,118468,1.08
Funciones de exploración,1833,86.5465,0:02:49,98371,0.87
Vídeos sugeridos,270,20.6522,0:04:35,5655,3.36
Páginas de canal,199,16.0707,0:04:50,9999,1.39
Notificaciones,165,10.7673,0:03:54,,
Fuentes externas,119,8.0177,0:04:02,,
Búsqueda de YouTube,81,6.2495,0:04:37,2046,3.37
Directa o desconocida,57,2.4137,0:02:32,,
Listas de reproducción,35,2.8529,0:04:53,1626,1.17
Pantallas finales,27,3.7797,0:08:23,,
Otras funciones de YouTube,25,2.1089,0:05:03,,
Tarjetas de vídeo y anotaciones,5,0.1147,0:01:22,,
Página de lista de reproducción,5,1.1362,0:13:38,771,0.39
