Fuente de tráfico,Visualizaciones,Tiempo de visualización (horas),Duración media de las visualizaciones,Impresiones,Porcentaje de clics de las impresiones (%)
Total,1005,7.1678,0:00:25,21923,1.81
Búsqueda de YouTube,526,3.6629,0:00:25,8639,2.94
Feed de Shorts,143,0.9536,0:00:24,,
Funciones de exploración,138,1.0562,0:00:27,5339,1.09
Páginas de canal,86,0.6959,0:00:29,5714,0.65
Notificaciones,37,0.3294,0:00:32,,
Vídeos sugeridos,34,0.2482,0:00:26,2031,1.53
Listas de reproducción,24,0.1699,0:00:25,107,13.08
Otras funciones de YouTube,6,0.009,0:00:05,,
Fuentes externas,5,0.0233,0:00:16,,
Página de lista de reproducción,3,0.0134,0:00:16,93,3.23
Directa o desconocida,2,0.0018,0:00:03,,
Pantallas finales,1,0.0041,0:00:14,,
