Fecha,Ciudades,Nombre de la ciudad,Visualizaciones
2022-04-14,0x8f71560dd907880b:0x6c5ef4a2144f4c6a,Managua,0
2022-04-15,0x8f71560dd907880b:0x6c5ef4a2144f4c6a,Managua,0
2022-04-16,0x8f71560dd907880b:0x6c5ef4a2144f4c6a,Managua,0
2022-04-17,0x8f71560dd907880b:0x6c5ef4a2144f4c6a,Managua,0
2022-04-18,0x8f71560dd907880b:0x6c5ef4a2144f4c6a,Managua,41
2022-04-19,0x8f71560dd907880b:0x6c5ef4a2144f4c6a,Managua,0
2022-04-20,0x8f71560dd907880b:0x6c5ef4a2144f4c6a,Managua,0
2022-04-21,0x8f71560dd907880b:0x6c5ef4a2144f4c6a,Managua,0
2022-04-22,0x8f71560dd907880b:0x6c5ef4a2144f4c6a,Managua,0
2022-04-23,0x8f71560dd907880b:0x6c5ef4a2144f4c6a,Managua,0
2022-04-24,0x8f71560dd907880b:0x6c5ef4a2144f4c6a,Managua,0
2022-04-25,0x8f71560dd907880b:0x6c5ef4a2144f4c6a,Managua,0
2022-04-26,0x8f71560dd907880b:0x6c5ef4a2144f4c6a,Managua,0
2022-04-27,0x8f71560dd907880b:0x6c5ef4a2144f4c6a,Managua,0
2022-04-28,0x8f71560dd907880b:0x6c5ef4a2144f4c6a,Managua,0
2022-04-29,0x8f71560dd907880b:0x6c5ef4a2144f4c6a,Managua,0
2022-04-30,0x8f71560dd907880b:0x6c5ef4a2144f4c6a,Managua,0
2022-05-01,0x8f71560dd907880b:0x6c5ef4a2144f4c6a,Managua,0
2022-05-02,0x8f71560dd907880b:0x6c5ef4a2144f4c6a,Managua,0
2022-05-03,0x8f71560dd907880b:0x6c5ef4a2144f4c6a,Managua,0
2022-05-04,0x8f71560dd907880b:0x6c5ef4a2144f4c6a,Managua,0
2022-05-05,0x8f71560dd907880b:0x6c5ef4a2144f4c6a,Managua,0
2022-05-06,0x8f71560dd907880b:0x6c5ef4a2144f4c6a,Managua,0
2022-05-07,0x8f71560dd907880b:0x6c5ef4a2144f4c6a,Managua,0
2022-05-08,0x8f71560dd907880b:0x6c5ef4a2144f4c6a,Managua,0
2022-05-09,0x8f71560dd907880b:0x6c5ef4a2144f4c6a,Managua,0
2022-05-10,0x8f71560dd907880b:0x6c5ef4a2144f4c6a,Managua,0
2022-05-11,0x8f71560dd907880b:0x6c5ef4a2144f4c6a,Managua,0
2022-05-12,0x8f71560dd907880b:0x6c5ef4a2144f4c6a,Managua,0
2022-05-13,0x8f71560dd907880b:0x6c5ef4a2144f4c6a,Managua,0
2022-05-14,0x8f71560dd907880b:0x6c5ef4a2144f4c6a,Managua,0
2022-05-15,0x8f71560dd907880b:0x6c5ef4a2144f4c6a,Managua,0
2022-05-16,0x8f71560dd907880b:0x6c5ef4a2144f4c6a,Managua,0
2022-05-17,0x8f71560dd907880b:0x6c5ef4a2144f4c6a,Managua,0
2022-05-18,0x8f71560dd907880b:0x6c5ef4a2144f4c6a,Managua,0
2022-05-19,0x8f71560dd907880b:0x6c5ef4a2144f4c6a,Managua,0
2022-05-20,0x8f71560dd907880b:0x6c5ef4a2144f4c6a,Managua,0
2022-05-21,0x8f71560dd907880b:0x6c5ef4a2144f4c6a,Managua,0
2022-05-22,0x8f71560dd907880b:0x6c5ef4a2144f4c6a,Managua,0
2022-05-23,0x8f71560dd907880b:0x6c5ef4a2144f4c6a,Managua,0
2022-05-24,0x8f71560dd907880b:0x6c5ef4a2144f4c6a,Managua,0
2022-05-25,0x8f71560dd907880b:0x6c5ef4a2144f4c6a,Managua,0
2022-05-26,0x8f71560dd907880b:0x6c5ef4a2144f4c6a,Managua,0
2022-05-27,0x8f71560dd907880b:0x6c5ef4a2144f4c6a,Managua,0
2022-05-28,0x8f71560dd907880b:0x6c5ef4a2144f4c6a,Managua,0
2022-05-29,0x8f71560dd907880b:0x6c5ef4a2144f4c6a,Managua,0
2022-05-30,0x8f71560dd907880b:0x6c5ef4a2144f4c6a,Managua,0
2022-05-31,0x8f71560dd907880b:0x6c5ef4a2144f4c6a,Managua,0
2022-06-01,0x8f71560dd907880b:0x6c5ef4a2144f4c6a,Managua,0
2022-06-02,0x8f71560dd907880b:0x6c5ef4a2144f4c6a,Managua,0
2022-06-03,0x8f71560dd907880b:0x6c5ef4a2144f4c6a,Managua,0
2022-06-04,0x8f71560dd907880b:0x6c5ef4a2144f4c6a,Managua,0
2022-06-05,0x8f71560dd907880b:0x6c5ef4a2144f4c6a,Managua,0
2022-06-06,0x8f71560dd907880b:0x6c5ef4a2144f4c6a,Managua,0
2022-06-07,0x8f71560dd907880b:0x6c5ef4a2144f4c6a,Managua,0
2022-06-08,0x8f71560dd907880b:0x6c5ef4a2144f4c6a,Managua,0
2022-06-09,0x8f71560dd907880b:0x6c5ef4a2144f4c6a,Managua,0
2022-06-10,0x8f71560dd907880b:0x6c5ef4a2144f4c6a,Managua,0
2022-06-11,0x8f71560dd907880b:0x6c5ef4a2144f4c6a,Managua,0
2022-06-12,0x8f71560dd907880b:0x6c5ef4a2144f4c6a,Managua,0
2022-06-13,0x8f71560dd907880b:0x6c5ef4a2144f4c6a,Managua,0
2022-06-14,0x8f71560dd907880b:0x6c5ef4a2144f4c6a,Managua,0
2022-06-15,0x8f71560dd907880b:0x6c5ef4a2144f4c6a,Managua,0
2022-06-16,0x8f71560dd907880b:0x6c5ef4a2144f4c6a,Managua,0
2022-06-17,0x8f71560dd907880b:0x6c5ef4a2144f4c6a,Managua,0
2022-06-18,0x8f71560dd907880b:0x6c5ef4a2144f4c6a,Managua,0
2022-06-19,0x8f71560dd907880b:0x6c5ef4a2144f4c6a,Managua,0
2022-06-20,0x8f71560dd907880b:0x6c5ef4a2144f4c6a,Managua,0
2022-06-21,0x8f71560dd907880b:0x6c5ef4a2144f4c6a,Managua,0
2022-06-22,0x8f71560dd907880b:0x6c5ef4a2144f4c6a,Managua,0
2022-06-23,0x8f71560dd907880b:0x6c5ef4a2144f4c6a,Managua,0
2022-06-24,0x8f71560dd907880b:0x6c5ef4a2144f4c6a,Managua,0
2022-06-25,0x8f71560dd907880b:0x6c5ef4a2144f4c6a,Managua,0
2022-06-26,0x8f71560dd907880b:0x6c5ef4a2144f4c6a,Managua,0
2022-06-27,0x8f71560dd907880b:0x6c5ef4a2144f4c6a,Managua,0
2022-06-28,0x8f71560dd907880b:0x6c5ef4a2144f4c6a,Managua,0
2022-06-29,0x8f71560dd907880b:0x6c5ef4a2144f4c6a,Managua,0
2022-06-30,0x8f71560dd907880b:0x6c5ef4a2144f4c6a,Managua,0
2022-07-01,0x8f71560dd907880b:0x6c5ef4a2144f4c6a,Managua,0
2022-07-02,0x8f71560dd907880b:0x6c5ef4a2144f4c6a,Managua,0
2022-07-03,0x8f71560dd907880b:0x6c5ef4a2144f4c6a,Managua,0
2022-07-04,0x8f71560dd907880b:0x6c5ef4a2144f4c6a,Managua,0
2022-07-05,0x8f71560dd907880b:0x6c5ef4a2144f4c6a,Managua,0
2022-07-06,0x8f71560dd907880b:0x6c5ef4a2144f4c6a,Managua,0
2022-07-07,0x8f71560dd907880b:0x6c5ef4a2144f4c6a,Managua,0
2022-07-08,0x8f71560dd907880b:0x6c5ef4a2144f4c6a,Managua,0
2022-07-09,0x8f71560dd907880b:0x6c5ef4a2144f4c6a,Managua,0
2022-07-10,0x8f71560dd907880b:0x6c5ef4a2144f4c6a,Managua,0
2022-07-11,0x8f71560dd907880b:0x6c5ef4a2144f4c6a,Managua,0
2022-07-12,0x8f71560dd907880b:0x6c5ef4a2144f4c6a,Managua,0
2022-07-13,0x8f71560dd907880b:0x6c5ef4a2144f4c6a,Managua,0
2022-07-14,0x8f71560dd907880b:0x6c5ef4a2144f4c6a,Managua,0
2022-07-15,0x8f71560dd907880b:0x6c5ef4a2144f4c6a,Managua,0
2022-07-16,0x8f71560dd907880b:0x6c5ef4a2144f4c6a,Managua,0
2022-07-17,0x8f71560dd907880b:0x6c5ef4a2144f4c6a,Managua,0
2022-07-18,0x8f71560dd907880b:0x6c5ef4a2144f4c6a,Managua,0
2022-07-19,0x8f71560dd907880b:0x6c5ef4a2144f4c6a,Managua,0
2022-07-20,0x8f71560dd907880b:0x6c5ef4a2144f4c6a,Managua,0
2022-07-21,0x8f71560dd907880b:0x6c5ef4a2144f4c6a,Managua,0
2022-07-22,0x8f71560dd907880b:0x6c5ef4a2144f4c6a,Managua,0
2022-07-23,0x8f71560dd907880b:0x6c5ef4a2144f4c6a,Managua,0
2022-07-24,0x8f71560dd907880b:0x6c5ef4a2144f4c6a,Managua,0
2022-07-25,0x8f71560dd907880b:0x6c5ef4a2144f4c6a,Managua,0
2022-07-26,0x8f71560dd907880b:0x6c5ef4a2144f4c6a,Managua,0
2022-07-27,0x8f71560dd907880b:0x6c5ef4a2144f4c6a,Managua,0
2022-07-28,0x8f71560dd907880b:0x6c5ef4a2144f4c6a,Managua,0
2022-07-29,0x8f71560dd907880b:0x6c5ef4a2144f4c6a,Managua,0
2022-07-30,0x8f71560dd907880b:0x6c5ef4a2144f4c6a,Managua,0
2022-07-31,0x8f71560dd907880b:0x6c5ef4a2144f4c6a,Managua,0
2022-08-01,0x8f71560dd907880b:0x6c5ef4a2144f4c6a,Managua,0
2022-08-02,0x8f71560dd907880b:0x6c5ef4a2144f4c6a,Managua,0
2022-08-03,0x8f71560dd907880b:0x6c5ef4a2144f4c6a,Managua,0
2022-08-04,0x8f71560dd907880b:0x6c5ef4a2144f4c6a,Managua,0
2022-08-05,0x8f71560dd907880b:0x6c5ef4a2144f4c6a,Managua,0
2022-08-06,0x8f71560dd907880b:0x6c5ef4a2144f4c6a,Managua,0
2022-08-07,0x8f71560dd907880b:0x6c5ef4a2144f4c6a,Managua,0
2022-08-08,0x8f71560dd907880b:0x6c5ef4a2144f4c6a,Managua,0
2022-08-09,0x8f71560dd907880b:0x6c5ef4a2144f4c6a,Managua,0
2022-08-10,0x8f71560dd907880b:0x6c5ef4a2144f4c6a,Managua,0
2022-08-11,0x8f71560dd907880b:0x6c5ef4a2144f4c6a,Managua,0
2022-08-12,0x8f71560dd907880b:0x6c5ef4a2144f4c6a,Managua,0
2022-08-13,0x8f71560dd907880b:0x6c5ef4a2144f4c6a,Managua,0
2022-08-14,0x8f71560dd907880b:0x6c5ef4a2144f4c6a,Managua,0
2022-08-15,0x8f71560dd907880b:0x6c5ef4a2144f4c6a,Managua,0
2022-08-16,0x8f71560dd907880b:0x6c5ef4a2144f4c6a,Managua,0
2022-08-17,0x8f71560dd907880b:0x6c5ef4a2144f4c6a,Managua,0
2022-08-18,0x8f71560dd907880b:0x6c5ef4a2144f4c6a,Managua,0
2022-08-19,0x8f71560dd907880b:0x6c5ef4a2144f4c6a,Managua,0
2022-08-20,0x8f71560dd907880b:0x6c5ef4a2144f4c6a,Managua,0
2022-08-21,0x8f71560dd907880b:0x6c5ef4a2144f4c6a,Managua,0
2022-08-22,0x8f71560dd907880b:0x6c5ef4a2144f4c6a,Managua,0
2022-08-23,0x8f71560dd907880b:0x6c5ef4a2144f4c6a,Managua,0
2022-08-24,0x8f71560dd907880b:0x6c5ef4a2144f4c6a,Managua,0
2022-08-25,0x8f71560dd907880b:0x6c5ef4a2144f4c6a,Managua,0
2022-08-26,0x8f71560dd907880b:0x6c5ef4a2144f4c6a,Managua,0
2022-08-27,0x8f71560dd907880b:0x6c5ef4a2144f4c6a,Managua,0
2022-08-28,0x8f71560dd907880b:0x6c5ef4a2144f4c6a,Managua,0
2022-08-29,0x8f71560dd907880b:0x6c5ef4a2144f4c6a,Managua,0
2022-08-30,0x8f71560dd907880b:0x6c5ef4a2144f4c6a,Managua,0
2022-08-31,0x8f71560dd907880b:0x6c5ef4a2144f4c6a,Managua,0
2022-09-01,0x8f71560dd907880b:0x6c5ef4a2144f4c6a,Managua,0
2022-09-02,0x8f71560dd907880b:0x6c5ef4a2144f4c6a,Managua,0
2022-09-03,0x8f71560dd907880b:0x6c5ef4a2144f4c6a,Managua,0
2022-09-04,0x8f71560dd907880b:0x6c5ef4a2144f4c6a,Managua,0
2022-09-05,0x8f71560dd907880b:0x6c5ef4a2144f4c6a,Managua,0
2022-09-06,0x8f71560dd907880b:0x6c5ef4a2144f4c6a,Managua,0
2022-09-07,0x8f71560dd907880b:0x6c5ef4a2144f4c6a,Managua,0
2022-09-08,0x8f71560dd907880b:0x6c5ef4a2144f4c6a,Managua,0
2022-09-09,0x8f71560dd907880b:0x6c5ef4a2144f4c6a,Managua,0
2022-09-10,0x8f71560dd907880b:0x6c5ef4a2144f4c6a,Managua,0
2022-09-11,0x8f71560dd907880b:0x6c5ef4a2144f4c6a,Managua,0
2022-09-12,0x8f71560dd907880b:0x6c5ef4a2144f4c6a,Managua,0
2022-09-13,0x8f71560dd907880b:0x6c5ef4a2144f4c6a,Managua,0
2022-09-14,0x8f71560dd907880b:0x6c5ef4a2144f4c6a,Managua,0
2022-09-15,0x8f71560dd907880b:0x6c5ef4a2144f4c6a,Managua,0
2022-09-16,0x8f71560dd907880b:0x6c5ef4a2144f4c6a,Managua,0
2022-09-17,0x8f71560dd907880b:0x6c5ef4a2144f4c6a,Managua,0
2022-09-18,0x8f71560dd907880b:0x6c5ef4a2144f4c6a,Managua,0
2022-09-19,0x8f71560dd907880b:0x6c5ef4a2144f4c6a,Managua,0
2022-09-20,0x8f71560dd907880b:0x6c5ef4a2144f4c6a,Managua,0
2022-09-21,0x8f71560dd907880b:0x6c5ef4a2144f4c6a,Managua,0
2022-09-22,0x8f71560dd907880b:0x6c5ef4a2144f4c6a,Managua,0
2022-09-23,0x8f71560dd907880b:0x6c5ef4a2144f4c6a,Managua,0
2022-09-24,0x8f71560dd907880b:0x6c5ef4a2144f4c6a,Managua,0
2022-09-25,0x8f71560dd907880b:0x6c5ef4a2144f4c6a,Managua,0
2022-09-26,0x8f71560dd907880b:0x6c5ef4a2144f4c6a,Managua,0
2022-09-27,0x8f71560dd907880b:0x6c5ef4a2144f4c6a,Managua,0
2022-09-28,0x8f71560dd907880b:0x6c5ef4a2144f4c6a,Managua,0
2022-09-29,0x8f71560dd907880b:0x6c5ef4a2144f4c6a,Managua,0
2022-09-30,0x8f71560dd907880b:0x6c5ef4a2144f4c6a,Managua,0
2022-10-01,0x8f71560dd907880b:0x6c5ef4a2144f4c6a,Managua,0
2022-10-02,0x8f71560dd907880b:0x6c5ef4a2144f4c6a,Managua,0
2022-10-03,0x8f71560dd907880b:0x6c5ef4a2144f4c6a,Managua,0
2022-10-04,0x8f71560dd907880b:0x6c5ef4a2144f4c6a,Managua,0
2022-10-05,0x8f71560dd907880b:0x6c5ef4a2144f4c6a,Managua,0
2022-10-06,0x8f71560dd907880b:0x6c5ef4a2144f4c6a,Managua,0
2022-10-07,0x8f71560dd907880b:0x6c5ef4a2144f4c6a,Managua,0
2022-10-08,0x8f71560dd907880b:0x6c5ef4a2144f4c6a,Managua,0
2022-10-09,0x8f71560dd907880b:0x6c5ef4a2144f4c6a,Managua,0
2022-10-10,0x8f71560dd907880b:0x6c5ef4a2144f4c6a,Managua,0
2022-10-11,0x8f71560dd907880b:0x6c5ef4a2144f4c6a,Managua,0
2022-10-12,0x8f71560dd907880b:0x6c5ef4a2144f4c6a,Managua,0
2022-10-13,0x8f71560dd907880b:0x6c5ef4a2144f4c6a,Managua,0
2022-10-14,0x8f71560dd907880b:0x6c5ef4a2144f4c6a,Managua,0
2022-10-15,0x8f71560dd907880b:0x6c5ef4a2144f4c6a,Managua,0
2022-10-16,0x8f71560dd907880b:0x6c5ef4a2144f4c6a,Managua,0
2022-10-17,0x8f71560dd907880b:0x6c5ef4a2144f4c6a,Managua,0
2022-10-18,0x8f71560dd907880b:0x6c5ef4a2144f4c6a,Managua,0
2022-10-19,0x8f71560dd907880b:0x6c5ef4a2144f4c6a,Managua,0
2022-10-20,0x8f71560dd907880b:0x6c5ef4a2144f4c6a,Managua,0
2022-10-21,0x8f71560dd907880b:0x6c5ef4a2144f4c6a,Managua,0
2022-10-22,0x8f71560dd907880b:0x6c5ef4a2144f4c6a,Managua,0
2022-10-23,0x8f71560dd907880b:0x6c5ef4a2144f4c6a,Managua,0
2022-10-24,0x8f71560dd907880b:0x6c5ef4a2144f4c6a,Managua,0
2022-10-25,0x8f71560dd907880b:0x6c5ef4a2144f4c6a,Managua,0
2022-10-26,0x8f71560dd907880b:0x6c5ef4a2144f4c6a,Managua,0
2022-10-27,0x8f71560dd907880b:0x6c5ef4a2144f4c6a,Managua,0
2022-10-28,0x8f71560dd907880b:0x6c5ef4a2144f4c6a,Managua,0
2022-10-29,0x8f71560dd907880b:0x6c5ef4a2144f4c6a,Managua,0
