Fuente de tráfico,Visualizaciones,Tiempo de visualización (horas),Duración media de las visualizaciones,Impresiones,Porcentaje de clics de las impresiones (%)
Total,864,8.4556,0:00:35,26379,1.3
Feed de Shorts,254,2.8766,0:00:40,,
Funciones de exploración,162,1.4344,0:00:31,10644,0.76
Búsqueda de YouTube,140,1.0442,0:00:26,2795,2.61
Vídeos sugeridos,138,1.5567,0:00:40,6045,2.07
Páginas de canal,93,0.7663,0:00:29,6677,0.84
Notificaciones,52,0.6444,0:00:44,,
Listas de reproducción,12,0.0638,0:00:19,108,5.56
Fuentes externas,6,0.0345,0:00:20,,
Directa o desconocida,3,0.0145,0:00:17,,
Otras funciones de YouTube,3,0.0198,0:00:23,,
Página de lista de reproducción,1,0.0005,0:00:01,110,0.91
