Fuente de tráfico,Visualizaciones,Tiempo de visualización (horas),Duración media de las visualizaciones,Impresiones,Porcentaje de clics de las impresiones (%)
Total,292,2.0601,0:00:25,16149,0.44
Funciones de exploración,110,0.8944,0:00:29,9647,0.47
Feed de Shorts,77,0.248,0:00:11,,
Páginas de canal,47,0.4126,0:00:31,4991,0.2
Búsqueda de YouTube,19,0.0793,0:00:15,697,0.72
Listas de reproducción,11,0.1445,0:00:47,133,3.01
Vídeos sugeridos,10,0.0928,0:00:33,554,1.08
Notificaciones,9,0.1184,0:00:47,,
Directa o desconocida,3,0.0222,0:00:26,,
Otras funciones de YouTube,3,0.0037,0:00:04,,
Fuentes externas,1,0.0095,0:00:34,,
Página de lista de reproducción,1,0.016,0:00:57,127,0.79
Pantallas finales,1,0.0186,0:01:07,,
