Fuente de tráfico,Visualizaciones,Tiempo de visualización (horas),Duración media de las visualizaciones,Impresiones,Porcentaje de clics de las impresiones (%)
Total,9866,271.8139,0:01:39,67056,5.55
Fuentes externas,4490,110.7718,0:01:28,,
Búsqueda de YouTube,3467,104.6947,0:01:48,27138,10.84
Listas de reproducción,1039,33.8896,0:01:57,16826,3.13
Funciones de exploración,226,5.8986,0:01:33,8204,1.18
Notificaciones,196,4.7409,0:01:27,,
Directa o desconocida,146,3.0487,0:01:15,,
Páginas de canal,104,3.0105,0:01:44,8129,0.98
Otras funciones de YouTube,79,2.3073,0:01:45,,
Vídeos sugeridos,66,2.1243,0:01:55,2049,1.95
Página de lista de reproducción,52,1.2725,0:01:28,4710,0.81
Publicidad de YouTube,1,0.0548,0:03:17,,
