Fuente de tráfico,Visualizaciones,Tiempo de visualización (horas),Duración media de las visualizaciones,Impresiones,Porcentaje de clics de las impresiones (%)
Total,2183,206.4005,0:05:40,53465,2.18
Funciones de exploración,1037,84.19,0:04:52,32030,1.74
Vídeos sugeridos,254,28.1472,0:06:38,5332,3.47
Páginas de canal,233,28.6132,0:07:22,7970,2.23
Búsqueda de YouTube,186,23.0073,0:07:25,2798,5.29
Notificaciones,128,8.5146,0:03:59,,
Listas de reproducción,113,12.7781,0:06:47,3342,2.24
Fuentes externas,80,5.762,0:04:19,,
Otras funciones de YouTube,57,6.8807,0:07:14,,
Directa o desconocida,51,3.9173,0:04:36,,
Página de lista de reproducción,32,3.5053,0:06:34,1993,1.25
Pantallas finales,12,1.0848,0:05:25,,
