Fuente de tráfico,Visualizaciones,Tiempo de visualización (horas),Duración media de las visualizaciones,Impresiones,Porcentaje de clics de las impresiones (%)
Total,1486,66.1176,0:02:40,58868,1.24
Funciones de exploración,940,38.2111,0:02:26,45208,1.09
Notificaciones,150,7.6961,0:03:04,,
Páginas de canal,121,7.0745,0:03:30,7483,1.19
Vídeos sugeridos,95,5.0336,0:03:10,1955,3.38
Listas de reproducción,47,1.5041,0:01:55,2055,1.56
Búsqueda de YouTube,42,2.5442,0:03:38,1281,2.89
Fuentes externas,38,1.49,0:02:21,,
Directa o desconocida,24,0.614,0:01:32,,
Otras funciones de YouTube,13,0.7987,0:03:41,,
Página de lista de reproducción,10,0.498,0:02:59,886,1.02
Pantallas finales,6,0.6533,0:06:32,,
