Fuente de tráfico,Visualizaciones,Tiempo de visualización (horas),Duración media de las visualizaciones,Impresiones,Porcentaje de clics de las impresiones (%)
Total,891,34.521,0:02:19,26931,1.43
Funciones de exploración,455,16.6679,0:02:11,14705,1.65
Notificaciones,167,6.2942,0:02:15,,
Páginas de canal,106,5.0764,0:02:52,6489,1.17
Listas de reproducción,39,1.2746,0:01:57,2872,0.66
Búsqueda de YouTube,33,1.7214,0:03:07,944,2.97
Fuentes externas,27,0.8386,0:01:51,,
Vídeos sugeridos,25,0.8657,0:02:04,418,2.87
Directa o desconocida,16,0.3794,0:01:25,,
Página de lista de reproducción,12,0.3847,0:01:55,1503,0.6
Otras funciones de YouTube,8,0.8059,0:06:02,,
Pantallas finales,3,0.2122,0:04:14,,
