Fuente de tráfico,Visualizaciones,Tiempo de visualización (horas),Duración media de las visualizaciones,Impresiones,Porcentaje de clics de las impresiones (%)
Total,13062,589.1126,0:02:42,428666,1.16
Funciones de exploración,9526,364.1116,0:02:17,388557,1.02
Páginas de canal,1702,88.4955,0:03:07,10913,3.13
Vídeos sugeridos,625,45.2007,0:04:20,20440,2.15
Notificaciones,309,24.0234,0:04:39,,
Búsqueda de YouTube,238,21.4495,0:05:24,4306,3.97
Directa o desconocida,235,12.8642,0:03:17,,
Fuentes externas,170,11.7177,0:04:08,,
Otras funciones de YouTube,150,13.1437,0:05:15,,
Listas de reproducción,63,4.0023,0:03:48,2116,1.42
Página de lista de reproducción,34,3.0086,0:05:18,2334,1.11
Pantallas finales,9,0.999,0:06:39,,
Feed de Shorts,1,0.0966,0:05:47,,
