Fuente de tráfico,Visualizaciones,Tiempo de visualización (horas),Duración media de las visualizaciones,Impresiones,Porcentaje de clics de las impresiones (%)
Total,3178,295.7803,0:05:35,34516,1.28
Fuentes externas,2120,204.2724,0:05:46,,
Funciones de exploración,353,30.8439,0:05:14,13067,1.45
Directa o desconocida,167,13.5499,0:04:52,,
Notificaciones,157,11.378,0:04:20,,
Listas de reproducción,121,10.2657,0:05:05,2899,2.76
Páginas de canal,87,7.1006,0:04:53,13041,0.49
Búsqueda de YouTube,75,7.6274,0:06:06,1888,3.39
Vídeos sugeridos,57,6.9323,0:07:17,2320,1.51
Otras funciones de YouTube,27,2.9654,0:06:35,,
Página de lista de reproducción,13,0.8446,0:03:53,1301,0.77
Pantallas finales,1,0.0001,0:00:00,,
