Fuente de tráfico,Visualizaciones,Tiempo de visualización (horas),Duración media de las visualizaciones,Impresiones,Porcentaje de clics de las impresiones (%)
Total,929,3.1681,0:00:12,25619,1.45
Búsqueda de YouTube,308,1.2231,0:00:14,9115,1.67
Páginas de canal,237,0.7018,0:00:10,7813,1.09
Feed de Shorts,137,0.3748,0:00:09,,
Funciones de exploración,122,0.4264,0:00:12,5775,1.02
Vídeos sugeridos,75,0.2579,0:00:12,2691,2.3
Notificaciones,16,0.0752,0:00:16,,
Página de lista de reproducción,12,0.032,0:00:09,95,10.53
Listas de reproducción,9,0.0262,0:00:10,130,3.08
Directa o desconocida,6,0.0142,0:00:08,,
Otras funciones de YouTube,4,0.0145,0:00:13,,
Fuentes externas,3,0.0219,0:00:26,,
