Fuente de tráfico,Visualizaciones,Tiempo de visualización (horas),Duración media de las visualizaciones,Impresiones,Porcentaje de clics de las impresiones (%)
Total,625,6.3257,0:00:36,12846,1.67
Funciones de exploración,138,1.6435,0:00:42,4442,1.4
Búsqueda de YouTube,126,1.2026,0:00:34,2752,2.51
Fuentes externas,104,0.8157,0:00:28,,
Páginas de canal,90,0.8862,0:00:35,4049,0.89
Feed de Shorts,62,0.4292,0:00:24,,
Notificaciones,34,0.6469,0:01:08,,
Vídeos sugeridos,30,0.3476,0:00:41,1240,2.02
Listas de reproducción,24,0.1855,0:00:27,187,8.56
Directa o desconocida,8,0.0497,0:00:22,,
Página de lista de reproducción,6,0.0891,0:00:53,176,3.41
Otras funciones de YouTube,2,0.0294,0:00:52,,
Pantallas finales,1,0.0005,0:00:01,,
