Fuente de tráfico,Visualizaciones,Tiempo de visualización (horas),Duración media de las visualizaciones,Impresiones,Porcentaje de clics de las impresiones (%)
Total,1606,82.2658,0:03:04,57604,1.23
Funciones de exploración,784,38.3571,0:02:56,36906,1.06
Páginas de canal,285,12.7197,0:02:40,7627,1.39
Vídeos sugeridos,206,14.7084,0:04:17,10510,1.49
Notificaciones,166,8.9011,0:03:13,,
Fuentes externas,55,1.8515,0:02:01,,
Búsqueda de YouTube,41,3.0891,0:04:31,938,3.41
Directa o desconocida,24,0.6619,0:01:39,,
Listas de reproducción,20,0.4744,0:01:25,1065,1.41
Otras funciones de YouTube,14,1.0929,0:04:41,,
Página de lista de reproducción,8,0.3954,0:02:57,558,0.9
Tarjetas de vídeo y anotaciones,3,0.0143,0:00:17,,
