Fuente de tráfico,Visualizaciones,Tiempo de visualización (horas),Duración media de las visualizaciones,Impresiones,Porcentaje de clics de las impresiones (%)
Total,2458,160.598,0:03:55,89996,1.2
Funciones de exploración,1514,75.2438,0:02:58,76010,0.93
Vídeos sugeridos,206,20.2338,0:05:53,4397,3.27
Notificaciones,176,11.9347,0:04:04,,
Páginas de canal,143,15.7443,0:06:36,5803,2.1
Fuentes externas,115,8.2778,0:04:19,,
Búsqueda de YouTube,103,10.589,0:06:10,1698,4.59
Directa o desconocida,101,7.8352,0:04:39,,
Otras funciones de YouTube,40,4.7611,0:07:08,,
Listas de reproducción,35,3.2711,0:05:36,1145,1.83
Pantallas finales,16,1.6638,0:06:14,,
Página de lista de reproducción,9,1.0431,0:06:57,943,0.85
