Fecha,Fuente de tráfico,Visualizaciones
2022-02-21,Directa o desconocida,0
2022-02-22,Directa o desconocida,0
2022-02-23,Directa o desconocida,0
2022-02-24,Directa o desconocida,0
2022-02-25,Directa o desconocida,0
2022-02-26,Directa o desconocida,0
2022-02-27,Directa o desconocida,0
2022-02-28,Directa o desconocida,0
2022-03-01,Directa o desconocida,0
2022-03-02,Directa o desconocida,0
2022-03-03,Directa o desconocida,0
2022-03-04,Directa o desconocida,0
2022-03-05,Directa o desconocida,0
2022-03-06,Directa o desconocida,0
2022-03-07,Directa o desconocida,0
2022-03-08,Directa o desconocida,0
2022-03-09,Directa o desconocida,0
2022-03-10,Directa o desconocida,0
2022-03-11,Directa o desconocida,0
2022-03-12,Directa o desconocida,0
2022-03-13,Directa o desconocida,0
2022-03-14,Directa o desconocida,0
2022-03-15,Directa o desconocida,0
2022-03-16,Directa o desconocida,0
2022-03-17,Directa o desconocida,0
2022-03-18,Directa o desconocida,0
2022-03-19,Directa o desconocida,0
2022-03-20,Directa o desconocida,0
2022-03-21,Directa o desconocida,0
2022-03-22,Directa o desconocida,0
2022-03-23,Directa o desconocida,0
2022-03-24,Directa o desconocida,0
2022-03-25,Directa o desconocida,0
2022-03-26,Directa o desconocida,0
2022-03-27,Directa o desconocida,0
2022-03-28,Directa o desconocida,0
2022-03-29,Directa o desconocida,0
2022-03-30,Directa o desconocida,0
2022-03-31,Directa o desconocida,2
2022-04-01,Directa o desconocida,9
2022-04-02,Directa o desconocida,6
2022-04-03,Directa o desconocida,1
2022-04-04,Directa o desconocida,4
2022-04-05,Directa o desconocida,3
2022-04-06,Directa o desconocida,1
2022-04-07,Directa o desconocida,1
2022-04-08,Directa o desconocida,2
2022-04-09,Directa o desconocida,4
2022-04-10,Directa o desconocida,1
2022-04-11,Directa o desconocida,2
2022-04-12,Directa o desconocida,1
2022-04-13,Directa o desconocida,3
2022-04-14,Directa o desconocida,2
2022-04-15,Directa o desconocida,0
2022-04-16,Directa o desconocida,0
2022-04-17,Directa o desconocida,0
2022-04-18,Directa o desconocida,0
2022-04-19,Directa o desconocida,0
2022-04-20,Directa o desconocida,3
2022-04-21,Directa o desconocida,0
2022-04-22,Directa o desconocida,1
2022-04-23,Directa o desconocida,0
2022-04-24,Directa o desconocida,2
2022-04-25,Directa o desconocida,3
2022-04-26,Directa o desconocida,0
2022-04-27,Directa o desconocida,0
2022-04-28,Directa o desconocida,0
2022-04-29,Directa o desconocida,0
2022-04-30,Directa o desconocida,0
2022-05-01,Directa o desconocida,0
2022-05-02,Directa o desconocida,0
2022-05-03,Directa o desconocida,0
2022-05-04,Directa o desconocida,0
2022-05-05,Directa o desconocida,0
2022-05-06,Directa o desconocida,0
2022-05-07,Directa o desconocida,0
2022-05-08,Directa o desconocida,0
2022-05-09,Directa o desconocida,0
2022-05-10,Directa o desconocida,0
2022-05-11,Directa o desconocida,0
2022-05-12,Directa o desconocida,0
2022-05-13,Directa o desconocida,1
2022-05-14,Directa o desconocida,0
2022-05-15,Directa o desconocida,0
2022-05-16,Directa o desconocida,2
2022-05-17,Directa o desconocida,0
2022-05-18,Directa o desconocida,0
2022-05-19,Directa o desconocida,1
2022-05-20,Directa o desconocida,0
2022-05-21,Directa o desconocida,0
2022-05-22,Directa o desconocida,0
2022-05-23,Directa o desconocida,0
2022-05-24,Directa o desconocida,0
2022-05-25,Directa o desconocida,0
2022-05-26,Directa o desconocida,0
2022-05-27,Directa o desconocida,0
2022-05-28,Directa o desconocida,0
2022-05-29,Directa o desconocida,0
2022-05-30,Directa o desconocida,2
2022-05-31,Directa o desconocida,2
2022-06-01,Directa o desconocida,0
2022-06-02,Directa o desconocida,0
2022-06-03,Directa o desconocida,0
2022-06-04,Directa o desconocida,0
2022-06-05,Directa o desconocida,0
2022-06-06,Directa o desconocida,0
2022-06-07,Directa o desconocida,0
2022-06-08,Directa o desconocida,0
2022-06-09,Directa o desconocida,1
2022-06-10,Directa o desconocida,0
2022-06-11,Directa o desconocida,1
2022-06-12,Directa o desconocida,0
2022-06-13,Directa o desconocida,0
2022-06-14,Directa o desconocida,0
2022-06-15,Directa o desconocida,0
2022-06-16,Directa o desconocida,0
2022-06-17,Directa o desconocida,0
2022-06-18,Directa o desconocida,1
2022-06-19,Directa o desconocida,0
2022-06-20,Directa o desconocida,0
2022-06-21,Directa o desconocida,0
2022-06-22,Directa o desconocida,0
2022-06-23,Directa o desconocida,0
2022-06-24,Directa o desconocida,0
2022-06-25,Directa o desconocida,0
2022-06-26,Directa o desconocida,0
2022-06-27,Directa o desconocida,2
2022-06-28,Directa o desconocida,0
2022-06-29,Directa o desconocida,1
2022-06-30,Directa o desconocida,0
2022-07-01,Directa o desconocida,1
2022-07-02,Directa o desconocida,0
2022-07-03,Directa o desconocida,0
2022-07-04,Directa o desconocida,2
2022-07-05,Directa o desconocida,0
2022-07-06,Directa o desconocida,0
2022-07-07,Directa o desconocida,0
2022-07-08,Directa o desconocida,2
2022-07-09,Directa o desconocida,0
2022-07-10,Directa o desconocida,0
2022-07-11,Directa o desconocida,0
2022-07-12,Directa o desconocida,0
2022-07-13,Directa o desconocida,1
2022-07-14,Directa o desconocida,0
2022-07-15,Directa o desconocida,0
2022-07-16,Directa o desconocida,0
2022-07-17,Directa o desconocida,2
2022-07-18,Directa o desconocida,0
2022-07-19,Directa o desconocida,2
2022-07-20,Directa o desconocida,1
2022-07-21,Directa o desconocida,2
2022-07-22,Directa o desconocida,1
2022-07-23,Directa o desconocida,0
2022-07-24,Directa o desconocida,0
2022-07-25,Directa o desconocida,0
2022-07-26,Directa o desconocida,0
2022-07-27,Directa o desconocida,1
2022-07-28,Directa o desconocida,0
2022-07-29,Directa o desconocida,0
2022-07-30,Directa o desconocida,0
2022-07-31,Directa o desconocida,1
2022-08-01,Directa o desconocida,0
2022-08-02,Directa o desconocida,1
2022-08-03,Directa o desconocida,0
2022-08-04,Directa o desconocida,1
2022-08-05,Directa o desconocida,0
2022-08-06,Directa o desconocida,0
2022-08-07,Directa o desconocida,0
2022-08-08,Directa o desconocida,1
2022-08-09,Directa o desconocida,0
2022-08-10,Directa o desconocida,1
2022-08-11,Directa o desconocida,0
2022-08-12,Directa o desconocida,0
2022-08-13,Directa o desconocida,0
2022-08-14,Directa o desconocida,1
2022-08-15,Directa o desconocida,0
2022-08-16,Directa o desconocida,0
2022-08-17,Directa o desconocida,0
2022-08-18,Directa o desconocida,0
2022-08-19,Directa o desconocida,0
2022-08-20,Directa o desconocida,0
2022-08-21,Directa o desconocida,0
2022-08-22,Directa o desconocida,0
2022-08-23,Directa o desconocida,2
2022-08-24,Directa o desconocida,0
2022-08-25,Directa o desconocida,0
2022-08-26,Directa o desconocida,0
2022-08-27,Directa o desconocida,0
2022-08-28,Directa o desconocida,0
2022-08-29,Directa o desconocida,0
2022-08-30,Directa o desconocida,0
2022-08-31,Directa o desconocida,0
2022-09-01,Directa o desconocida,0
2022-09-02,Directa o desconocida,0
2022-09-03,Directa o desconocida,2
2022-09-04,Directa o desconocida,1
2022-09-05,Directa o desconocida,0
2022-09-06,Directa o desconocida,0
2022-09-07,Directa o desconocida,6
2022-09-08,Directa o desconocida,0
2022-09-09,Directa o desconocida,0
2022-09-10,Directa o desconocida,0
2022-09-11,Directa o desconocida,0
2022-09-12,Directa o desconocida,0
2022-09-13,Directa o desconocida,0
2022-09-14,Directa o desconocida,0
2022-09-15,Directa o desconocida,0
2022-09-16,Directa o desconocida,0
2022-09-17,Directa o desconocida,0
2022-09-18,Directa o desconocida,0
2022-09-19,Directa o desconocida,0
2022-09-20,Directa o desconocida,0
2022-09-21,Directa o desconocida,0
2022-09-22,Directa o desconocida,0
2022-09-23,Directa o desconocida,0
2022-09-24,Directa o desconocida,0
2022-09-25,Directa o desconocida,0
2022-09-26,Directa o desconocida,0
2022-09-27,Directa o desconocida,0
2022-09-28,Directa o desconocida,0
2022-09-29,Directa o desconocida,0
2022-09-30,Directa o desconocida,0
2022-10-01,Directa o desconocida,0
2022-10-02,Directa o desconocida,0
2022-10-03,Directa o desconocida,0
2022-10-04,Directa o desconocida,0
2022-10-05,Directa o desconocida,0
2022-10-06,Directa o desconocida,0
2022-10-07,Directa o desconocida,0
2022-10-08,Directa o desconocida,0
2022-10-09,Directa o desconocida,0
2022-10-10,Directa o desconocida,1
2022-10-11,Directa o desconocida,0
2022-10-12,Directa o desconocida,1
2022-10-13,Directa o desconocida,0
2022-10-14,Directa o desconocida,0
2022-10-15,Directa o desconocida,0
2022-10-16,Directa o desconocida,0
2022-10-17,Directa o desconocida,0
2022-10-18,Directa o desconocida,0
2022-10-19,Directa o desconocida,0
2022-10-20,Directa o desconocida,0
2022-10-21,Directa o desconocida,0
2022-10-22,Directa o desconocida,0
2022-10-23,Directa o desconocida,0
2022-10-24,Directa o desconocida,0
2022-10-25,Directa o desconocida,0
2022-10-26,Directa o desconocida,1
2022-10-27,Directa o desconocida,0
2022-10-28,Directa o desconocida,0
2022-10-29,Directa o desconocida,1
2022-02-21,Funciones de exploración,0
2022-02-22,Funciones de exploración,0
2022-02-23,Funciones de exploración,0
2022-02-24,Funciones de exploración,0
2022-02-25,Funciones de exploración,0
2022-02-26,Funciones de exploración,0
2022-02-27,Funciones de exploración,0
2022-02-28,Funciones de exploración,0
2022-03-01,Funciones de exploración,0
2022-03-02,Funciones de exploración,0
2022-03-03,Funciones de exploración,0
2022-03-04,Funciones de exploración,0
2022-03-05,Funciones de exploración,0
2022-03-06,Funciones de exploración,0
2022-03-07,Funciones de exploración,0
2022-03-08,Funciones de exploración,0
2022-03-09,Funciones de exploración,0
2022-03-10,Funciones de exploración,0
2022-03-11,Funciones de exploración,0
2022-03-12,Funciones de exploración,0
2022-03-13,Funciones de exploración,0
2022-03-14,Funciones de exploración,0
2022-03-15,Funciones de exploración,0
2022-03-16,Funciones de exploración,0
2022-03-17,Funciones de exploración,0
2022-03-18,Funciones de exploración,0
2022-03-19,Funciones de exploración,0
2022-03-20,Funciones de exploración,0
2022-03-21,Funciones de exploración,0
2022-03-22,Funciones de exploración,0
2022-03-23,Funciones de exploración,0
2022-03-24,Funciones de exploración,0
2022-03-25,Funciones de exploración,0
2022-03-26,Funciones de exploración,0
2022-03-27,Funciones de exploración,0
2022-03-28,Funciones de exploración,0
2022-03-29,Funciones de exploración,0
2022-03-30,Funciones de exploración,0
2022-03-31,Funciones de exploración,253
2022-04-01,Funciones de exploración,300
2022-04-02,Funciones de exploración,171
2022-04-03,Funciones de exploración,223
2022-04-04,Funciones de exploración,98
2022-04-05,Funciones de exploración,54
2022-04-06,Funciones de exploración,19
2022-04-07,Funciones de exploración,30
2022-04-08,Funciones de exploración,23
2022-04-09,Funciones de exploración,19
2022-04-10,Funciones de exploración,36
2022-04-11,Funciones de exploración,19
2022-04-12,Funciones de exploración,19
2022-04-13,Funciones de exploración,17
2022-04-14,Funciones de exploración,34
2022-04-15,Funciones de exploración,23
2022-04-16,Funciones de exploración,20
2022-04-17,Funciones de exploración,16
2022-04-18,Funciones de exploración,14
2022-04-19,Funciones de exploración,7
2022-04-20,Funciones de exploración,3
2022-04-21,Funciones de exploración,7
2022-04-22,Funciones de exploración,1
2022-04-23,Funciones de exploración,4
2022-04-24,Funciones de exploración,0
2022-04-25,Funciones de exploración,4
2022-04-26,Funciones de exploración,6
2022-04-27,Funciones de exploración,3
2022-04-28,Funciones de exploración,0
2022-04-29,Funciones de exploración,1
2022-04-30,Funciones de exploración,1
2022-05-01,Funciones de exploración,0
2022-05-02,Funciones de exploración,1
2022-05-03,Funciones de exploración,0
2022-05-04,Funciones de exploración,0
2022-05-05,Funciones de exploración,0
2022-05-06,Funciones de exploración,0
2022-05-07,Funciones de exploración,0
2022-05-08,Funciones de exploración,0
2022-05-09,Funciones de exploración,0
2022-05-10,Funciones de exploración,0
2022-05-11,Funciones de exploración,0
2022-05-12,Funciones de exploración,0
2022-05-13,Funciones de exploración,1
2022-05-14,Funciones de exploración,0
2022-05-15,Funciones de exploración,0
2022-05-16,Funciones de exploración,0
2022-05-17,Funciones de exploración,0
2022-05-18,Funciones de exploración,0
2022-05-19,Funciones de exploración,1
2022-05-20,Funciones de exploración,0
2022-05-21,Funciones de exploración,1
2022-05-22,Funciones de exploración,0
2022-05-23,Funciones de exploración,2
2022-05-24,Funciones de exploración,1
2022-05-25,Funciones de exploración,0
2022-05-26,Funciones de exploración,0
2022-05-27,Funciones de exploración,0
2022-05-28,Funciones de exploración,0
2022-05-29,Funciones de exploración,2
2022-05-30,Funciones de exploración,1
2022-05-31,Funciones de exploración,0
2022-06-01,Funciones de exploración,0
2022-06-02,Funciones de exploración,0
2022-06-03,Funciones de exploración,2
2022-06-04,Funciones de exploración,3
2022-06-05,Funciones de exploración,0
2022-06-06,Funciones de exploración,6
2022-06-07,Funciones de exploración,1
2022-06-08,Funciones de exploración,4
2022-06-09,Funciones de exploración,2
2022-06-10,Funciones de exploración,1
2022-06-11,Funciones de exploración,1
2022-06-12,Funciones de exploración,4
2022-06-13,Funciones de exploración,3
2022-06-14,Funciones de exploración,1
2022-06-15,Funciones de exploración,1
2022-06-16,Funciones de exploración,2
2022-06-17,Funciones de exploración,0
2022-06-18,Funciones de exploración,0
2022-06-19,Funciones de exploración,1
2022-06-20,Funciones de exploración,1
2022-06-21,Funciones de exploración,0
2022-06-22,Funciones de exploración,1
2022-06-23,Funciones de exploración,0
2022-06-24,Funciones de exploración,0
2022-06-25,Funciones de exploración,1
2022-06-26,Funciones de exploración,1
2022-06-27,Funciones de exploración,7
2022-06-28,Funciones de exploración,0
2022-06-29,Funciones de exploración,0
2022-06-30,Funciones de exploración,0
2022-07-01,Funciones de exploración,0
2022-07-02,Funciones de exploración,1
2022-07-03,Funciones de exploración,0
2022-07-04,Funciones de exploración,0
2022-07-05,Funciones de exploración,1
2022-07-06,Funciones de exploración,0
2022-07-07,Funciones de exploración,0
2022-07-08,Funciones de exploración,0
2022-07-09,Funciones de exploración,1
2022-07-10,Funciones de exploración,0
2022-07-11,Funciones de exploración,2
2022-07-12,Funciones de exploración,0
2022-07-13,Funciones de exploración,0
2022-07-14,Funciones de exploración,1
2022-07-15,Funciones de exploración,1
2022-07-16,Funciones de exploración,1
2022-07-17,Funciones de exploración,0
2022-07-18,Funciones de exploración,0
2022-07-19,Funciones de exploración,1
2022-07-20,Funciones de exploración,0
2022-07-21,Funciones de exploración,0
2022-07-22,Funciones de exploración,0
2022-07-23,Funciones de exploración,0
2022-07-24,Funciones de exploración,0
2022-07-25,Funciones de exploración,0
2022-07-26,Funciones de exploración,0
2022-07-27,Funciones de exploración,0
2022-07-28,Funciones de exploración,1
2022-07-29,Funciones de exploración,1
2022-07-30,Funciones de exploración,0
2022-07-31,Funciones de exploración,0
2022-08-01,Funciones de exploración,0
2022-08-02,Funciones de exploración,0
2022-08-03,Funciones de exploración,0
2022-08-04,Funciones de exploración,0
2022-08-05,Funciones de exploración,0
2022-08-06,Funciones de exploración,1
2022-08-07,Funciones de exploración,1
2022-08-08,Funciones de exploración,2
2022-08-09,Funciones de exploración,1
2022-08-10,Funciones de exploración,1
2022-08-11,Funciones de exploración,0
2022-08-12,Funciones de exploración,1
2022-08-13,Funciones de exploración,0
2022-08-14,Funciones de exploración,0
2022-08-15,Funciones de exploración,0
2022-08-16,Funciones de exploración,0
2022-08-17,Funciones de exploración,0
2022-08-18,Funciones de exploración,0
2022-08-19,Funciones de exploración,0
2022-08-20,Funciones de exploración,0
2022-08-21,Funciones de exploración,0
2022-08-22,Funciones de exploración,0
2022-08-23,Funciones de exploración,0
2022-08-24,Funciones de exploración,2
2022-08-25,Funciones de exploración,0
2022-08-26,Funciones de exploración,1
2022-08-27,Funciones de exploración,0
2022-08-28,Funciones de exploración,0
2022-08-29,Funciones de exploración,1
2022-08-30,Funciones de exploración,0
2022-08-31,Funciones de exploración,1
2022-09-01,Funciones de exploración,0
2022-09-02,Funciones de exploración,0
2022-09-03,Funciones de exploración,0
2022-09-04,Funciones de exploración,0
2022-09-05,Funciones de exploración,1
2022-09-06,Funciones de exploración,1
2022-09-07,Funciones de exploración,0
2022-09-08,Funciones de exploración,0
2022-09-09,Funciones de exploración,0
2022-09-10,Funciones de exploración,0
2022-09-11,Funciones de exploración,0
2022-09-12,Funciones de exploración,0
2022-09-13,Funciones de exploración,0
2022-09-14,Funciones de exploración,1
2022-09-15,Funciones de exploración,0
2022-09-16,Funciones de exploración,0
2022-09-17,Funciones de exploración,0
2022-09-18,Funciones de exploración,0
2022-09-19,Funciones de exploración,0
2022-09-20,Funciones de exploración,0
2022-09-21,Funciones de exploración,0
2022-09-22,Funciones de exploración,0
2022-09-23,Funciones de exploración,0
2022-09-24,Funciones de exploración,1
2022-09-25,Funciones de exploración,0
2022-09-26,Funciones de exploración,2
2022-09-27,Funciones de exploración,0
2022-09-28,Funciones de exploración,0
2022-09-29,Funciones de exploración,0
2022-09-30,Funciones de exploración,0
2022-10-01,Funciones de exploración,2
2022-10-02,Funciones de exploración,0
2022-10-03,Funciones de exploración,0
2022-10-04,Funciones de exploración,0
2022-10-05,Funciones de exploración,1
2022-10-06,Funciones de exploración,0
2022-10-07,Funciones de exploración,1
2022-10-08,Funciones de exploración,0
2022-10-09,Funciones de exploración,0
2022-10-10,Funciones de exploración,1
2022-10-11,Funciones de exploración,0
2022-10-12,Funciones de exploración,0
2022-10-13,Funciones de exploración,0
2022-10-14,Funciones de exploración,0
2022-10-15,Funciones de exploración,1
2022-10-16,Funciones de exploración,0
2022-10-17,Funciones de exploración,0
2022-10-18,Funciones de exploración,0
2022-10-19,Funciones de exploración,0
2022-10-20,Funciones de exploración,0
2022-10-21,Funciones de exploración,1
2022-10-22,Funciones de exploración,0
2022-10-23,Funciones de exploración,0
2022-10-24,Funciones de exploración,0
2022-10-25,Funciones de exploración,0
2022-10-26,Funciones de exploración,0
2022-10-27,Funciones de exploración,0
2022-10-28,Funciones de exploración,0
2022-10-29,Funciones de exploración,0
2022-02-21,Páginas de canal,0
2022-02-22,Páginas de canal,0
2022-02-23,Páginas de canal,0
2022-02-24,Páginas de canal,0
2022-02-25,Páginas de canal,0
2022-02-26,Páginas de canal,0
2022-02-27,Páginas de canal,0
2022-02-28,Páginas de canal,0
2022-03-01,Páginas de canal,0
2022-03-02,Páginas de canal,0
2022-03-03,Páginas de canal,0
2022-03-04,Páginas de canal,0
2022-03-05,Páginas de canal,0
2022-03-06,Páginas de canal,0
2022-03-07,Páginas de canal,0
2022-03-08,Páginas de canal,0
2022-03-09,Páginas de canal,0
2022-03-10,Páginas de canal,0
2022-03-11,Páginas de canal,0
2022-03-12,Páginas de canal,0
2022-03-13,Páginas de canal,0
2022-03-14,Páginas de canal,0
2022-03-15,Páginas de canal,0
2022-03-16,Páginas de canal,0
2022-03-17,Páginas de canal,0
2022-03-18,Páginas de canal,0
2022-03-19,Páginas de canal,0
2022-03-20,Páginas de canal,0
2022-03-21,Páginas de canal,0
2022-03-22,Páginas de canal,0
2022-03-23,Páginas de canal,0
2022-03-24,Páginas de canal,0
2022-03-25,Páginas de canal,0
2022-03-26,Páginas de canal,0
2022-03-27,Páginas de canal,0
2022-03-28,Páginas de canal,0
2022-03-29,Páginas de canal,1
2022-03-30,Páginas de canal,1
2022-03-31,Páginas de canal,8
2022-04-01,Páginas de canal,5
2022-04-02,Páginas de canal,2
2022-04-03,Páginas de canal,9
2022-04-04,Páginas de canal,7
2022-04-05,Páginas de canal,4
2022-04-06,Páginas de canal,4
2022-04-07,Páginas de canal,6
2022-04-08,Páginas de canal,0
2022-04-09,Páginas de canal,3
2022-04-10,Páginas de canal,1
2022-04-11,Páginas de canal,3
2022-04-12,Páginas de canal,2
2022-04-13,Páginas de canal,2
2022-04-14,Páginas de canal,1
2022-04-15,Páginas de canal,2
2022-04-16,Páginas de canal,1
2022-04-17,Páginas de canal,0
2022-04-18,Páginas de canal,1
2022-04-19,Páginas de canal,3
2022-04-20,Páginas de canal,2
2022-04-21,Páginas de canal,2
2022-04-22,Páginas de canal,1
2022-04-23,Páginas de canal,0
2022-04-24,Páginas de canal,2
2022-04-25,Páginas de canal,1
2022-04-26,Páginas de canal,4
2022-04-27,Páginas de canal,2
2022-04-28,Páginas de canal,4
2022-04-29,Páginas de canal,0
2022-04-30,Páginas de canal,4
2022-05-01,Páginas de canal,1
2022-05-02,Páginas de canal,0
2022-05-03,Páginas de canal,1
2022-05-04,Páginas de canal,0
2022-05-05,Páginas de canal,2
2022-05-06,Páginas de canal,0
2022-05-07,Páginas de canal,0
2022-05-08,Páginas de canal,0
2022-05-09,Páginas de canal,0
2022-05-10,Páginas de canal,0
2022-05-11,Páginas de canal,0
2022-05-12,Páginas de canal,2
2022-05-13,Páginas de canal,0
2022-05-14,Páginas de canal,1
2022-05-15,Páginas de canal,0
2022-05-16,Páginas de canal,1
2022-05-17,Páginas de canal,0
2022-05-18,Páginas de canal,0
2022-05-19,Páginas de canal,0
2022-05-20,Páginas de canal,0
2022-05-21,Páginas de canal,2
2022-05-22,Páginas de canal,0
2022-05-23,Páginas de canal,2
2022-05-24,Páginas de canal,1
2022-05-25,Páginas de canal,0
2022-05-26,Páginas de canal,2
2022-05-27,Páginas de canal,0
2022-05-28,Páginas de canal,0
2022-05-29,Páginas de canal,0
2022-05-30,Páginas de canal,1
2022-05-31,Páginas de canal,0
2022-06-01,Páginas de canal,0
2022-06-02,Páginas de canal,1
2022-06-03,Páginas de canal,0
2022-06-04,Páginas de canal,0
2022-06-05,Páginas de canal,1
2022-06-06,Páginas de canal,0
2022-06-07,Páginas de canal,0
2022-06-08,Páginas de canal,0
2022-06-09,Páginas de canal,1
2022-06-10,Páginas de canal,1
2022-06-11,Páginas de canal,0
2022-06-12,Páginas de canal,1
2022-06-13,Páginas de canal,0
2022-06-14,Páginas de canal,0
2022-06-15,Páginas de canal,1
2022-06-16,Páginas de canal,1
2022-06-17,Páginas de canal,2
2022-06-18,Páginas de canal,2
2022-06-19,Páginas de canal,2
2022-06-20,Páginas de canal,1
2022-06-21,Páginas de canal,0
2022-06-22,Páginas de canal,0
2022-06-23,Páginas de canal,2
2022-06-24,Páginas de canal,0
2022-06-25,Páginas de canal,0
2022-06-26,Páginas de canal,0
2022-06-27,Páginas de canal,0
2022-06-28,Páginas de canal,0
2022-06-29,Páginas de canal,0
2022-06-30,Páginas de canal,2
2022-07-01,Páginas de canal,2
2022-07-02,Páginas de canal,0
2022-07-03,Páginas de canal,0
2022-07-04,Páginas de canal,0
2022-07-05,Páginas de canal,0
2022-07-06,Páginas de canal,1
2022-07-07,Páginas de canal,0
2022-07-08,Páginas de canal,1
2022-07-09,Páginas de canal,1
2022-07-10,Páginas de canal,0
2022-07-11,Páginas de canal,0
2022-07-12,Páginas de canal,0
2022-07-13,Páginas de canal,0
2022-07-14,Páginas de canal,0
2022-07-15,Páginas de canal,1
2022-07-16,Páginas de canal,1
2022-07-17,Páginas de canal,0
2022-07-18,Páginas de canal,0
2022-07-19,Páginas de canal,0
2022-07-20,Páginas de canal,2
2022-07-21,Páginas de canal,0
2022-07-22,Páginas de canal,0
2022-07-23,Páginas de canal,0
2022-07-24,Páginas de canal,0
2022-07-25,Páginas de canal,0
2022-07-26,Páginas de canal,0
2022-07-27,Páginas de canal,0
2022-07-28,Páginas de canal,1
2022-07-29,Páginas de canal,0
2022-07-30,Páginas de canal,0
2022-07-31,Páginas de canal,0
2022-08-01,Páginas de canal,0
2022-08-02,Páginas de canal,0
2022-08-03,Páginas de canal,0
2022-08-04,Páginas de canal,0
2022-08-05,Páginas de canal,0
2022-08-06,Páginas de canal,0
2022-08-07,Páginas de canal,0
2022-08-08,Páginas de canal,0
2022-08-09,Páginas de canal,0
2022-08-10,Páginas de canal,0
2022-08-11,Páginas de canal,0
2022-08-12,Páginas de canal,0
2022-08-13,Páginas de canal,0
2022-08-14,Páginas de canal,0
2022-08-15,Páginas de canal,0
2022-08-16,Páginas de canal,0
2022-08-17,Páginas de canal,0
2022-08-18,Páginas de canal,0
2022-08-19,Páginas de canal,0
2022-08-20,Páginas de canal,0
2022-08-21,Páginas de canal,0
2022-08-22,Páginas de canal,0
2022-08-23,Páginas de canal,0
2022-08-24,Páginas de canal,0
2022-08-25,Páginas de canal,0
2022-08-26,Páginas de canal,0
2022-08-27,Páginas de canal,0
2022-08-28,Páginas de canal,0
2022-08-29,Páginas de canal,0
2022-08-30,Páginas de canal,1
2022-08-31,Páginas de canal,0
2022-09-01,Páginas de canal,0
2022-09-02,Páginas de canal,0
2022-09-03,Páginas de canal,0
2022-09-04,Páginas de canal,0
2022-09-05,Páginas de canal,0
2022-09-06,Páginas de canal,0
2022-09-07,Páginas de canal,1
2022-09-08,Páginas de canal,0
2022-09-09,Páginas de canal,0
2022-09-10,Páginas de canal,0
2022-09-11,Páginas de canal,0
2022-09-12,Páginas de canal,0
2022-09-13,Páginas de canal,0
2022-09-14,Páginas de canal,0
2022-09-15,Páginas de canal,1
2022-09-16,Páginas de canal,1
2022-09-17,Páginas de canal,0
2022-09-18,Páginas de canal,0
2022-09-19,Páginas de canal,0
2022-09-20,Páginas de canal,0
2022-09-21,Páginas de canal,1
2022-09-22,Páginas de canal,0
2022-09-23,Páginas de canal,0
2022-09-24,Páginas de canal,0
2022-09-25,Páginas de canal,1
2022-09-26,Páginas de canal,0
2022-09-27,Páginas de canal,0
2022-09-28,Páginas de canal,1
2022-09-29,Páginas de canal,0
2022-09-30,Páginas de canal,0
2022-10-01,Páginas de canal,1
2022-10-02,Páginas de canal,0
2022-10-03,Páginas de canal,1
2022-10-04,Páginas de canal,0
2022-10-05,Páginas de canal,0
2022-10-06,Páginas de canal,0
2022-10-07,Páginas de canal,0
2022-10-08,Páginas de canal,0
2022-10-09,Páginas de canal,0
2022-10-10,Páginas de canal,0
2022-10-11,Páginas de canal,0
2022-10-12,Páginas de canal,0
2022-10-13,Páginas de canal,0
2022-10-14,Páginas de canal,0
2022-10-15,Páginas de canal,0
2022-10-16,Páginas de canal,0
2022-10-17,Páginas de canal,0
2022-10-18,Páginas de canal,0
2022-10-19,Páginas de canal,0
2022-10-20,Páginas de canal,0
2022-10-21,Páginas de canal,0
2022-10-22,Páginas de canal,0
2022-10-23,Páginas de canal,0
2022-10-24,Páginas de canal,1
2022-10-25,Páginas de canal,1
2022-10-26,Páginas de canal,0
2022-10-27,Páginas de canal,0
2022-10-28,Páginas de canal,0
2022-10-29,Páginas de canal,0
2022-02-21,Búsqueda de YouTube,0
2022-02-22,Búsqueda de YouTube,0
2022-02-23,Búsqueda de YouTube,0
2022-02-24,Búsqueda de YouTube,0
2022-02-25,Búsqueda de YouTube,0
2022-02-26,Búsqueda de YouTube,0
2022-02-27,Búsqueda de YouTube,0
2022-02-28,Búsqueda de YouTube,0
2022-03-01,Búsqueda de YouTube,0
2022-03-02,Búsqueda de YouTube,0
2022-03-03,Búsqueda de YouTube,0
2022-03-04,Búsqueda de YouTube,0
2022-03-05,Búsqueda de YouTube,0
2022-03-06,Búsqueda de YouTube,0
2022-03-07,Búsqueda de YouTube,0
2022-03-08,Búsqueda de YouTube,0
2022-03-09,Búsqueda de YouTube,0
2022-03-10,Búsqueda de YouTube,0
2022-03-11,Búsqueda de YouTube,0
2022-03-12,Búsqueda de YouTube,0
2022-03-13,Búsqueda de YouTube,0
2022-03-14,Búsqueda de YouTube,0
2022-03-15,Búsqueda de YouTube,0
2022-03-16,Búsqueda de YouTube,0
2022-03-17,Búsqueda de YouTube,0
2022-03-18,Búsqueda de YouTube,0
2022-03-19,Búsqueda de YouTube,0
2022-03-20,Búsqueda de YouTube,0
2022-03-21,Búsqueda de YouTube,0
2022-03-22,Búsqueda de YouTube,0
2022-03-23,Búsqueda de YouTube,0
2022-03-24,Búsqueda de YouTube,0
2022-03-25,Búsqueda de YouTube,0
2022-03-26,Búsqueda de YouTube,0
2022-03-27,Búsqueda de YouTube,0
2022-03-28,Búsqueda de YouTube,0
2022-03-29,Búsqueda de YouTube,0
2022-03-30,Búsqueda de YouTube,0
2022-03-31,Búsqueda de YouTube,5
2022-04-01,Búsqueda de YouTube,6
2022-04-02,Búsqueda de YouTube,5
2022-04-03,Búsqueda de YouTube,3
2022-04-04,Búsqueda de YouTube,4
2022-04-05,Búsqueda de YouTube,6
2022-04-06,Búsqueda de YouTube,3
2022-04-07,Búsqueda de YouTube,1
2022-04-08,Búsqueda de YouTube,0
2022-04-09,Búsqueda de YouTube,0
2022-04-10,Búsqueda de YouTube,0
2022-04-11,Búsqueda de YouTube,1
2022-04-12,Búsqueda de YouTube,0
2022-04-13,Búsqueda de YouTube,1
2022-04-14,Búsqueda de YouTube,1
2022-04-15,Búsqueda de YouTube,1
2022-04-16,Búsqueda de YouTube,2
2022-04-17,Búsqueda de YouTube,2
2022-04-18,Búsqueda de YouTube,0
2022-04-19,Búsqueda de YouTube,1
2022-04-20,Búsqueda de YouTube,0
2022-04-21,Búsqueda de YouTube,0
2022-04-22,Búsqueda de YouTube,1
2022-04-23,Búsqueda de YouTube,1
2022-04-24,Búsqueda de YouTube,1
2022-04-25,Búsqueda de YouTube,0
2022-04-26,Búsqueda de YouTube,1
2022-04-27,Búsqueda de YouTube,0
2022-04-28,Búsqueda de YouTube,1
2022-04-29,Búsqueda de YouTube,1
2022-04-30,Búsqueda de YouTube,0
2022-05-01,Búsqueda de YouTube,0
2022-05-02,Búsqueda de YouTube,0
2022-05-03,Búsqueda de YouTube,0
2022-05-04,Búsqueda de YouTube,0
2022-05-05,Búsqueda de YouTube,0
2022-05-06,Búsqueda de YouTube,0
2022-05-07,Búsqueda de YouTube,0
2022-05-08,Búsqueda de YouTube,0
2022-05-09,Búsqueda de YouTube,0
2022-05-10,Búsqueda de YouTube,0
2022-05-11,Búsqueda de YouTube,0
2022-05-12,Búsqueda de YouTube,0
2022-05-13,Búsqueda de YouTube,0
2022-05-14,Búsqueda de YouTube,0
2022-05-15,Búsqueda de YouTube,0
2022-05-16,Búsqueda de YouTube,0
2022-05-17,Búsqueda de YouTube,0
2022-05-18,Búsqueda de YouTube,0
2022-05-19,Búsqueda de YouTube,0
2022-05-20,Búsqueda de YouTube,0
2022-05-21,Búsqueda de YouTube,0
2022-05-22,Búsqueda de YouTube,0
2022-05-23,Búsqueda de YouTube,0
2022-05-24,Búsqueda de YouTube,0
2022-05-25,Búsqueda de YouTube,0
2022-05-26,Búsqueda de YouTube,1
2022-05-27,Búsqueda de YouTube,0
2022-05-28,Búsqueda de YouTube,0
2022-05-29,Búsqueda de YouTube,0
2022-05-30,Búsqueda de YouTube,0
2022-05-31,Búsqueda de YouTube,1
2022-06-01,Búsqueda de YouTube,0
2022-06-02,Búsqueda de YouTube,0
2022-06-03,Búsqueda de YouTube,0
2022-06-04,Búsqueda de YouTube,0
2022-06-05,Búsqueda de YouTube,1
2022-06-06,Búsqueda de YouTube,2
2022-06-07,Búsqueda de YouTube,1
2022-06-08,Búsqueda de YouTube,2
2022-06-09,Búsqueda de YouTube,1
2022-06-10,Búsqueda de YouTube,0
2022-06-11,Búsqueda de YouTube,0
2022-06-12,Búsqueda de YouTube,1
2022-06-13,Búsqueda de YouTube,0
2022-06-14,Búsqueda de YouTube,0
2022-06-15,Búsqueda de YouTube,1
2022-06-16,Búsqueda de YouTube,2
2022-06-17,Búsqueda de YouTube,0
2022-06-18,Búsqueda de YouTube,1
2022-06-19,Búsqueda de YouTube,2
2022-06-20,Búsqueda de YouTube,0
2022-06-21,Búsqueda de YouTube,1
2022-06-22,Búsqueda de YouTube,0
2022-06-23,Búsqueda de YouTube,1
2022-06-24,Búsqueda de YouTube,1
2022-06-25,Búsqueda de YouTube,0
2022-06-26,Búsqueda de YouTube,1
2022-06-27,Búsqueda de YouTube,1
2022-06-28,Búsqueda de YouTube,1
2022-06-29,Búsqueda de YouTube,1
2022-06-30,Búsqueda de YouTube,0
2022-07-01,Búsqueda de YouTube,0
2022-07-02,Búsqueda de YouTube,1
2022-07-03,Búsqueda de YouTube,0
2022-07-04,Búsqueda de YouTube,2
2022-07-05,Búsqueda de YouTube,1
2022-07-06,Búsqueda de YouTube,0
2022-07-07,Búsqueda de YouTube,0
2022-07-08,Búsqueda de YouTube,0
2022-07-09,Búsqueda de YouTube,0
2022-07-10,Búsqueda de YouTube,2
2022-07-11,Búsqueda de YouTube,2
2022-07-12,Búsqueda de YouTube,0
2022-07-13,Búsqueda de YouTube,1
2022-07-14,Búsqueda de YouTube,0
2022-07-15,Búsqueda de YouTube,1
2022-07-16,Búsqueda de YouTube,0
2022-07-17,Búsqueda de YouTube,0
2022-07-18,Búsqueda de YouTube,0
2022-07-19,Búsqueda de YouTube,1
2022-07-20,Búsqueda de YouTube,0
2022-07-21,Búsqueda de YouTube,0
2022-07-22,Búsqueda de YouTube,0
2022-07-23,Búsqueda de YouTube,0
2022-07-24,Búsqueda de YouTube,1
2022-07-25,Búsqueda de YouTube,0
2022-07-26,Búsqueda de YouTube,0
2022-07-27,Búsqueda de YouTube,2
2022-07-28,Búsqueda de YouTube,0
2022-07-29,Búsqueda de YouTube,0
2022-07-30,Búsqueda de YouTube,0
2022-07-31,Búsqueda de YouTube,0
2022-08-01,Búsqueda de YouTube,0
2022-08-02,Búsqueda de YouTube,0
2022-08-03,Búsqueda de YouTube,0
2022-08-04,Búsqueda de YouTube,0
2022-08-05,Búsqueda de YouTube,0
2022-08-06,Búsqueda de YouTube,0
2022-08-07,Búsqueda de YouTube,1
2022-08-08,Búsqueda de YouTube,0
2022-08-09,Búsqueda de YouTube,0
2022-08-10,Búsqueda de YouTube,0
2022-08-11,Búsqueda de YouTube,0
2022-08-12,Búsqueda de YouTube,0
2022-08-13,Búsqueda de YouTube,0
2022-08-14,Búsqueda de YouTube,0
2022-08-15,Búsqueda de YouTube,0
2022-08-16,Búsqueda de YouTube,0
2022-08-17,Búsqueda de YouTube,1
2022-08-18,Búsqueda de YouTube,0
2022-08-19,Búsqueda de YouTube,0
2022-08-20,Búsqueda de YouTube,0
2022-08-21,Búsqueda de YouTube,0
2022-08-22,Búsqueda de YouTube,0
2022-08-23,Búsqueda de YouTube,0
2022-08-24,Búsqueda de YouTube,0
2022-08-25,Búsqueda de YouTube,1
2022-08-26,Búsqueda de YouTube,0
2022-08-27,Búsqueda de YouTube,0
2022-08-28,Búsqueda de YouTube,0
2022-08-29,Búsqueda de YouTube,0
2022-08-30,Búsqueda de YouTube,0
2022-08-31,Búsqueda de YouTube,0
2022-09-01,Búsqueda de YouTube,0
2022-09-02,Búsqueda de YouTube,0
2022-09-03,Búsqueda de YouTube,0
2022-09-04,Búsqueda de YouTube,0
2022-09-05,Búsqueda de YouTube,0
2022-09-06,Búsqueda de YouTube,0
2022-09-07,Búsqueda de YouTube,0
2022-09-08,Búsqueda de YouTube,0
2022-09-09,Búsqueda de YouTube,0
2022-09-10,Búsqueda de YouTube,0
2022-09-11,Búsqueda de YouTube,0
2022-09-12,Búsqueda de YouTube,0
2022-09-13,Búsqueda de YouTube,0
2022-09-14,Búsqueda de YouTube,0
2022-09-15,Búsqueda de YouTube,0
2022-09-16,Búsqueda de YouTube,0
2022-09-17,Búsqueda de YouTube,1
2022-09-18,Búsqueda de YouTube,0
2022-09-19,Búsqueda de YouTube,3
2022-09-20,Búsqueda de YouTube,0
2022-09-21,Búsqueda de YouTube,1
2022-09-22,Búsqueda de YouTube,1
2022-09-23,Búsqueda de YouTube,0
2022-09-24,Búsqueda de YouTube,0
2022-09-25,Búsqueda de YouTube,0
2022-09-26,Búsqueda de YouTube,0
2022-09-27,Búsqueda de YouTube,1
2022-09-28,Búsqueda de YouTube,0
2022-09-29,Búsqueda de YouTube,0
2022-09-30,Búsqueda de YouTube,0
2022-10-01,Búsqueda de YouTube,0
2022-10-02,Búsqueda de YouTube,0
2022-10-03,Búsqueda de YouTube,0
2022-10-04,Búsqueda de YouTube,1
2022-10-05,Búsqueda de YouTube,1
2022-10-06,Búsqueda de YouTube,1
2022-10-07,Búsqueda de YouTube,0
2022-10-08,Búsqueda de YouTube,0
2022-10-09,Búsqueda de YouTube,1
2022-10-10,Búsqueda de YouTube,0
2022-10-11,Búsqueda de YouTube,1
2022-10-12,Búsqueda de YouTube,0
2022-10-13,Búsqueda de YouTube,0
2022-10-14,Búsqueda de YouTube,0
2022-10-15,Búsqueda de YouTube,0
2022-10-16,Búsqueda de YouTube,0
2022-10-17,Búsqueda de YouTube,0
2022-10-18,Búsqueda de YouTube,1
2022-10-19,Búsqueda de YouTube,0
2022-10-20,Búsqueda de YouTube,0
2022-10-21,Búsqueda de YouTube,0
2022-10-22,Búsqueda de YouTube,2
2022-10-23,Búsqueda de YouTube,0
2022-10-24,Búsqueda de YouTube,0
2022-10-25,Búsqueda de YouTube,0
2022-10-26,Búsqueda de YouTube,0
2022-10-27,Búsqueda de YouTube,0
2022-10-28,Búsqueda de YouTube,0
2022-10-29,Búsqueda de YouTube,0
2022-02-21,Vídeos sugeridos,0
2022-02-22,Vídeos sugeridos,0
2022-02-23,Vídeos sugeridos,0
2022-02-24,Vídeos sugeridos,0
2022-02-25,Vídeos sugeridos,0
2022-02-26,Vídeos sugeridos,0
2022-02-27,Vídeos sugeridos,0
2022-02-28,Vídeos sugeridos,0
2022-03-01,Vídeos sugeridos,0
2022-03-02,Vídeos sugeridos,0
2022-03-03,Vídeos sugeridos,0
2022-03-04,Vídeos sugeridos,0
2022-03-05,Vídeos sugeridos,0
2022-03-06,Vídeos sugeridos,0
2022-03-07,Vídeos sugeridos,0
2022-03-08,Vídeos sugeridos,0
2022-03-09,Vídeos sugeridos,0
2022-03-10,Vídeos sugeridos,0
2022-03-11,Vídeos sugeridos,0
2022-03-12,Vídeos sugeridos,0
2022-03-13,Vídeos sugeridos,0
2022-03-14,Vídeos sugeridos,0
2022-03-15,Vídeos sugeridos,0
2022-03-16,Vídeos sugeridos,0
2022-03-17,Vídeos sugeridos,0
2022-03-18,Vídeos sugeridos,0
2022-03-19,Vídeos sugeridos,0
2022-03-20,Vídeos sugeridos,0
2022-03-21,Vídeos sugeridos,0
2022-03-22,Vídeos sugeridos,0
2022-03-23,Vídeos sugeridos,0
2022-03-24,Vídeos sugeridos,0
2022-03-25,Vídeos sugeridos,0
2022-03-26,Vídeos sugeridos,0
2022-03-27,Vídeos sugeridos,0
2022-03-28,Vídeos sugeridos,0
2022-03-29,Vídeos sugeridos,0
2022-03-30,Vídeos sugeridos,0
2022-03-31,Vídeos sugeridos,9
2022-04-01,Vídeos sugeridos,12
2022-04-02,Vídeos sugeridos,1
2022-04-03,Vídeos sugeridos,1
2022-04-04,Vídeos sugeridos,2
2022-04-05,Vídeos sugeridos,23
2022-04-06,Vídeos sugeridos,12
2022-04-07,Vídeos sugeridos,1
2022-04-08,Vídeos sugeridos,7
2022-04-09,Vídeos sugeridos,8
2022-04-10,Vídeos sugeridos,2
2022-04-11,Vídeos sugeridos,3
2022-04-12,Vídeos sugeridos,1
2022-04-13,Vídeos sugeridos,1
2022-04-14,Vídeos sugeridos,2
2022-04-15,Vídeos sugeridos,5
2022-04-16,Vídeos sugeridos,3
2022-04-17,Vídeos sugeridos,0
2022-04-18,Vídeos sugeridos,1
2022-04-19,Vídeos sugeridos,3
2022-04-20,Vídeos sugeridos,0
2022-04-21,Vídeos sugeridos,1
2022-04-22,Vídeos sugeridos,0
2022-04-23,Vídeos sugeridos,0
2022-04-24,Vídeos sugeridos,0
2022-04-25,Vídeos sugeridos,2
2022-04-26,Vídeos sugeridos,5
2022-04-27,Vídeos sugeridos,1
2022-04-28,Vídeos sugeridos,1
2022-04-29,Vídeos sugeridos,1
2022-04-30,Vídeos sugeridos,1
2022-05-01,Vídeos sugeridos,0
2022-05-02,Vídeos sugeridos,0
2022-05-03,Vídeos sugeridos,2
2022-05-04,Vídeos sugeridos,0
2022-05-05,Vídeos sugeridos,0
2022-05-06,Vídeos sugeridos,0
2022-05-07,Vídeos sugeridos,1
2022-05-08,Vídeos sugeridos,0
2022-05-09,Vídeos sugeridos,1
2022-05-10,Vídeos sugeridos,1
2022-05-11,Vídeos sugeridos,0
2022-05-12,Vídeos sugeridos,5
2022-05-13,Vídeos sugeridos,2
2022-05-14,Vídeos sugeridos,0
2022-05-15,Vídeos sugeridos,0
2022-05-16,Vídeos sugeridos,1
2022-05-17,Vídeos sugeridos,1
2022-05-18,Vídeos sugeridos,2
2022-05-19,Vídeos sugeridos,0
2022-05-20,Vídeos sugeridos,1
2022-05-21,Vídeos sugeridos,0
2022-05-22,Vídeos sugeridos,1
2022-05-23,Vídeos sugeridos,0
2022-05-24,Vídeos sugeridos,0
2022-05-25,Vídeos sugeridos,0
2022-05-26,Vídeos sugeridos,2
2022-05-27,Vídeos sugeridos,0
2022-05-28,Vídeos sugeridos,0
2022-05-29,Vídeos sugeridos,1
2022-05-30,Vídeos sugeridos,2
2022-05-31,Vídeos sugeridos,0
2022-06-01,Vídeos sugeridos,3
2022-06-02,Vídeos sugeridos,2
2022-06-03,Vídeos sugeridos,1
2022-06-04,Vídeos sugeridos,0
2022-06-05,Vídeos sugeridos,0
2022-06-06,Vídeos sugeridos,0
2022-06-07,Vídeos sugeridos,1
2022-06-08,Vídeos sugeridos,1
2022-06-09,Vídeos sugeridos,0
2022-06-10,Vídeos sugeridos,2
2022-06-11,Vídeos sugeridos,1
2022-06-12,Vídeos sugeridos,0
2022-06-13,Vídeos sugeridos,0
2022-06-14,Vídeos sugeridos,2
2022-06-15,Vídeos sugeridos,1
2022-06-16,Vídeos sugeridos,1
2022-06-17,Vídeos sugeridos,2
2022-06-18,Vídeos sugeridos,4
2022-06-19,Vídeos sugeridos,4
2022-06-20,Vídeos sugeridos,2
2022-06-21,Vídeos sugeridos,0
2022-06-22,Vídeos sugeridos,2
2022-06-23,Vídeos sugeridos,2
2022-06-24,Vídeos sugeridos,0
2022-06-25,Vídeos sugeridos,0
2022-06-26,Vídeos sugeridos,0
2022-06-27,Vídeos sugeridos,2
2022-06-28,Vídeos sugeridos,0
2022-06-29,Vídeos sugeridos,2
2022-06-30,Vídeos sugeridos,1
2022-07-01,Vídeos sugeridos,0
2022-07-02,Vídeos sugeridos,1
2022-07-03,Vídeos sugeridos,0
2022-07-04,Vídeos sugeridos,0
2022-07-05,Vídeos sugeridos,1
2022-07-06,Vídeos sugeridos,0
2022-07-07,Vídeos sugeridos,0
2022-07-08,Vídeos sugeridos,0
2022-07-09,Vídeos sugeridos,0
2022-07-10,Vídeos sugeridos,1
2022-07-11,Vídeos sugeridos,3
2022-07-12,Vídeos sugeridos,0
2022-07-13,Vídeos sugeridos,0
2022-07-14,Vídeos sugeridos,0
2022-07-15,Vídeos sugeridos,1
2022-07-16,Vídeos sugeridos,0
2022-07-17,Vídeos sugeridos,1
2022-07-18,Vídeos sugeridos,0
2022-07-19,Vídeos sugeridos,0
2022-07-20,Vídeos sugeridos,0
2022-07-21,Vídeos sugeridos,0
2022-07-22,Vídeos sugeridos,0
2022-07-23,Vídeos sugeridos,0
2022-07-24,Vídeos sugeridos,0
2022-07-25,Vídeos sugeridos,1
2022-07-26,Vídeos sugeridos,0
2022-07-27,Vídeos sugeridos,0
2022-07-28,Vídeos sugeridos,3
2022-07-29,Vídeos sugeridos,0
2022-07-30,Vídeos sugeridos,0
2022-07-31,Vídeos sugeridos,1
2022-08-01,Vídeos sugeridos,0
2022-08-02,Vídeos sugeridos,1
2022-08-03,Vídeos sugeridos,0
2022-08-04,Vídeos sugeridos,0
2022-08-05,Vídeos sugeridos,0
2022-08-06,Vídeos sugeridos,0
2022-08-07,Vídeos sugeridos,0
2022-08-08,Vídeos sugeridos,0
2022-08-09,Vídeos sugeridos,0
2022-08-10,Vídeos sugeridos,0
2022-08-11,Vídeos sugeridos,2
2022-08-12,Vídeos sugeridos,0
2022-08-13,Vídeos sugeridos,0
2022-08-14,Vídeos sugeridos,0
2022-08-15,Vídeos sugeridos,0
2022-08-16,Vídeos sugeridos,0
2022-08-17,Vídeos sugeridos,0
2022-08-18,Vídeos sugeridos,0
2022-08-19,Vídeos sugeridos,0
2022-08-20,Vídeos sugeridos,0
2022-08-21,Vídeos sugeridos,0
2022-08-22,Vídeos sugeridos,0
2022-08-23,Vídeos sugeridos,2
2022-08-24,Vídeos sugeridos,0
2022-08-25,Vídeos sugeridos,0
2022-08-26,Vídeos sugeridos,0
2022-08-27,Vídeos sugeridos,0
2022-08-28,Vídeos sugeridos,0
2022-08-29,Vídeos sugeridos,0
2022-08-30,Vídeos sugeridos,0
2022-08-31,Vídeos sugeridos,0
2022-09-01,Vídeos sugeridos,0
2022-09-02,Vídeos sugeridos,1
2022-09-03,Vídeos sugeridos,0
2022-09-04,Vídeos sugeridos,0
2022-09-05,Vídeos sugeridos,0
2022-09-06,Vídeos sugeridos,0
2022-09-07,Vídeos sugeridos,0
2022-09-08,Vídeos sugeridos,0
2022-09-09,Vídeos sugeridos,0
2022-09-10,Vídeos sugeridos,0
2022-09-11,Vídeos sugeridos,0
2022-09-12,Vídeos sugeridos,0
2022-09-13,Vídeos sugeridos,0
2022-09-14,Vídeos sugeridos,0
2022-09-15,Vídeos sugeridos,0
2022-09-16,Vídeos sugeridos,0
2022-09-17,Vídeos sugeridos,0
2022-09-18,Vídeos sugeridos,0
2022-09-19,Vídeos sugeridos,0
2022-09-20,Vídeos sugeridos,2
2022-09-21,Vídeos sugeridos,1
2022-09-22,Vídeos sugeridos,0
2022-09-23,Vídeos sugeridos,1
2022-09-24,Vídeos sugeridos,0
2022-09-25,Vídeos sugeridos,0
2022-09-26,Vídeos sugeridos,0
2022-09-27,Vídeos sugeridos,0
2022-09-28,Vídeos sugeridos,1
2022-09-29,Vídeos sugeridos,0
2022-09-30,Vídeos sugeridos,1
2022-10-01,Vídeos sugeridos,0
2022-10-02,Vídeos sugeridos,0
2022-10-03,Vídeos sugeridos,0
2022-10-04,Vídeos sugeridos,0
2022-10-05,Vídeos sugeridos,1
2022-10-06,Vídeos sugeridos,0
2022-10-07,Vídeos sugeridos,2
2022-10-08,Vídeos sugeridos,0
2022-10-09,Vídeos sugeridos,3
2022-10-10,Vídeos sugeridos,1
2022-10-11,Vídeos sugeridos,0
2022-10-12,Vídeos sugeridos,0
2022-10-13,Vídeos sugeridos,0
2022-10-14,Vídeos sugeridos,0
2022-10-15,Vídeos sugeridos,0
2022-10-16,Vídeos sugeridos,0
2022-10-17,Vídeos sugeridos,0
2022-10-18,Vídeos sugeridos,1
2022-10-19,Vídeos sugeridos,2
2022-10-20,Vídeos sugeridos,0
2022-10-21,Vídeos sugeridos,0
2022-10-22,Vídeos sugeridos,1
2022-10-23,Vídeos sugeridos,1
2022-10-24,Vídeos sugeridos,0
2022-10-25,Vídeos sugeridos,0
2022-10-26,Vídeos sugeridos,1
2022-10-27,Vídeos sugeridos,0
2022-10-28,Vídeos sugeridos,0
2022-10-29,Vídeos sugeridos,0
2022-02-21,Otras funciones de YouTube,0
2022-02-22,Otras funciones de YouTube,0
2022-02-23,Otras funciones de YouTube,0
2022-02-24,Otras funciones de YouTube,0
2022-02-25,Otras funciones de YouTube,0
2022-02-26,Otras funciones de YouTube,0
2022-02-27,Otras funciones de YouTube,0
2022-02-28,Otras funciones de YouTube,0
2022-03-01,Otras funciones de YouTube,0
2022-03-02,Otras funciones de YouTube,0
2022-03-03,Otras funciones de YouTube,0
2022-03-04,Otras funciones de YouTube,0
2022-03-05,Otras funciones de YouTube,0
2022-03-06,Otras funciones de YouTube,0
2022-03-07,Otras funciones de YouTube,0
2022-03-08,Otras funciones de YouTube,0
2022-03-09,Otras funciones de YouTube,0
2022-03-10,Otras funciones de YouTube,0
2022-03-11,Otras funciones de YouTube,0
2022-03-12,Otras funciones de YouTube,0
2022-03-13,Otras funciones de YouTube,0
2022-03-14,Otras funciones de YouTube,0
2022-03-15,Otras funciones de YouTube,0
2022-03-16,Otras funciones de YouTube,0
2022-03-17,Otras funciones de YouTube,0
2022-03-18,Otras funciones de YouTube,0
2022-03-19,Otras funciones de YouTube,0
2022-03-20,Otras funciones de YouTube,0
2022-03-21,Otras funciones de YouTube,0
2022-03-22,Otras funciones de YouTube,0
2022-03-23,Otras funciones de YouTube,0
2022-03-24,Otras funciones de YouTube,0
2022-03-25,Otras funciones de YouTube,0
2022-03-26,Otras funciones de YouTube,0
2022-03-27,Otras funciones de YouTube,0
2022-03-28,Otras funciones de YouTube,0
2022-03-29,Otras funciones de YouTube,0
2022-03-30,Otras funciones de YouTube,0
2022-03-31,Otras funciones de YouTube,6
2022-04-01,Otras funciones de YouTube,7
2022-04-02,Otras funciones de YouTube,1
2022-04-03,Otras funciones de YouTube,2
2022-04-04,Otras funciones de YouTube,3
2022-04-05,Otras funciones de YouTube,2
2022-04-06,Otras funciones de YouTube,2
2022-04-07,Otras funciones de YouTube,0
2022-04-08,Otras funciones de YouTube,0
2022-04-09,Otras funciones de YouTube,0
2022-04-10,Otras funciones de YouTube,0
2022-04-11,Otras funciones de YouTube,1
2022-04-12,Otras funciones de YouTube,2
2022-04-13,Otras funciones de YouTube,1
2022-04-14,Otras funciones de YouTube,0
2022-04-15,Otras funciones de YouTube,0
2022-04-16,Otras funciones de YouTube,0
2022-04-17,Otras funciones de YouTube,0
2022-04-18,Otras funciones de YouTube,0
2022-04-19,Otras funciones de YouTube,0
2022-04-20,Otras funciones de YouTube,0
2022-04-21,Otras funciones de YouTube,0
2022-04-22,Otras funciones de YouTube,0
2022-04-23,Otras funciones de YouTube,0
2022-04-24,Otras funciones de YouTube,0
2022-04-25,Otras funciones de YouTube,1
2022-04-26,Otras funciones de YouTube,0
2022-04-27,Otras funciones de YouTube,1
2022-04-28,Otras funciones de YouTube,1
2022-04-29,Otras funciones de YouTube,0
2022-04-30,Otras funciones de YouTube,0
2022-05-01,Otras funciones de YouTube,0
2022-05-02,Otras funciones de YouTube,0
2022-05-03,Otras funciones de YouTube,0
2022-05-04,Otras funciones de YouTube,0
2022-05-05,Otras funciones de YouTube,0
2022-05-06,Otras funciones de YouTube,0
2022-05-07,Otras funciones de YouTube,0
2022-05-08,Otras funciones de YouTube,0
2022-05-09,Otras funciones de YouTube,0
2022-05-10,Otras funciones de YouTube,0
2022-05-11,Otras funciones de YouTube,0
2022-05-12,Otras funciones de YouTube,0
2022-05-13,Otras funciones de YouTube,0
2022-05-14,Otras funciones de YouTube,0
2022-05-15,Otras funciones de YouTube,0
2022-05-16,Otras funciones de YouTube,0
2022-05-17,Otras funciones de YouTube,0
2022-05-18,Otras funciones de YouTube,0
2022-05-19,Otras funciones de YouTube,0
2022-05-20,Otras funciones de YouTube,0
2022-05-21,Otras funciones de YouTube,0
2022-05-22,Otras funciones de YouTube,0
2022-05-23,Otras funciones de YouTube,0
2022-05-24,Otras funciones de YouTube,0
2022-05-25,Otras funciones de YouTube,0
2022-05-26,Otras funciones de YouTube,0
2022-05-27,Otras funciones de YouTube,1
2022-05-28,Otras funciones de YouTube,0
2022-05-29,Otras funciones de YouTube,0
2022-05-30,Otras funciones de YouTube,0
2022-05-31,Otras funciones de YouTube,0
2022-06-01,Otras funciones de YouTube,0
2022-06-02,Otras funciones de YouTube,0
2022-06-03,Otras funciones de YouTube,0
2022-06-04,Otras funciones de YouTube,1
2022-06-05,Otras funciones de YouTube,0
2022-06-06,Otras funciones de YouTube,0
2022-06-07,Otras funciones de YouTube,0
2022-06-08,Otras funciones de YouTube,0
2022-06-09,Otras funciones de YouTube,0
2022-06-10,Otras funciones de YouTube,0
2022-06-11,Otras funciones de YouTube,0
2022-06-12,Otras funciones de YouTube,0
2022-06-13,Otras funciones de YouTube,0
2022-06-14,Otras funciones de YouTube,0
2022-06-15,Otras funciones de YouTube,0
2022-06-16,Otras funciones de YouTube,0
2022-06-17,Otras funciones de YouTube,0
2022-06-18,Otras funciones de YouTube,0
2022-06-19,Otras funciones de YouTube,0
2022-06-20,Otras funciones de YouTube,0
2022-06-21,Otras funciones de YouTube,0
2022-06-22,Otras funciones de YouTube,0
2022-06-23,Otras funciones de YouTube,0
2022-06-24,Otras funciones de YouTube,0
2022-06-25,Otras funciones de YouTube,0
2022-06-26,Otras funciones de YouTube,1
2022-06-27,Otras funciones de YouTube,1
2022-06-28,Otras funciones de YouTube,0
2022-06-29,Otras funciones de YouTube,0
2022-06-30,Otras funciones de YouTube,1
2022-07-01,Otras funciones de YouTube,1
2022-07-02,Otras funciones de YouTube,0
2022-07-03,Otras funciones de YouTube,0
2022-07-04,Otras funciones de YouTube,0
2022-07-05,Otras funciones de YouTube,0
2022-07-06,Otras funciones de YouTube,1
2022-07-07,Otras funciones de YouTube,0
2022-07-08,Otras funciones de YouTube,1
2022-07-09,Otras funciones de YouTube,1
2022-07-10,Otras funciones de YouTube,0
2022-07-11,Otras funciones de YouTube,0
2022-07-12,Otras funciones de YouTube,0
2022-07-13,Otras funciones de YouTube,0
2022-07-14,Otras funciones de YouTube,0
2022-07-15,Otras funciones de YouTube,1
2022-07-16,Otras funciones de YouTube,0
2022-07-17,Otras funciones de YouTube,0
2022-07-18,Otras funciones de YouTube,0
2022-07-19,Otras funciones de YouTube,0
2022-07-20,Otras funciones de YouTube,0
2022-07-21,Otras funciones de YouTube,0
2022-07-22,Otras funciones de YouTube,0
2022-07-23,Otras funciones de YouTube,0
2022-07-24,Otras funciones de YouTube,0
2022-07-25,Otras funciones de YouTube,0
2022-07-26,Otras funciones de YouTube,0
2022-07-27,Otras funciones de YouTube,0
2022-07-28,Otras funciones de YouTube,0
2022-07-29,Otras funciones de YouTube,0
2022-07-30,Otras funciones de YouTube,0
2022-07-31,Otras funciones de YouTube,0
2022-08-01,Otras funciones de YouTube,0
2022-08-02,Otras funciones de YouTube,0
2022-08-03,Otras funciones de YouTube,0
2022-08-04,Otras funciones de YouTube,0
2022-08-05,Otras funciones de YouTube,0
2022-08-06,Otras funciones de YouTube,0
2022-08-07,Otras funciones de YouTube,0
2022-08-08,Otras funciones de YouTube,0
2022-08-09,Otras funciones de YouTube,0
2022-08-10,Otras funciones de YouTube,0
2022-08-11,Otras funciones de YouTube,0
2022-08-12,Otras funciones de YouTube,0
2022-08-13,Otras funciones de YouTube,0
2022-08-14,Otras funciones de YouTube,0
2022-08-15,Otras funciones de YouTube,0
2022-08-16,Otras funciones de YouTube,0
2022-08-17,Otras funciones de YouTube,0
2022-08-18,Otras funciones de YouTube,0
2022-08-19,Otras funciones de YouTube,0
2022-08-20,Otras funciones de YouTube,0
2022-08-21,Otras funciones de YouTube,0
2022-08-22,Otras funciones de YouTube,0
2022-08-23,Otras funciones de YouTube,0
2022-08-24,Otras funciones de YouTube,0
2022-08-25,Otras funciones de YouTube,0
2022-08-26,Otras funciones de YouTube,0
2022-08-27,Otras funciones de YouTube,0
2022-08-28,Otras funciones de YouTube,0
2022-08-29,Otras funciones de YouTube,0
2022-08-30,Otras funciones de YouTube,0
2022-08-31,Otras funciones de YouTube,0
2022-09-01,Otras funciones de YouTube,0
2022-09-02,Otras funciones de YouTube,0
2022-09-03,Otras funciones de YouTube,0
2022-09-04,Otras funciones de YouTube,0
2022-09-05,Otras funciones de YouTube,0
2022-09-06,Otras funciones de YouTube,0
2022-09-07,Otras funciones de YouTube,0
2022-09-08,Otras funciones de YouTube,0
2022-09-09,Otras funciones de YouTube,0
2022-09-10,Otras funciones de YouTube,0
2022-09-11,Otras funciones de YouTube,0
2022-09-12,Otras funciones de YouTube,0
2022-09-13,Otras funciones de YouTube,0
2022-09-14,Otras funciones de YouTube,0
2022-09-15,Otras funciones de YouTube,0
2022-09-16,Otras funciones de YouTube,0
2022-09-17,Otras funciones de YouTube,0
2022-09-18,Otras funciones de YouTube,0
2022-09-19,Otras funciones de YouTube,0
2022-09-20,Otras funciones de YouTube,0
2022-09-21,Otras funciones de YouTube,0
2022-09-22,Otras funciones de YouTube,0
2022-09-23,Otras funciones de YouTube,0
2022-09-24,Otras funciones de YouTube,0
2022-09-25,Otras funciones de YouTube,0
2022-09-26,Otras funciones de YouTube,0
2022-09-27,Otras funciones de YouTube,0
2022-09-28,Otras funciones de YouTube,0
2022-09-29,Otras funciones de YouTube,0
2022-09-30,Otras funciones de YouTube,0
2022-10-01,Otras funciones de YouTube,0
2022-10-02,Otras funciones de YouTube,0
2022-10-03,Otras funciones de YouTube,0
2022-10-04,Otras funciones de YouTube,0
2022-10-05,Otras funciones de YouTube,0
2022-10-06,Otras funciones de YouTube,0
2022-10-07,Otras funciones de YouTube,0
2022-10-08,Otras funciones de YouTube,0
2022-10-09,Otras funciones de YouTube,0
2022-10-10,Otras funciones de YouTube,0
2022-10-11,Otras funciones de YouTube,0
2022-10-12,Otras funciones de YouTube,0
2022-10-13,Otras funciones de YouTube,0
2022-10-14,Otras funciones de YouTube,0
2022-10-15,Otras funciones de YouTube,0
2022-10-16,Otras funciones de YouTube,0
2022-10-17,Otras funciones de YouTube,0
2022-10-18,Otras funciones de YouTube,0
2022-10-19,Otras funciones de YouTube,0
2022-10-20,Otras funciones de YouTube,0
2022-10-21,Otras funciones de YouTube,0
2022-10-22,Otras funciones de YouTube,0
2022-10-23,Otras funciones de YouTube,0
2022-10-24,Otras funciones de YouTube,0
2022-10-25,Otras funciones de YouTube,0
2022-10-26,Otras funciones de YouTube,0
2022-10-27,Otras funciones de YouTube,0
2022-10-28,Otras funciones de YouTube,0
2022-10-29,Otras funciones de YouTube,0
2022-02-21,Fuentes externas,0
2022-02-22,Fuentes externas,0
2022-02-23,Fuentes externas,0
2022-02-24,Fuentes externas,0
2022-02-25,Fuentes externas,0
2022-02-26,Fuentes externas,0
2022-02-27,Fuentes externas,0
2022-02-28,Fuentes externas,0
2022-03-01,Fuentes externas,0
2022-03-02,Fuentes externas,0
2022-03-03,Fuentes externas,0
2022-03-04,Fuentes externas,0
2022-03-05,Fuentes externas,0
2022-03-06,Fuentes externas,0
2022-03-07,Fuentes externas,0
2022-03-08,Fuentes externas,0
2022-03-09,Fuentes externas,0
2022-03-10,Fuentes externas,0
2022-03-11,Fuentes externas,0
2022-03-12,Fuentes externas,0
2022-03-13,Fuentes externas,0
2022-03-14,Fuentes externas,0
2022-03-15,Fuentes externas,0
2022-03-16,Fuentes externas,0
2022-03-17,Fuentes externas,0
2022-03-18,Fuentes externas,0
2022-03-19,Fuentes externas,0
2022-03-20,Fuentes externas,0
2022-03-21,Fuentes externas,0
2022-03-22,Fuentes externas,0
2022-03-23,Fuentes externas,0
2022-03-24,Fuentes externas,0
2022-03-25,Fuentes externas,0
2022-03-26,Fuentes externas,0
2022-03-27,Fuentes externas,0
2022-03-28,Fuentes externas,0
2022-03-29,Fuentes externas,0
2022-03-30,Fuentes externas,0
2022-03-31,Fuentes externas,29
2022-04-01,Fuentes externas,24
2022-04-02,Fuentes externas,14
2022-04-03,Fuentes externas,5
2022-04-04,Fuentes externas,4
2022-04-05,Fuentes externas,0
2022-04-06,Fuentes externas,7
2022-04-07,Fuentes externas,0
2022-04-08,Fuentes externas,1
2022-04-09,Fuentes externas,0
2022-04-10,Fuentes externas,0
2022-04-11,Fuentes externas,2
2022-04-12,Fuentes externas,0
2022-04-13,Fuentes externas,0
2022-04-14,Fuentes externas,0
2022-04-15,Fuentes externas,0
2022-04-16,Fuentes externas,1
2022-04-17,Fuentes externas,0
2022-04-18,Fuentes externas,0
2022-04-19,Fuentes externas,0
2022-04-20,Fuentes externas,1
2022-04-21,Fuentes externas,0
2022-04-22,Fuentes externas,0
2022-04-23,Fuentes externas,0
2022-04-24,Fuentes externas,5
2022-04-25,Fuentes externas,0
2022-04-26,Fuentes externas,0
2022-04-27,Fuentes externas,0
2022-04-28,Fuentes externas,0
2022-04-29,Fuentes externas,0
2022-04-30,Fuentes externas,0
2022-05-01,Fuentes externas,0
2022-05-02,Fuentes externas,0
2022-05-03,Fuentes externas,0
2022-05-04,Fuentes externas,1
2022-05-05,Fuentes externas,0
2022-05-06,Fuentes externas,0
2022-05-07,Fuentes externas,0
2022-05-08,Fuentes externas,0
2022-05-09,Fuentes externas,0
2022-05-10,Fuentes externas,0
2022-05-11,Fuentes externas,0
2022-05-12,Fuentes externas,0
2022-05-13,Fuentes externas,0
2022-05-14,Fuentes externas,0
2022-05-15,Fuentes externas,0
2022-05-16,Fuentes externas,0
2022-05-17,Fuentes externas,1
2022-05-18,Fuentes externas,0
2022-05-19,Fuentes externas,0
2022-05-20,Fuentes externas,1
2022-05-21,Fuentes externas,0
2022-05-22,Fuentes externas,0
2022-05-23,Fuentes externas,0
2022-05-24,Fuentes externas,1
2022-05-25,Fuentes externas,2
2022-05-26,Fuentes externas,1
2022-05-27,Fuentes externas,3
2022-05-28,Fuentes externas,0
2022-05-29,Fuentes externas,0
2022-05-30,Fuentes externas,1
2022-05-31,Fuentes externas,0
2022-06-01,Fuentes externas,0
2022-06-02,Fuentes externas,0
2022-06-03,Fuentes externas,0
2022-06-04,Fuentes externas,0
2022-06-05,Fuentes externas,0
2022-06-06,Fuentes externas,1
2022-06-07,Fuentes externas,0
2022-06-08,Fuentes externas,0
2022-06-09,Fuentes externas,0
2022-06-10,Fuentes externas,1
2022-06-11,Fuentes externas,1
2022-06-12,Fuentes externas,1
2022-06-13,Fuentes externas,0
2022-06-14,Fuentes externas,0
2022-06-15,Fuentes externas,0
2022-06-16,Fuentes externas,0
2022-06-17,Fuentes externas,0
2022-06-18,Fuentes externas,1
2022-06-19,Fuentes externas,0
2022-06-20,Fuentes externas,0
2022-06-21,Fuentes externas,0
2022-06-22,Fuentes externas,0
2022-06-23,Fuentes externas,0
2022-06-24,Fuentes externas,0
2022-06-25,Fuentes externas,0
2022-06-26,Fuentes externas,0
2022-06-27,Fuentes externas,0
2022-06-28,Fuentes externas,0
2022-06-29,Fuentes externas,0
2022-06-30,Fuentes externas,0
2022-07-01,Fuentes externas,0
2022-07-02,Fuentes externas,0
2022-07-03,Fuentes externas,0
2022-07-04,Fuentes externas,0
2022-07-05,Fuentes externas,0
2022-07-06,Fuentes externas,0
2022-07-07,Fuentes externas,0
2022-07-08,Fuentes externas,0
2022-07-09,Fuentes externas,0
2022-07-10,Fuentes externas,0
2022-07-11,Fuentes externas,0
2022-07-12,Fuentes externas,0
2022-07-13,Fuentes externas,0
2022-07-14,Fuentes externas,0
2022-07-15,Fuentes externas,0
2022-07-16,Fuentes externas,0
2022-07-17,Fuentes externas,0
2022-07-18,Fuentes externas,0
2022-07-19,Fuentes externas,1
2022-07-20,Fuentes externas,0
2022-07-21,Fuentes externas,0
2022-07-22,Fuentes externas,0
2022-07-23,Fuentes externas,0
2022-07-24,Fuentes externas,0
2022-07-25,Fuentes externas,0
2022-07-26,Fuentes externas,0
2022-07-27,Fuentes externas,0
2022-07-28,Fuentes externas,0
2022-07-29,Fuentes externas,0
2022-07-30,Fuentes externas,0
2022-07-31,Fuentes externas,0
2022-08-01,Fuentes externas,0
2022-08-02,Fuentes externas,0
2022-08-03,Fuentes externas,1
2022-08-04,Fuentes externas,0
2022-08-05,Fuentes externas,0
2022-08-06,Fuentes externas,0
2022-08-07,Fuentes externas,0
2022-08-08,Fuentes externas,0
2022-08-09,Fuentes externas,0
2022-08-10,Fuentes externas,0
2022-08-11,Fuentes externas,0
2022-08-12,Fuentes externas,0
2022-08-13,Fuentes externas,0
2022-08-14,Fuentes externas,0
2022-08-15,Fuentes externas,0
2022-08-16,Fuentes externas,0
2022-08-17,Fuentes externas,0
2022-08-18,Fuentes externas,0
2022-08-19,Fuentes externas,0
2022-08-20,Fuentes externas,1
2022-08-21,Fuentes externas,0
2022-08-22,Fuentes externas,0
2022-08-23,Fuentes externas,0
2022-08-24,Fuentes externas,0
2022-08-25,Fuentes externas,0
2022-08-26,Fuentes externas,0
2022-08-27,Fuentes externas,0
2022-08-28,Fuentes externas,0
2022-08-29,Fuentes externas,0
2022-08-30,Fuentes externas,0
2022-08-31,Fuentes externas,0
2022-09-01,Fuentes externas,0
2022-09-02,Fuentes externas,0
2022-09-03,Fuentes externas,0
2022-09-04,Fuentes externas,0
2022-09-05,Fuentes externas,0
2022-09-06,Fuentes externas,0
2022-09-07,Fuentes externas,0
2022-09-08,Fuentes externas,0
2022-09-09,Fuentes externas,0
2022-09-10,Fuentes externas,0
2022-09-11,Fuentes externas,0
2022-09-12,Fuentes externas,0
2022-09-13,Fuentes externas,0
2022-09-14,Fuentes externas,0
2022-09-15,Fuentes externas,0
2022-09-16,Fuentes externas,0
2022-09-17,Fuentes externas,0
2022-09-18,Fuentes externas,0
2022-09-19,Fuentes externas,0
2022-09-20,Fuentes externas,0
2022-09-21,Fuentes externas,0
2022-09-22,Fuentes externas,0
2022-09-23,Fuentes externas,0
2022-09-24,Fuentes externas,0
2022-09-25,Fuentes externas,0
2022-09-26,Fuentes externas,0
2022-09-27,Fuentes externas,0
2022-09-28,Fuentes externas,0
2022-09-29,Fuentes externas,0
2022-09-30,Fuentes externas,0
2022-10-01,Fuentes externas,0
2022-10-02,Fuentes externas,0
2022-10-03,Fuentes externas,0
2022-10-04,Fuentes externas,0
2022-10-05,Fuentes externas,0
2022-10-06,Fuentes externas,0
2022-10-07,Fuentes externas,0
2022-10-08,Fuentes externas,0
2022-10-09,Fuentes externas,0
2022-10-10,Fuentes externas,0
2022-10-11,Fuentes externas,0
2022-10-12,Fuentes externas,0
2022-10-13,Fuentes externas,0
2022-10-14,Fuentes externas,0
2022-10-15,Fuentes externas,0
2022-10-16,Fuentes externas,0
2022-10-17,Fuentes externas,0
2022-10-18,Fuentes externas,0
2022-10-19,Fuentes externas,0
2022-10-20,Fuentes externas,0
2022-10-21,Fuentes externas,0
2022-10-22,Fuentes externas,0
2022-10-23,Fuentes externas,0
2022-10-24,Fuentes externas,0
2022-10-25,Fuentes externas,0
2022-10-26,Fuentes externas,0
2022-10-27,Fuentes externas,0
2022-10-28,Fuentes externas,1
2022-10-29,Fuentes externas,2
2022-02-21,Listas de reproducción,0
2022-02-22,Listas de reproducción,0
2022-02-23,Listas de reproducción,0
2022-02-24,Listas de reproducción,0
2022-02-25,Listas de reproducción,0
2022-02-26,Listas de reproducción,0
2022-02-27,Listas de reproducción,0
2022-02-28,Listas de reproducción,0
2022-03-01,Listas de reproducción,0
2022-03-02,Listas de reproducción,0
2022-03-03,Listas de reproducción,0
2022-03-04,Listas de reproducción,0
2022-03-05,Listas de reproducción,0
2022-03-06,Listas de reproducción,0
2022-03-07,Listas de reproducción,0
2022-03-08,Listas de reproducción,0
2022-03-09,Listas de reproducción,0
2022-03-10,Listas de reproducción,0
2022-03-11,Listas de reproducción,0
2022-03-12,Listas de reproducción,0
2022-03-13,Listas de reproducción,0
2022-03-14,Listas de reproducción,0
2022-03-15,Listas de reproducción,0
2022-03-16,Listas de reproducción,0
2022-03-17,Listas de reproducción,0
2022-03-18,Listas de reproducción,0
2022-03-19,Listas de reproducción,0
2022-03-20,Listas de reproducción,0
2022-03-21,Listas de reproducción,0
2022-03-22,Listas de reproducción,0
2022-03-23,Listas de reproducción,0
2022-03-24,Listas de reproducción,0
2022-03-25,Listas de reproducción,0
2022-03-26,Listas de reproducción,0
2022-03-27,Listas de reproducción,0
2022-03-28,Listas de reproducción,0
2022-03-29,Listas de reproducción,0
2022-03-30,Listas de reproducción,0
2022-03-31,Listas de reproducción,2
2022-04-01,Listas de reproducción,5
2022-04-02,Listas de reproducción,0
2022-04-03,Listas de reproducción,0
2022-04-04,Listas de reproducción,1
2022-04-05,Listas de reproducción,4
2022-04-06,Listas de reproducción,3
2022-04-07,Listas de reproducción,0
2022-04-08,Listas de reproducción,0
2022-04-09,Listas de reproducción,0
2022-04-10,Listas de reproducción,3
2022-04-11,Listas de reproducción,0
2022-04-12,Listas de reproducción,0
2022-04-13,Listas de reproducción,1
2022-04-14,Listas de reproducción,0
2022-04-15,Listas de reproducción,0
2022-04-16,Listas de reproducción,0
2022-04-17,Listas de reproducción,0
2022-04-18,Listas de reproducción,0
2022-04-19,Listas de reproducción,0
2022-04-20,Listas de reproducción,0
2022-04-21,Listas de reproducción,0
2022-04-22,Listas de reproducción,0
2022-04-23,Listas de reproducción,0
2022-04-24,Listas de reproducción,0
2022-04-25,Listas de reproducción,0
2022-04-26,Listas de reproducción,0
2022-04-27,Listas de reproducción,0
2022-04-28,Listas de reproducción,0
2022-04-29,Listas de reproducción,0
2022-04-30,Listas de reproducción,0
2022-05-01,Listas de reproducción,0
2022-05-02,Listas de reproducción,0
2022-05-03,Listas de reproducción,1
2022-05-04,Listas de reproducción,0
2022-05-05,Listas de reproducción,0
2022-05-06,Listas de reproducción,0
2022-05-07,Listas de reproducción,0
2022-05-08,Listas de reproducción,0
2022-05-09,Listas de reproducción,0
2022-05-10,Listas de reproducción,0
2022-05-11,Listas de reproducción,0
2022-05-12,Listas de reproducción,0
2022-05-13,Listas de reproducción,0
2022-05-14,Listas de reproducción,0
2022-05-15,Listas de reproducción,0
2022-05-16,Listas de reproducción,0
2022-05-17,Listas de reproducción,0
2022-05-18,Listas de reproducción,1
2022-05-19,Listas de reproducción,1
2022-05-20,Listas de reproducción,0
2022-05-21,Listas de reproducción,0
2022-05-22,Listas de reproducción,0
2022-05-23,Listas de reproducción,0
2022-05-24,Listas de reproducción,0
2022-05-25,Listas de reproducción,0
2022-05-26,Listas de reproducción,0
2022-05-27,Listas de reproducción,1
2022-05-28,Listas de reproducción,0
2022-05-29,Listas de reproducción,1
2022-05-30,Listas de reproducción,1
2022-05-31,Listas de reproducción,0
2022-06-01,Listas de reproducción,0
2022-06-02,Listas de reproducción,0
2022-06-03,Listas de reproducción,0
2022-06-04,Listas de reproducción,0
2022-06-05,Listas de reproducción,0
2022-06-06,Listas de reproducción,0
2022-06-07,Listas de reproducción,1
2022-06-08,Listas de reproducción,0
2022-06-09,Listas de reproducción,0
2022-06-10,Listas de reproducción,0
2022-06-11,Listas de reproducción,0
2022-06-12,Listas de reproducción,0
2022-06-13,Listas de reproducción,0
2022-06-14,Listas de reproducción,0
2022-06-15,Listas de reproducción,0
2022-06-16,Listas de reproducción,1
2022-06-17,Listas de reproducción,0
2022-06-18,Listas de reproducción,0
2022-06-19,Listas de reproducción,0
2022-06-20,Listas de reproducción,0
2022-06-21,Listas de reproducción,0
2022-06-22,Listas de reproducción,0
2022-06-23,Listas de reproducción,0
2022-06-24,Listas de reproducción,0
2022-06-25,Listas de reproducción,1
2022-06-26,Listas de reproducción,0
2022-06-27,Listas de reproducción,0
2022-06-28,Listas de reproducción,0
2022-06-29,Listas de reproducción,0
2022-06-30,Listas de reproducción,0
2022-07-01,Listas de reproducción,1
2022-07-02,Listas de reproducción,2
2022-07-03,Listas de reproducción,0
2022-07-04,Listas de reproducción,0
2022-07-05,Listas de reproducción,0
2022-07-06,Listas de reproducción,0
2022-07-07,Listas de reproducción,0
2022-07-08,Listas de reproducción,0
2022-07-09,Listas de reproducción,0
2022-07-10,Listas de reproducción,0
2022-07-11,Listas de reproducción,0
2022-07-12,Listas de reproducción,0
2022-07-13,Listas de reproducción,0
2022-07-14,Listas de reproducción,0
2022-07-15,Listas de reproducción,0
2022-07-16,Listas de reproducción,0
2022-07-17,Listas de reproducción,0
2022-07-18,Listas de reproducción,0
2022-07-19,Listas de reproducción,1
2022-07-20,Listas de reproducción,0
2022-07-21,Listas de reproducción,0
2022-07-22,Listas de reproducción,0
2022-07-23,Listas de reproducción,0
2022-07-24,Listas de reproducción,0
2022-07-25,Listas de reproducción,0
2022-07-26,Listas de reproducción,0
2022-07-27,Listas de reproducción,0
2022-07-28,Listas de reproducción,0
2022-07-29,Listas de reproducción,0
2022-07-30,Listas de reproducción,0
2022-07-31,Listas de reproducción,0
2022-08-01,Listas de reproducción,0
2022-08-02,Listas de reproducción,0
2022-08-03,Listas de reproducción,0
2022-08-04,Listas de reproducción,0
2022-08-05,Listas de reproducción,0
2022-08-06,Listas de reproducción,0
2022-08-07,Listas de reproducción,0
2022-08-08,Listas de reproducción,0
2022-08-09,Listas de reproducción,0
2022-08-10,Listas de reproducción,0
2022-08-11,Listas de reproducción,0
2022-08-12,Listas de reproducción,0
2022-08-13,Listas de reproducción,0
2022-08-14,Listas de reproducción,0
2022-08-15,Listas de reproducción,0
2022-08-16,Listas de reproducción,0
2022-08-17,Listas de reproducción,0
2022-08-18,Listas de reproducción,0
2022-08-19,Listas de reproducción,0
2022-08-20,Listas de reproducción,0
2022-08-21,Listas de reproducción,0
2022-08-22,Listas de reproducción,0
2022-08-23,Listas de reproducción,0
2022-08-24,Listas de reproducción,0
2022-08-25,Listas de reproducción,0
2022-08-26,Listas de reproducción,0
2022-08-27,Listas de reproducción,0
2022-08-28,Listas de reproducción,0
2022-08-29,Listas de reproducción,0
2022-08-30,Listas de reproducción,0
2022-08-31,Listas de reproducción,0
2022-09-01,Listas de reproducción,0
2022-09-02,Listas de reproducción,1
2022-09-03,Listas de reproducción,0
2022-09-04,Listas de reproducción,0
2022-09-05,Listas de reproducción,0
2022-09-06,Listas de reproducción,0
2022-09-07,Listas de reproducción,0
2022-09-08,Listas de reproducción,0
2022-09-09,Listas de reproducción,0
2022-09-10,Listas de reproducción,0
2022-09-11,Listas de reproducción,0
2022-09-12,Listas de reproducción,0
2022-09-13,Listas de reproducción,0
2022-09-14,Listas de reproducción,0
2022-09-15,Listas de reproducción,0
2022-09-16,Listas de reproducción,0
2022-09-17,Listas de reproducción,0
2022-09-18,Listas de reproducción,0
2022-09-19,Listas de reproducción,0
2022-09-20,Listas de reproducción,0
2022-09-21,Listas de reproducción,0
2022-09-22,Listas de reproducción,0
2022-09-23,Listas de reproducción,0
2022-09-24,Listas de reproducción,0
2022-09-25,Listas de reproducción,0
2022-09-26,Listas de reproducción,0
2022-09-27,Listas de reproducción,0
2022-09-28,Listas de reproducción,0
2022-09-29,Listas de reproducción,0
2022-09-30,Listas de reproducción,0
2022-10-01,Listas de reproducción,0
2022-10-02,Listas de reproducción,0
2022-10-03,Listas de reproducción,0
2022-10-04,Listas de reproducción,1
2022-10-05,Listas de reproducción,1
2022-10-06,Listas de reproducción,0
2022-10-07,Listas de reproducción,0
2022-10-08,Listas de reproducción,0
2022-10-09,Listas de reproducción,0
2022-10-10,Listas de reproducción,0
2022-10-11,Listas de reproducción,0
2022-10-12,Listas de reproducción,0
2022-10-13,Listas de reproducción,0
2022-10-14,Listas de reproducción,0
2022-10-15,Listas de reproducción,0
2022-10-16,Listas de reproducción,0
2022-10-17,Listas de reproducción,0
2022-10-18,Listas de reproducción,0
2022-10-19,Listas de reproducción,0
2022-10-20,Listas de reproducción,0
2022-10-21,Listas de reproducción,0
2022-10-22,Listas de reproducción,0
2022-10-23,Listas de reproducción,0
2022-10-24,Listas de reproducción,0
2022-10-25,Listas de reproducción,0
2022-10-26,Listas de reproducción,0
2022-10-27,Listas de reproducción,0
2022-10-28,Listas de reproducción,0
2022-10-29,Listas de reproducción,0
2022-02-21,Notificaciones,0
2022-02-22,Notificaciones,0
2022-02-23,Notificaciones,0
2022-02-24,Notificaciones,0
2022-02-25,Notificaciones,0
2022-02-26,Notificaciones,0
2022-02-27,Notificaciones,0
2022-02-28,Notificaciones,0
2022-03-01,Notificaciones,0
2022-03-02,Notificaciones,0
2022-03-03,Notificaciones,0
2022-03-04,Notificaciones,0
2022-03-05,Notificaciones,0
2022-03-06,Notificaciones,0
2022-03-07,Notificaciones,0
2022-03-08,Notificaciones,0
2022-03-09,Notificaciones,0
2022-03-10,Notificaciones,0
2022-03-11,Notificaciones,0
2022-03-12,Notificaciones,0
2022-03-13,Notificaciones,0
2022-03-14,Notificaciones,0
2022-03-15,Notificaciones,0
2022-03-16,Notificaciones,0
2022-03-17,Notificaciones,0
2022-03-18,Notificaciones,0
2022-03-19,Notificaciones,0
2022-03-20,Notificaciones,0
2022-03-21,Notificaciones,0
2022-03-22,Notificaciones,0
2022-03-23,Notificaciones,0
2022-03-24,Notificaciones,0
2022-03-25,Notificaciones,0
2022-03-26,Notificaciones,0
2022-03-27,Notificaciones,0
2022-03-28,Notificaciones,0
2022-03-29,Notificaciones,0
2022-03-30,Notificaciones,0
2022-03-31,Notificaciones,118
2022-04-01,Notificaciones,34
2022-04-02,Notificaciones,11
2022-04-03,Notificaciones,3
2022-04-04,Notificaciones,3
2022-04-05,Notificaciones,3
2022-04-06,Notificaciones,0
2022-04-07,Notificaciones,1
2022-04-08,Notificaciones,1
2022-04-09,Notificaciones,0
2022-04-10,Notificaciones,0
2022-04-11,Notificaciones,0
2022-04-12,Notificaciones,0
2022-04-13,Notificaciones,1
2022-04-14,Notificaciones,0
2022-04-15,Notificaciones,1
2022-04-16,Notificaciones,0
2022-04-17,Notificaciones,0
2022-04-18,Notificaciones,0
2022-04-19,Notificaciones,0
2022-04-20,Notificaciones,0
2022-04-21,Notificaciones,0
2022-04-22,Notificaciones,0
2022-04-23,Notificaciones,0
2022-04-24,Notificaciones,0
2022-04-25,Notificaciones,0
2022-04-26,Notificaciones,0
2022-04-27,Notificaciones,0
2022-04-28,Notificaciones,0
2022-04-29,Notificaciones,0
2022-04-30,Notificaciones,0
2022-05-01,Notificaciones,0
2022-05-02,Notificaciones,0
2022-05-03,Notificaciones,0
2022-05-04,Notificaciones,0
2022-05-05,Notificaciones,0
2022-05-06,Notificaciones,0
2022-05-07,Notificaciones,0
2022-05-08,Notificaciones,0
2022-05-09,Notificaciones,0
2022-05-10,Notificaciones,0
2022-05-11,Notificaciones,0
2022-05-12,Notificaciones,0
2022-05-13,Notificaciones,0
2022-05-14,Notificaciones,0
2022-05-15,Notificaciones,0
2022-05-16,Notificaciones,0
2022-05-17,Notificaciones,0
2022-05-18,Notificaciones,0
2022-05-19,Notificaciones,0
2022-05-20,Notificaciones,0
2022-05-21,Notificaciones,0
2022-05-22,Notificaciones,0
2022-05-23,Notificaciones,0
2022-05-24,Notificaciones,0
2022-05-25,Notificaciones,0
2022-05-26,Notificaciones,0
2022-05-27,Notificaciones,0
2022-05-28,Notificaciones,0
2022-05-29,Notificaciones,0
2022-05-30,Notificaciones,0
2022-05-31,Notificaciones,0
2022-06-01,Notificaciones,0
2022-06-02,Notificaciones,0
2022-06-03,Notificaciones,0
2022-06-04,Notificaciones,0
2022-06-05,Notificaciones,0
2022-06-06,Notificaciones,0
2022-06-07,Notificaciones,0
2022-06-08,Notificaciones,0
2022-06-09,Notificaciones,0
2022-06-10,Notificaciones,0
2022-06-11,Notificaciones,0
2022-06-12,Notificaciones,0
2022-06-13,Notificaciones,0
2022-06-14,Notificaciones,0
2022-06-15,Notificaciones,0
2022-06-16,Notificaciones,0
2022-06-17,Notificaciones,0
2022-06-18,Notificaciones,0
2022-06-19,Notificaciones,0
2022-06-20,Notificaciones,0
2022-06-21,Notificaciones,0
2022-06-22,Notificaciones,0
2022-06-23,Notificaciones,0
2022-06-24,Notificaciones,0
2022-06-25,Notificaciones,0
2022-06-26,Notificaciones,0
2022-06-27,Notificaciones,0
2022-06-28,Notificaciones,0
2022-06-29,Notificaciones,0
2022-06-30,Notificaciones,0
2022-07-01,Notificaciones,0
2022-07-02,Notificaciones,0
2022-07-03,Notificaciones,0
2022-07-04,Notificaciones,0
2022-07-05,Notificaciones,0
2022-07-06,Notificaciones,0
2022-07-07,Notificaciones,0
2022-07-08,Notificaciones,0
2022-07-09,Notificaciones,0
2022-07-10,Notificaciones,0
2022-07-11,Notificaciones,0
2022-07-12,Notificaciones,0
2022-07-13,Notificaciones,0
2022-07-14,Notificaciones,0
2022-07-15,Notificaciones,0
2022-07-16,Notificaciones,0
2022-07-17,Notificaciones,0
2022-07-18,Notificaciones,0
2022-07-19,Notificaciones,0
2022-07-20,Notificaciones,0
2022-07-21,Notificaciones,0
2022-07-22,Notificaciones,0
2022-07-23,Notificaciones,0
2022-07-24,Notificaciones,0
2022-07-25,Notificaciones,0
2022-07-26,Notificaciones,0
2022-07-27,Notificaciones,0
2022-07-28,Notificaciones,0
2022-07-29,Notificaciones,0
2022-07-30,Notificaciones,0
2022-07-31,Notificaciones,0
2022-08-01,Notificaciones,0
2022-08-02,Notificaciones,0
2022-08-03,Notificaciones,0
2022-08-04,Notificaciones,0
2022-08-05,Notificaciones,0
2022-08-06,Notificaciones,0
2022-08-07,Notificaciones,0
2022-08-08,Notificaciones,0
2022-08-09,Notificaciones,0
2022-08-10,Notificaciones,0
2022-08-11,Notificaciones,0
2022-08-12,Notificaciones,0
2022-08-13,Notificaciones,0
2022-08-14,Notificaciones,0
2022-08-15,Notificaciones,0
2022-08-16,Notificaciones,0
2022-08-17,Notificaciones,0
2022-08-18,Notificaciones,0
2022-08-19,Notificaciones,0
2022-08-20,Notificaciones,0
2022-08-21,Notificaciones,0
2022-08-22,Notificaciones,0
2022-08-23,Notificaciones,0
2022-08-24,Notificaciones,0
2022-08-25,Notificaciones,0
2022-08-26,Notificaciones,0
2022-08-27,Notificaciones,0
2022-08-28,Notificaciones,0
2022-08-29,Notificaciones,0
2022-08-30,Notificaciones,0
2022-08-31,Notificaciones,0
2022-09-01,Notificaciones,0
2022-09-02,Notificaciones,0
2022-09-03,Notificaciones,0
2022-09-04,Notificaciones,0
2022-09-05,Notificaciones,0
2022-09-06,Notificaciones,0
2022-09-07,Notificaciones,0
2022-09-08,Notificaciones,0
2022-09-09,Notificaciones,0
2022-09-10,Notificaciones,0
2022-09-11,Notificaciones,0
2022-09-12,Notificaciones,0
2022-09-13,Notificaciones,0
2022-09-14,Notificaciones,0
2022-09-15,Notificaciones,0
2022-09-16,Notificaciones,0
2022-09-17,Notificaciones,0
2022-09-18,Notificaciones,0
2022-09-19,Notificaciones,0
2022-09-20,Notificaciones,0
2022-09-21,Notificaciones,0
2022-09-22,Notificaciones,0
2022-09-23,Notificaciones,0
2022-09-24,Notificaciones,0
2022-09-25,Notificaciones,0
2022-09-26,Notificaciones,0
2022-09-27,Notificaciones,0
2022-09-28,Notificaciones,0
2022-09-29,Notificaciones,0
2022-09-30,Notificaciones,0
2022-10-01,Notificaciones,0
2022-10-02,Notificaciones,0
2022-10-03,Notificaciones,0
2022-10-04,Notificaciones,0
2022-10-05,Notificaciones,0
2022-10-06,Notificaciones,0
2022-10-07,Notificaciones,0
2022-10-08,Notificaciones,0
2022-10-09,Notificaciones,0
2022-10-10,Notificaciones,0
2022-10-11,Notificaciones,0
2022-10-12,Notificaciones,0
2022-10-13,Notificaciones,0
2022-10-14,Notificaciones,0
2022-10-15,Notificaciones,0
2022-10-16,Notificaciones,0
2022-10-17,Notificaciones,0
2022-10-18,Notificaciones,0
2022-10-19,Notificaciones,0
2022-10-20,Notificaciones,0
2022-10-21,Notificaciones,0
2022-10-22,Notificaciones,0
2022-10-23,Notificaciones,0
2022-10-24,Notificaciones,0
2022-10-25,Notificaciones,0
2022-10-26,Notificaciones,0
2022-10-27,Notificaciones,0
2022-10-28,Notificaciones,0
2022-10-29,Notificaciones,0
2022-02-21,Página de lista de reproducción,0
2022-02-22,Página de lista de reproducción,0
2022-02-23,Página de lista de reproducción,0
2022-02-24,Página de lista de reproducción,0
2022-02-25,Página de lista de reproducción,0
2022-02-26,Página de lista de reproducción,0
2022-02-27,Página de lista de reproducción,0
2022-02-28,Página de lista de reproducción,0
2022-03-01,Página de lista de reproducción,0
2022-03-02,Página de lista de reproducción,0
2022-03-03,Página de lista de reproducción,0
2022-03-04,Página de lista de reproducción,0
2022-03-05,Página de lista de reproducción,0
2022-03-06,Página de lista de reproducción,0
2022-03-07,Página de lista de reproducción,0
2022-03-08,Página de lista de reproducción,0
2022-03-09,Página de lista de reproducción,0
2022-03-10,Página de lista de reproducción,0
2022-03-11,Página de lista de reproducción,0
2022-03-12,Página de lista de reproducción,0
2022-03-13,Página de lista de reproducción,0
2022-03-14,Página de lista de reproducción,0
2022-03-15,Página de lista de reproducción,0
2022-03-16,Página de lista de reproducción,0
2022-03-17,Página de lista de reproducción,0
2022-03-18,Página de lista de reproducción,0
2022-03-19,Página de lista de reproducción,0
2022-03-20,Página de lista de reproducción,0
2022-03-21,Página de lista de reproducción,0
2022-03-22,Página de lista de reproducción,0
2022-03-23,Página de lista de reproducción,0
2022-03-24,Página de lista de reproducción,0
2022-03-25,Página de lista de reproducción,0
2022-03-26,Página de lista de reproducción,0
2022-03-27,Página de lista de reproducción,0
2022-03-28,Página de lista de reproducción,0
2022-03-29,Página de lista de reproducción,0
2022-03-30,Página de lista de reproducción,0
2022-03-31,Página de lista de reproducción,0
2022-04-01,Página de lista de reproducción,0
2022-04-02,Página de lista de reproducción,0
2022-04-03,Página de lista de reproducción,0
2022-04-04,Página de lista de reproducción,1
2022-04-05,Página de lista de reproducción,1
2022-04-06,Página de lista de reproducción,3
2022-04-07,Página de lista de reproducción,0
2022-04-08,Página de lista de reproducción,0
2022-04-09,Página de lista de reproducción,0
2022-04-10,Página de lista de reproducción,0
2022-04-11,Página de lista de reproducción,0
2022-04-12,Página de lista de reproducción,0
2022-04-13,Página de lista de reproducción,0
2022-04-14,Página de lista de reproducción,0
2022-04-15,Página de lista de reproducción,0
2022-04-16,Página de lista de reproducción,0
2022-04-17,Página de lista de reproducción,1
2022-04-18,Página de lista de reproducción,0
2022-04-19,Página de lista de reproducción,0
2022-04-20,Página de lista de reproducción,0
2022-04-21,Página de lista de reproducción,0
2022-04-22,Página de lista de reproducción,0
2022-04-23,Página de lista de reproducción,0
2022-04-24,Página de lista de reproducción,1
2022-04-25,Página de lista de reproducción,0
2022-04-26,Página de lista de reproducción,0
2022-04-27,Página de lista de reproducción,0
2022-04-28,Página de lista de reproducción,0
2022-04-29,Página de lista de reproducción,0
2022-04-30,Página de lista de reproducción,0
2022-05-01,Página de lista de reproducción,0
2022-05-02,Página de lista de reproducción,0
2022-05-03,Página de lista de reproducción,0
2022-05-04,Página de lista de reproducción,0
2022-05-05,Página de lista de reproducción,0
2022-05-06,Página de lista de reproducción,0
2022-05-07,Página de lista de reproducción,0
2022-05-08,Página de lista de reproducción,0
2022-05-09,Página de lista de reproducción,0
2022-05-10,Página de lista de reproducción,0
2022-05-11,Página de lista de reproducción,0
2022-05-12,Página de lista de reproducción,0
2022-05-13,Página de lista de reproducción,0
2022-05-14,Página de lista de reproducción,0
2022-05-15,Página de lista de reproducción,0
2022-05-16,Página de lista de reproducción,0
2022-05-17,Página de lista de reproducción,0
2022-05-18,Página de lista de reproducción,0
2022-05-19,Página de lista de reproducción,0
2022-05-20,Página de lista de reproducción,0
2022-05-21,Página de lista de reproducción,0
2022-05-22,Página de lista de reproducción,0
2022-05-23,Página de lista de reproducción,0
2022-05-24,Página de lista de reproducción,0
2022-05-25,Página de lista de reproducción,0
2022-05-26,Página de lista de reproducción,0
2022-05-27,Página de lista de reproducción,0
2022-05-28,Página de lista de reproducción,0
2022-05-29,Página de lista de reproducción,0
2022-05-30,Página de lista de reproducción,0
2022-05-31,Página de lista de reproducción,0
2022-06-01,Página de lista de reproducción,0
2022-06-02,Página de lista de reproducción,0
2022-06-03,Página de lista de reproducción,0
2022-06-04,Página de lista de reproducción,0
2022-06-05,Página de lista de reproducción,0
2022-06-06,Página de lista de reproducción,0
2022-06-07,Página de lista de reproducción,0
2022-06-08,Página de lista de reproducción,0
2022-06-09,Página de lista de reproducción,0
2022-06-10,Página de lista de reproducción,0
2022-06-11,Página de lista de reproducción,0
2022-06-12,Página de lista de reproducción,0
2022-06-13,Página de lista de reproducción,0
2022-06-14,Página de lista de reproducción,0
2022-06-15,Página de lista de reproducción,0
2022-06-16,Página de lista de reproducción,1
2022-06-17,Página de lista de reproducción,0
2022-06-18,Página de lista de reproducción,0
2022-06-19,Página de lista de reproducción,0
2022-06-20,Página de lista de reproducción,0
2022-06-21,Página de lista de reproducción,1
2022-06-22,Página de lista de reproducción,0
2022-06-23,Página de lista de reproducción,0
2022-06-24,Página de lista de reproducción,0
2022-06-25,Página de lista de reproducción,0
2022-06-26,Página de lista de reproducción,0
2022-06-27,Página de lista de reproducción,0
2022-06-28,Página de lista de reproducción,0
2022-06-29,Página de lista de reproducción,0
2022-06-30,Página de lista de reproducción,0
2022-07-01,Página de lista de reproducción,0
2022-07-02,Página de lista de reproducción,0
2022-07-03,Página de lista de reproducción,0
2022-07-04,Página de lista de reproducción,0
2022-07-05,Página de lista de reproducción,0
2022-07-06,Página de lista de reproducción,0
2022-07-07,Página de lista de reproducción,0
2022-07-08,Página de lista de reproducción,0
2022-07-09,Página de lista de reproducción,0
2022-07-10,Página de lista de reproducción,0
2022-07-11,Página de lista de reproducción,0
2022-07-12,Página de lista de reproducción,0
2022-07-13,Página de lista de reproducción,0
2022-07-14,Página de lista de reproducción,0
2022-07-15,Página de lista de reproducción,0
2022-07-16,Página de lista de reproducción,0
2022-07-17,Página de lista de reproducción,0
2022-07-18,Página de lista de reproducción,0
2022-07-19,Página de lista de reproducción,0
2022-07-20,Página de lista de reproducción,0
2022-07-21,Página de lista de reproducción,0
2022-07-22,Página de lista de reproducción,0
2022-07-23,Página de lista de reproducción,0
2022-07-24,Página de lista de reproducción,0
2022-07-25,Página de lista de reproducción,0
2022-07-26,Página de lista de reproducción,0
2022-07-27,Página de lista de reproducción,0
2022-07-28,Página de lista de reproducción,0
2022-07-29,Página de lista de reproducción,0
2022-07-30,Página de lista de reproducción,0
2022-07-31,Página de lista de reproducción,0
2022-08-01,Página de lista de reproducción,0
2022-08-02,Página de lista de reproducción,0
2022-08-03,Página de lista de reproducción,0
2022-08-04,Página de lista de reproducción,0
2022-08-05,Página de lista de reproducción,0
2022-08-06,Página de lista de reproducción,0
2022-08-07,Página de lista de reproducción,0
2022-08-08,Página de lista de reproducción,0
2022-08-09,Página de lista de reproducción,0
2022-08-10,Página de lista de reproducción,0
2022-08-11,Página de lista de reproducción,0
2022-08-12,Página de lista de reproducción,0
2022-08-13,Página de lista de reproducción,0
2022-08-14,Página de lista de reproducción,0
2022-08-15,Página de lista de reproducción,0
2022-08-16,Página de lista de reproducción,0
2022-08-17,Página de lista de reproducción,0
2022-08-18,Página de lista de reproducción,0
2022-08-19,Página de lista de reproducción,0
2022-08-20,Página de lista de reproducción,0
2022-08-21,Página de lista de reproducción,0
2022-08-22,Página de lista de reproducción,0
2022-08-23,Página de lista de reproducción,0
2022-08-24,Página de lista de reproducción,0
2022-08-25,Página de lista de reproducción,0
2022-08-26,Página de lista de reproducción,0
2022-08-27,Página de lista de reproducción,0
2022-08-28,Página de lista de reproducción,0
2022-08-29,Página de lista de reproducción,0
2022-08-30,Página de lista de reproducción,0
2022-08-31,Página de lista de reproducción,0
2022-09-01,Página de lista de reproducción,0
2022-09-02,Página de lista de reproducción,0
2022-09-03,Página de lista de reproducción,0
2022-09-04,Página de lista de reproducción,0
2022-09-05,Página de lista de reproducción,0
2022-09-06,Página de lista de reproducción,0
2022-09-07,Página de lista de reproducción,0
2022-09-08,Página de lista de reproducción,0
2022-09-09,Página de lista de reproducción,0
2022-09-10,Página de lista de reproducción,0
2022-09-11,Página de lista de reproducción,0
2022-09-12,Página de lista de reproducción,0
2022-09-13,Página de lista de reproducción,0
2022-09-14,Página de lista de reproducción,0
2022-09-15,Página de lista de reproducción,0
2022-09-16,Página de lista de reproducción,0
2022-09-17,Página de lista de reproducción,0
2022-09-18,Página de lista de reproducción,0
2022-09-19,Página de lista de reproducción,0
2022-09-20,Página de lista de reproducción,0
2022-09-21,Página de lista de reproducción,0
2022-09-22,Página de lista de reproducción,0
2022-09-23,Página de lista de reproducción,0
2022-09-24,Página de lista de reproducción,0
2022-09-25,Página de lista de reproducción,0
2022-09-26,Página de lista de reproducción,0
2022-09-27,Página de lista de reproducción,0
2022-09-28,Página de lista de reproducción,0
2022-09-29,Página de lista de reproducción,0
2022-09-30,Página de lista de reproducción,0
2022-10-01,Página de lista de reproducción,0
2022-10-02,Página de lista de reproducción,0
2022-10-03,Página de lista de reproducción,0
2022-10-04,Página de lista de reproducción,0
2022-10-05,Página de lista de reproducción,0
2022-10-06,Página de lista de reproducción,0
2022-10-07,Página de lista de reproducción,0
2022-10-08,Página de lista de reproducción,0
2022-10-09,Página de lista de reproducción,0
2022-10-10,Página de lista de reproducción,0
2022-10-11,Página de lista de reproducción,0
2022-10-12,Página de lista de reproducción,0
2022-10-13,Página de lista de reproducción,0
2022-10-14,Página de lista de reproducción,0
2022-10-15,Página de lista de reproducción,0
2022-10-16,Página de lista de reproducción,0
2022-10-17,Página de lista de reproducción,0
2022-10-18,Página de lista de reproducción,0
2022-10-19,Página de lista de reproducción,0
2022-10-20,Página de lista de reproducción,0
2022-10-21,Página de lista de reproducción,0
2022-10-22,Página de lista de reproducción,0
2022-10-23,Página de lista de reproducción,0
2022-10-24,Página de lista de reproducción,0
2022-10-25,Página de lista de reproducción,0
2022-10-26,Página de lista de reproducción,0
2022-10-27,Página de lista de reproducción,0
2022-10-28,Página de lista de reproducción,0
2022-10-29,Página de lista de reproducción,0
2022-02-21,Pantallas finales,0
2022-02-22,Pantallas finales,0
2022-02-23,Pantallas finales,0
2022-02-24,Pantallas finales,0
2022-02-25,Pantallas finales,0
2022-02-26,Pantallas finales,0
2022-02-27,Pantallas finales,0
2022-02-28,Pantallas finales,0
2022-03-01,Pantallas finales,0
2022-03-02,Pantallas finales,0
2022-03-03,Pantallas finales,0
2022-03-04,Pantallas finales,0
2022-03-05,Pantallas finales,0
2022-03-06,Pantallas finales,0
2022-03-07,Pantallas finales,0
2022-03-08,Pantallas finales,0
2022-03-09,Pantallas finales,0
2022-03-10,Pantallas finales,0
2022-03-11,Pantallas finales,0
2022-03-12,Pantallas finales,0
2022-03-13,Pantallas finales,0
2022-03-14,Pantallas finales,0
2022-03-15,Pantallas finales,0
2022-03-16,Pantallas finales,0
2022-03-17,Pantallas finales,0
2022-03-18,Pantallas finales,0
2022-03-19,Pantallas finales,0
2022-03-20,Pantallas finales,0
2022-03-21,Pantallas finales,0
2022-03-22,Pantallas finales,0
2022-03-23,Pantallas finales,0
2022-03-24,Pantallas finales,0
2022-03-25,Pantallas finales,0
2022-03-26,Pantallas finales,0
2022-03-27,Pantallas finales,0
2022-03-28,Pantallas finales,0
2022-03-29,Pantallas finales,0
2022-03-30,Pantallas finales,0
2022-03-31,Pantallas finales,0
2022-04-01,Pantallas finales,0
2022-04-02,Pantallas finales,0
2022-04-03,Pantallas finales,1
2022-04-04,Pantallas finales,0
2022-04-05,Pantallas finales,0
2022-04-06,Pantallas finales,3
2022-04-07,Pantallas finales,2
2022-04-08,Pantallas finales,1
2022-04-09,Pantallas finales,0
2022-04-10,Pantallas finales,1
2022-04-11,Pantallas finales,0
2022-04-12,Pantallas finales,1
2022-04-13,Pantallas finales,0
2022-04-14,Pantallas finales,0
2022-04-15,Pantallas finales,0
2022-04-16,Pantallas finales,0
2022-04-17,Pantallas finales,0
2022-04-18,Pantallas finales,1
2022-04-19,Pantallas finales,0
2022-04-20,Pantallas finales,0
2022-04-21,Pantallas finales,0
2022-04-22,Pantallas finales,0
2022-04-23,Pantallas finales,0
2022-04-24,Pantallas finales,0
2022-04-25,Pantallas finales,0
2022-04-26,Pantallas finales,0
2022-04-27,Pantallas finales,0
2022-04-28,Pantallas finales,0
2022-04-29,Pantallas finales,0
2022-04-30,Pantallas finales,0
2022-05-01,Pantallas finales,0
2022-05-02,Pantallas finales,0
2022-05-03,Pantallas finales,0
2022-05-04,Pantallas finales,0
2022-05-05,Pantallas finales,0
2022-05-06,Pantallas finales,0
2022-05-07,Pantallas finales,0
2022-05-08,Pantallas finales,0
2022-05-09,Pantallas finales,0
2022-05-10,Pantallas finales,0
2022-05-11,Pantallas finales,0
2022-05-12,Pantallas finales,0
2022-05-13,Pantallas finales,0
2022-05-14,Pantallas finales,0
2022-05-15,Pantallas finales,0
2022-05-16,Pantallas finales,0
2022-05-17,Pantallas finales,0
2022-05-18,Pantallas finales,0
2022-05-19,Pantallas finales,0
2022-05-20,Pantallas finales,0
2022-05-21,Pantallas finales,0
2022-05-22,Pantallas finales,0
2022-05-23,Pantallas finales,1
2022-05-24,Pantallas finales,0
2022-05-25,Pantallas finales,0
2022-05-26,Pantallas finales,0
2022-05-27,Pantallas finales,0
2022-05-28,Pantallas finales,0
2022-05-29,Pantallas finales,0
2022-05-30,Pantallas finales,0
2022-05-31,Pantallas finales,1
2022-06-01,Pantallas finales,0
2022-06-02,Pantallas finales,1
2022-06-03,Pantallas finales,0
2022-06-04,Pantallas finales,0
2022-06-05,Pantallas finales,0
2022-06-06,Pantallas finales,0
2022-06-07,Pantallas finales,0
2022-06-08,Pantallas finales,0
2022-06-09,Pantallas finales,0
2022-06-10,Pantallas finales,0
2022-06-11,Pantallas finales,0
2022-06-12,Pantallas finales,0
2022-06-13,Pantallas finales,1
2022-06-14,Pantallas finales,0
2022-06-15,Pantallas finales,0
2022-06-16,Pantallas finales,0
2022-06-17,Pantallas finales,1
2022-06-18,Pantallas finales,1
2022-06-19,Pantallas finales,0
2022-06-20,Pantallas finales,0
2022-06-21,Pantallas finales,0
2022-06-22,Pantallas finales,0
2022-06-23,Pantallas finales,0
2022-06-24,Pantallas finales,0
2022-06-25,Pantallas finales,0
2022-06-26,Pantallas finales,0
2022-06-27,Pantallas finales,0
2022-06-28,Pantallas finales,0
2022-06-29,Pantallas finales,0
2022-06-30,Pantallas finales,0
2022-07-01,Pantallas finales,0
2022-07-02,Pantallas finales,0
2022-07-03,Pantallas finales,0
2022-07-04,Pantallas finales,0
2022-07-05,Pantallas finales,0
2022-07-06,Pantallas finales,0
2022-07-07,Pantallas finales,0
2022-07-08,Pantallas finales,0
2022-07-09,Pantallas finales,0
2022-07-10,Pantallas finales,0
2022-07-11,Pantallas finales,0
2022-07-12,Pantallas finales,0
2022-07-13,Pantallas finales,0
2022-07-14,Pantallas finales,0
2022-07-15,Pantallas finales,0
2022-07-16,Pantallas finales,0
2022-07-17,Pantallas finales,0
2022-07-18,Pantallas finales,0
2022-07-19,Pantallas finales,0
2022-07-20,Pantallas finales,0
2022-07-21,Pantallas finales,0
2022-07-22,Pantallas finales,0
2022-07-23,Pantallas finales,0
2022-07-24,Pantallas finales,0
2022-07-25,Pantallas finales,0
2022-07-26,Pantallas finales,0
2022-07-27,Pantallas finales,0
2022-07-28,Pantallas finales,0
2022-07-29,Pantallas finales,0
2022-07-30,Pantallas finales,0
2022-07-31,Pantallas finales,0
2022-08-01,Pantallas finales,0
2022-08-02,Pantallas finales,0
2022-08-03,Pantallas finales,0
2022-08-04,Pantallas finales,0
2022-08-05,Pantallas finales,0
2022-08-06,Pantallas finales,0
2022-08-07,Pantallas finales,0
2022-08-08,Pantallas finales,0
2022-08-09,Pantallas finales,0
2022-08-10,Pantallas finales,0
2022-08-11,Pantallas finales,0
2022-08-12,Pantallas finales,0
2022-08-13,Pantallas finales,0
2022-08-14,Pantallas finales,0
2022-08-15,Pantallas finales,0
2022-08-16,Pantallas finales,0
2022-08-17,Pantallas finales,0
2022-08-18,Pantallas finales,0
2022-08-19,Pantallas finales,0
2022-08-20,Pantallas finales,0
2022-08-21,Pantallas finales,0
2022-08-22,Pantallas finales,0
2022-08-23,Pantallas finales,0
2022-08-24,Pantallas finales,0
2022-08-25,Pantallas finales,0
2022-08-26,Pantallas finales,0
2022-08-27,Pantallas finales,0
2022-08-28,Pantallas finales,0
2022-08-29,Pantallas finales,0
2022-08-30,Pantallas finales,0
2022-08-31,Pantallas finales,0
2022-09-01,Pantallas finales,0
2022-09-02,Pantallas finales,0
2022-09-03,Pantallas finales,0
2022-09-04,Pantallas finales,0
2022-09-05,Pantallas finales,0
2022-09-06,Pantallas finales,0
2022-09-07,Pantallas finales,0
2022-09-08,Pantallas finales,0
2022-09-09,Pantallas finales,0
2022-09-10,Pantallas finales,0
2022-09-11,Pantallas finales,0
2022-09-12,Pantallas finales,0
2022-09-13,Pantallas finales,0
2022-09-14,Pantallas finales,0
2022-09-15,Pantallas finales,0
2022-09-16,Pantallas finales,0
2022-09-17,Pantallas finales,0
2022-09-18,Pantallas finales,0
2022-09-19,Pantallas finales,0
2022-09-20,Pantallas finales,0
2022-09-21,Pantallas finales,0
2022-09-22,Pantallas finales,0
2022-09-23,Pantallas finales,0
2022-09-24,Pantallas finales,0
2022-09-25,Pantallas finales,0
2022-09-26,Pantallas finales,0
2022-09-27,Pantallas finales,0
2022-09-28,Pantallas finales,0
2022-09-29,Pantallas finales,0
2022-09-30,Pantallas finales,0
2022-10-01,Pantallas finales,0
2022-10-02,Pantallas finales,0
2022-10-03,Pantallas finales,0
2022-10-04,Pantallas finales,0
2022-10-05,Pantallas finales,0
2022-10-06,Pantallas finales,0
2022-10-07,Pantallas finales,0
2022-10-08,Pantallas finales,0
2022-10-09,Pantallas finales,0
2022-10-10,Pantallas finales,0
2022-10-11,Pantallas finales,0
2022-10-12,Pantallas finales,0
2022-10-13,Pantallas finales,0
2022-10-14,Pantallas finales,0
2022-10-15,Pantallas finales,0
2022-10-16,Pantallas finales,0
2022-10-17,Pantallas finales,0
2022-10-18,Pantallas finales,0
2022-10-19,Pantallas finales,0
2022-10-20,Pantallas finales,0
2022-10-21,Pantallas finales,0
2022-10-22,Pantallas finales,0
2022-10-23,Pantallas finales,0
2022-10-24,Pantallas finales,0
2022-10-25,Pantallas finales,0
2022-10-26,Pantallas finales,0
2022-10-27,Pantallas finales,0
2022-10-28,Pantallas finales,0
2022-10-29,Pantallas finales,0
