Ciudades,Nombre de la ciudad,Visualizaciones,Tiempo de visualización (horas),Duración media de las visualizaciones
Total,,4248,391.6548,0:05:31
0x9105c5f619ee3ec7:0x14206cb9cc452e4a,Lima,154,13.4712,0:05:14
0x8e3f9bfd2da6cb29:0x239d635520a33914,Bogotá,44,4.3348,0:05:54
0x85ce0026db097507:0x54061076265ee841,Ciudad de México,39,1.8291,0:02:48
0x80da5ead1390ab4f:0xccb99676f67418ab,Thermal,0,0,
0x85d21dd4afab4267:0xce8d74d9edb4d88,Cuautitlán Izcalli,0,0,
0x866576324d9637df:0x2f1d39a9b52c0eb8,McAllen,0,0,
0x89c2a164b2c7bc0b:0x8743868b9c34b76e,Stamford,0,0,
0x8f6297f741d75d2f:0x1c94dcbed1dabe39,Ahuachapán,0,0,
0x910e964104fb82f1:0xf8e45b61c55982fa,Huancayo,0,0,
