Fuente de tráfico,Visualizaciones,Tiempo de visualización (horas),Duración media de las visualizaciones,Impresiones,Porcentaje de clics de las impresiones (%)
Total,2425,252.7545,0:06:15,77884,1.53
Funciones de exploración,1164,97.7316,0:05:02,51978,1.1
Vídeos sugeridos,464,63.2761,0:08:10,10999,2.85
Notificaciones,188,19.3559,0:06:10,,
Páginas de canal,179,23.9258,0:08:01,7370,1.74
Búsqueda de YouTube,179,21.3657,0:07:09,4250,3.32
Otras funciones de YouTube,63,7.2253,0:06:52,,
Directa o desconocida,60,6.3743,0:06:22,,
Fuentes externas,51,3.8851,0:04:34,,
Listas de reproducción,37,4.0497,0:06:34,2085,0.91
Página de lista de reproducción,21,1.9377,0:05:32,1202,1.33
Pantallas finales,11,2.3549,0:12:50,,
Feed de Shorts,5,0.5544,0:06:39,,
Tarjetas de vídeo y anotaciones,3,0.7176,0:14:21,,
