Fuente de tráfico,Visualizaciones,Tiempo de visualización (horas),Duración media de las visualizaciones,Impresiones,Porcentaje de clics de las impresiones (%)
Total,722,4.5453,0:00:22,21834,0.72
Feed de Shorts,328,1.9284,0:00:21,,
Funciones de exploración,152,1.0069,0:00:23,7946,0.54
Páginas de canal,104,0.7972,0:00:27,7635,0.46
Vídeos sugeridos,92,0.4668,0:00:18,5766,1.27
Búsqueda de YouTube,16,0.1152,0:00:25,411,1.22
Notificaciones,15,0.1542,0:00:37,,
Listas de reproducción,5,0.0375,0:00:26,41,2.44
Directa o desconocida,3,0.0078,0:00:09,,
Otras funciones de YouTube,3,0.0194,0:00:23,,
Fuentes externas,2,0.0014,0:00:02,,
Pantallas finales,1,0.0093,0:00:33,,
Páginas de sonido,1,0.0014,0:00:05,,
Página de lista de reproducción,,,,35,0
