Fuente de tráfico,Visualizaciones,Tiempo de visualización (horas),Duración media de las visualizaciones,Impresiones,Porcentaje de clics de las impresiones (%)
Total,1811,142.3578,0:04:42,65215,1.38
Funciones de exploración,1081,75.3886,0:04:11,47348,1.21
Páginas de canal,167,14.7585,0:05:18,7338,1.58
Notificaciones,152,12.9098,0:05:05,,
Vídeos sugeridos,141,14.7472,0:06:16,5020,1.89
Búsqueda de YouTube,75,5.8634,0:04:41,1194,4.77
Listas de reproducción,69,5.7186,0:04:58,2759,1.78
Directa o desconocida,43,2.1049,0:02:56,,
Fuentes externas,30,3.5303,0:07:03,,
Otras funciones de YouTube,27,4.3289,0:09:37,,
Página de lista de reproducción,19,1.4835,0:04:41,1556,0.96
Pantallas finales,6,1.375,0:13:45,,
Tarjetas de vídeo y anotaciones,1,0.1489,0:08:56,,
