Ciudades,Nombre de la ciudad,Visualizaciones,Tiempo de visualización (horas),Duración media de las visualizaciones
Total,,3034,200.6775,0:03:58
0x9105c5f619ee3ec7:0x14206cb9cc452e4a,Lima,79,5.7499,0:04:22
0x8e3f9bfd2da6cb29:0x239d635520a33914,Bogotá,73,4.7964,0:03:56
0x85ce0026db097507:0x54061076265ee841,Ciudad de México,40,2.2281,0:03:20
0x395e848aba5bd449:0x4fcedd11614f6516,Ahmedabad,11,0.0395,0:00:12
0x12a49816718e30e5:0x44b0fb3d4f47660a,Barcelona,0,0,
0x85cfc0bd5ebc7a3b:0x48a6461de494ad95,Heroica Puebla de Zaragoza,0,0,
0x85d1e3705c3ad799:0xe9e0ede4cbef87f7,Chimalhuacán,0,0,
0x89c2a164b2c7bc0b:0x8743868b9c34b76e,Stamford,0,0,
0x91cd18095fc7e881:0xafd08fd090de6ff7,Cuenca,0,0,
