Fuente de tráfico,Visualizaciones,Tiempo de visualización (horas),Duración media de las visualizaciones,Impresiones,Porcentaje de clics de las impresiones (%)
Total,4511,238.5745,0:03:10,183306,0.88
Funciones de exploración,3525,131.7915,0:02:14,168023,0.72
Vídeos sugeridos,293,46.578,0:09:32,5873,3.46
Fuentes externas,179,10.3421,0:03:27,,
Notificaciones,146,12.37,0:05:05,,
Páginas de canal,118,11.6713,0:05:56,6047,1.57
Búsqueda de YouTube,92,8.8216,0:05:45,2168,3.55
Directa o desconocida,73,5.974,0:04:54,,
Otras funciones de YouTube,38,5.2707,0:08:19,,
Pantallas finales,20,3.0526,0:09:09,,
Listas de reproducción,16,0.9414,0:03:31,488,1.84
Página de lista de reproducción,11,1.7612,0:09:36,707,1.13
