Fecha,Fuente de ingresos,Tus ingresos estimados (USD)
2021-09-24,Tus ingresos estimados de anuncios,0.181
2021-09-25,Tus ingresos estimados de anuncios,0.182
2021-09-26,Tus ingresos estimados de anuncios,0.087
2021-09-27,Tus ingresos estimados de anuncios,0.029
2021-09-28,Tus ingresos estimados de anuncios,0.012
2021-09-29,Tus ingresos estimados de anuncios,0.012
2021-09-30,Tus ingresos estimados de anuncios,0.003
2021-10-01,Tus ingresos estimados de anuncios,0
2021-10-02,Tus ingresos estimados de anuncios,0.002
2021-10-03,Tus ingresos estimados de anuncios,0
2021-10-04,Tus ingresos estimados de anuncios,0
2021-10-05,Tus ingresos estimados de anuncios,0
2021-10-06,Tus ingresos estimados de anuncios,0
2021-10-07,Tus ingresos estimados de anuncios,0
2021-10-08,Tus ingresos estimados de anuncios,0
2021-10-09,Tus ingresos estimados de anuncios,0.002
2021-10-10,Tus ingresos estimados de anuncios,0
2021-10-11,Tus ingresos estimados de anuncios,0
2021-10-12,Tus ingresos estimados de anuncios,0.01
2021-10-13,Tus ingresos estimados de anuncios,0
2021-10-14,Tus ingresos estimados de anuncios,0.001
2021-10-15,Tus ingresos estimados de anuncios,0
2021-10-16,Tus ingresos estimados de anuncios,0
2021-10-17,Tus ingresos estimados de anuncios,0
2021-10-18,Tus ingresos estimados de anuncios,0
2021-10-19,Tus ingresos estimados de anuncios,0
2021-10-20,Tus ingresos estimados de anuncios,0
2021-10-21,Tus ingresos estimados de anuncios,0
2021-10-22,Tus ingresos estimados de anuncios,0
2021-10-23,Tus ingresos estimados de anuncios,0
2021-10-24,Tus ingresos estimados de anuncios,0
2021-10-25,Tus ingresos estimados de anuncios,0
2021-10-26,Tus ingresos estimados de anuncios,0
2021-10-27,Tus ingresos estimados de anuncios,0
2021-10-28,Tus ingresos estimados de anuncios,0
2021-10-29,Tus ingresos estimados de anuncios,0
2021-10-30,Tus ingresos estimados de anuncios,0.001
2021-10-31,Tus ingresos estimados de anuncios,0
2021-11-01,Tus ingresos estimados de anuncios,0
2021-11-02,Tus ingresos estimados de anuncios,0
2021-11-03,Tus ingresos estimados de anuncios,0
2021-11-04,Tus ingresos estimados de anuncios,0
2021-11-05,Tus ingresos estimados de anuncios,0
2021-11-06,Tus ingresos estimados de anuncios,0
2021-11-07,Tus ingresos estimados de anuncios,0
2021-11-08,Tus ingresos estimados de anuncios,0
2021-11-09,Tus ingresos estimados de anuncios,0
2021-11-10,Tus ingresos estimados de anuncios,0.001
2021-11-11,Tus ingresos estimados de anuncios,0
2021-11-12,Tus ingresos estimados de anuncios,0
2021-11-13,Tus ingresos estimados de anuncios,0
2021-11-14,Tus ingresos estimados de anuncios,0.001
2021-11-15,Tus ingresos estimados de anuncios,0
2021-11-16,Tus ingresos estimados de anuncios,0
2021-11-17,Tus ingresos estimados de anuncios,0
2021-11-18,Tus ingresos estimados de anuncios,0
2021-11-19,Tus ingresos estimados de anuncios,0
2021-11-20,Tus ingresos estimados de anuncios,0
2021-11-21,Tus ingresos estimados de anuncios,0
2021-11-22,Tus ingresos estimados de anuncios,0
2021-11-23,Tus ingresos estimados de anuncios,0
2021-11-24,Tus ingresos estimados de anuncios,0.001
2021-11-25,Tus ingresos estimados de anuncios,0
2021-11-26,Tus ingresos estimados de anuncios,0
2021-11-27,Tus ingresos estimados de anuncios,0
2021-11-28,Tus ingresos estimados de anuncios,0
2021-11-29,Tus ingresos estimados de anuncios,0
2021-11-30,Tus ingresos estimados de anuncios,0
2021-12-01,Tus ingresos estimados de anuncios,0
2021-12-02,Tus ingresos estimados de anuncios,0
2021-12-03,Tus ingresos estimados de anuncios,0
2021-12-04,Tus ingresos estimados de anuncios,0
2021-12-05,Tus ingresos estimados de anuncios,0.009
2021-12-06,Tus ingresos estimados de anuncios,0.004
2021-12-07,Tus ingresos estimados de anuncios,0
2021-12-08,Tus ingresos estimados de anuncios,0
2021-12-09,Tus ingresos estimados de anuncios,0
2021-12-10,Tus ingresos estimados de anuncios,0
2021-12-11,Tus ingresos estimados de anuncios,0
2021-12-12,Tus ingresos estimados de anuncios,0
2021-12-13,Tus ingresos estimados de anuncios,0.005
2021-12-14,Tus ingresos estimados de anuncios,0
2021-12-15,Tus ingresos estimados de anuncios,0
2021-12-16,Tus ingresos estimados de anuncios,0
2021-12-17,Tus ingresos estimados de anuncios,0
2021-12-18,Tus ingresos estimados de anuncios,0
2021-12-19,Tus ingresos estimados de anuncios,0
2021-12-20,Tus ingresos estimados de anuncios,0
2021-12-21,Tus ingresos estimados de anuncios,0
2021-12-22,Tus ingresos estimados de anuncios,0
2021-12-23,Tus ingresos estimados de anuncios,0
2021-12-24,Tus ingresos estimados de anuncios,0
2021-12-25,Tus ingresos estimados de anuncios,0
2021-12-26,Tus ingresos estimados de anuncios,0
2021-12-27,Tus ingresos estimados de anuncios,0
2021-12-28,Tus ingresos estimados de anuncios,0
2021-12-29,Tus ingresos estimados de anuncios,0
2021-12-30,Tus ingresos estimados de anuncios,0
2021-12-31,Tus ingresos estimados de anuncios,0
2022-01-01,Tus ingresos estimados de anuncios,0
2022-01-02,Tus ingresos estimados de anuncios,0
2022-01-03,Tus ingresos estimados de anuncios,0
2022-01-04,Tus ingresos estimados de anuncios,0
2022-01-05,Tus ingresos estimados de anuncios,0
2022-01-06,Tus ingresos estimados de anuncios,0
2022-01-07,Tus ingresos estimados de anuncios,0
2022-01-08,Tus ingresos estimados de anuncios,0
2022-01-09,Tus ingresos estimados de anuncios,0
2022-01-10,Tus ingresos estimados de anuncios,0
2022-01-11,Tus ingresos estimados de anuncios,0
2022-01-12,Tus ingresos estimados de anuncios,0
2022-01-13,Tus ingresos estimados de anuncios,0
2022-01-14,Tus ingresos estimados de anuncios,0
2022-01-15,Tus ingresos estimados de anuncios,0
2022-01-16,Tus ingresos estimados de anuncios,0
2022-01-17,Tus ingresos estimados de anuncios,0
2022-01-18,Tus ingresos estimados de anuncios,0
2022-01-19,Tus ingresos estimados de anuncios,0
2022-01-20,Tus ingresos estimados de anuncios,0
2022-01-21,Tus ingresos estimados de anuncios,0
2022-01-22,Tus ingresos estimados de anuncios,0
2022-01-23,Tus ingresos estimados de anuncios,0
2022-01-24,Tus ingresos estimados de anuncios,0
2022-01-25,Tus ingresos estimados de anuncios,0
2022-01-26,Tus ingresos estimados de anuncios,0
2022-01-27,Tus ingresos estimados de anuncios,0
2022-01-28,Tus ingresos estimados de anuncios,0
2022-01-29,Tus ingresos estimados de anuncios,0
2022-01-30,Tus ingresos estimados de anuncios,0.001
2022-01-31,Tus ingresos estimados de anuncios,0
2022-02-01,Tus ingresos estimados de anuncios,0
2022-02-02,Tus ingresos estimados de anuncios,0
2022-02-03,Tus ingresos estimados de anuncios,0
2022-02-04,Tus ingresos estimados de anuncios,0
2022-02-05,Tus ingresos estimados de anuncios,0
2022-02-06,Tus ingresos estimados de anuncios,0
2022-02-07,Tus ingresos estimados de anuncios,0
2022-02-08,Tus ingresos estimados de anuncios,0
2022-02-09,Tus ingresos estimados de anuncios,0
2022-02-10,Tus ingresos estimados de anuncios,0
2022-02-11,Tus ingresos estimados de anuncios,0
2022-02-12,Tus ingresos estimados de anuncios,0
2022-02-13,Tus ingresos estimados de anuncios,0
2022-02-14,Tus ingresos estimados de anuncios,0
2022-02-15,Tus ingresos estimados de anuncios,0
2022-02-16,Tus ingresos estimados de anuncios,0
2022-02-17,Tus ingresos estimados de anuncios,0
2022-02-18,Tus ingresos estimados de anuncios,0
2022-02-19,Tus ingresos estimados de anuncios,0
2022-02-20,Tus ingresos estimados de anuncios,0
2022-02-21,Tus ingresos estimados de anuncios,0
2022-02-22,Tus ingresos estimados de anuncios,0
2022-02-23,Tus ingresos estimados de anuncios,0
2022-02-24,Tus ingresos estimados de anuncios,0
2022-02-25,Tus ingresos estimados de anuncios,0
2022-02-26,Tus ingresos estimados de anuncios,0
2022-02-27,Tus ingresos estimados de anuncios,0
2022-02-28,Tus ingresos estimados de anuncios,0
2022-03-01,Tus ingresos estimados de anuncios,0
2022-03-02,Tus ingresos estimados de anuncios,0
2022-03-03,Tus ingresos estimados de anuncios,0
2022-03-04,Tus ingresos estimados de anuncios,0
2022-03-05,Tus ingresos estimados de anuncios,0
2022-03-06,Tus ingresos estimados de anuncios,0
2022-03-07,Tus ingresos estimados de anuncios,0
2022-03-08,Tus ingresos estimados de anuncios,0
2022-03-09,Tus ingresos estimados de anuncios,0
2022-03-10,Tus ingresos estimados de anuncios,0
2022-03-11,Tus ingresos estimados de anuncios,0
2022-03-12,Tus ingresos estimados de anuncios,0
2022-03-13,Tus ingresos estimados de anuncios,0
2022-03-14,Tus ingresos estimados de anuncios,0
2022-03-15,Tus ingresos estimados de anuncios,0
2022-03-16,Tus ingresos estimados de anuncios,0
2022-03-17,Tus ingresos estimados de anuncios,0
2022-03-18,Tus ingresos estimados de anuncios,0
2022-03-19,Tus ingresos estimados de anuncios,0.004
2022-03-20,Tus ingresos estimados de anuncios,0
2022-03-21,Tus ingresos estimados de anuncios,0
2022-03-22,Tus ingresos estimados de anuncios,0.001
2022-03-23,Tus ingresos estimados de anuncios,0
2022-03-24,Tus ingresos estimados de anuncios,0
2022-03-25,Tus ingresos estimados de anuncios,0
2022-03-26,Tus ingresos estimados de anuncios,0
2022-03-27,Tus ingresos estimados de anuncios,0.001
2022-03-28,Tus ingresos estimados de anuncios,0
2022-03-29,Tus ingresos estimados de anuncios,0.001
2022-03-30,Tus ingresos estimados de anuncios,0
2022-03-31,Tus ingresos estimados de anuncios,0
2022-04-01,Tus ingresos estimados de anuncios,0
2022-04-02,Tus ingresos estimados de anuncios,0
2022-04-03,Tus ingresos estimados de anuncios,0
2022-04-04,Tus ingresos estimados de anuncios,0
2022-04-05,Tus ingresos estimados de anuncios,0
2022-04-06,Tus ingresos estimados de anuncios,0
2022-04-07,Tus ingresos estimados de anuncios,0
2022-04-08,Tus ingresos estimados de anuncios,0
2022-04-09,Tus ingresos estimados de anuncios,0
2022-04-10,Tus ingresos estimados de anuncios,0
2022-04-11,Tus ingresos estimados de anuncios,0
2022-04-12,Tus ingresos estimados de anuncios,0
2022-04-13,Tus ingresos estimados de anuncios,0
2022-04-14,Tus ingresos estimados de anuncios,0
2022-04-15,Tus ingresos estimados de anuncios,0
2022-04-16,Tus ingresos estimados de anuncios,0
2022-04-17,Tus ingresos estimados de anuncios,0
2022-04-18,Tus ingresos estimados de anuncios,0
2022-04-19,Tus ingresos estimados de anuncios,0
2022-04-20,Tus ingresos estimados de anuncios,0
2022-04-21,Tus ingresos estimados de anuncios,0
2022-04-22,Tus ingresos estimados de anuncios,0
2022-04-23,Tus ingresos estimados de anuncios,0
2022-04-24,Tus ingresos estimados de anuncios,0
2022-04-25,Tus ingresos estimados de anuncios,0
2022-04-26,Tus ingresos estimados de anuncios,0
2022-04-27,Tus ingresos estimados de anuncios,0
2022-04-28,Tus ingresos estimados de anuncios,0
2022-04-29,Tus ingresos estimados de anuncios,0
2022-04-30,Tus ingresos estimados de anuncios,0
2022-05-01,Tus ingresos estimados de anuncios,0
2022-05-02,Tus ingresos estimados de anuncios,0
2022-05-03,Tus ingresos estimados de anuncios,0
2022-05-04,Tus ingresos estimados de anuncios,0
2022-05-05,Tus ingresos estimados de anuncios,0.001
2022-05-06,Tus ingresos estimados de anuncios,0
2022-05-07,Tus ingresos estimados de anuncios,0
2022-05-08,Tus ingresos estimados de anuncios,0
2022-05-09,Tus ingresos estimados de anuncios,0
2022-05-10,Tus ingresos estimados de anuncios,0
2022-05-11,Tus ingresos estimados de anuncios,0
2022-05-12,Tus ingresos estimados de anuncios,0
2022-05-13,Tus ingresos estimados de anuncios,0
2022-05-14,Tus ingresos estimados de anuncios,0
2022-05-15,Tus ingresos estimados de anuncios,0
2022-05-16,Tus ingresos estimados de anuncios,0
2022-05-17,Tus ingresos estimados de anuncios,0
2022-05-18,Tus ingresos estimados de anuncios,0
2022-05-19,Tus ingresos estimados de anuncios,0
2022-05-20,Tus ingresos estimados de anuncios,0
2022-05-21,Tus ingresos estimados de anuncios,0
2022-05-22,Tus ingresos estimados de anuncios,0
2022-05-23,Tus ingresos estimados de anuncios,0.001
2022-05-24,Tus ingresos estimados de anuncios,0
2022-05-25,Tus ingresos estimados de anuncios,0
2022-05-26,Tus ingresos estimados de anuncios,0.001
2022-05-27,Tus ingresos estimados de anuncios,0
2022-05-28,Tus ingresos estimados de anuncios,0
2022-05-29,Tus ingresos estimados de anuncios,0
2022-05-30,Tus ingresos estimados de anuncios,0
2022-05-31,Tus ingresos estimados de anuncios,0
2022-06-01,Tus ingresos estimados de anuncios,0
2022-06-02,Tus ingresos estimados de anuncios,0
2022-06-03,Tus ingresos estimados de anuncios,0
2022-06-04,Tus ingresos estimados de anuncios,0
2022-06-05,Tus ingresos estimados de anuncios,0
2022-06-06,Tus ingresos estimados de anuncios,0
2022-06-07,Tus ingresos estimados de anuncios,0
2022-06-08,Tus ingresos estimados de anuncios,0
2022-06-09,Tus ingresos estimados de anuncios,0
2022-06-10,Tus ingresos estimados de anuncios,0
2022-06-11,Tus ingresos estimados de anuncios,0
2022-06-12,Tus ingresos estimados de anuncios,0
2022-06-13,Tus ingresos estimados de anuncios,0
2022-06-14,Tus ingresos estimados de anuncios,0
2022-06-15,Tus ingresos estimados de anuncios,0
2022-06-16,Tus ingresos estimados de anuncios,0
2022-06-17,Tus ingresos estimados de anuncios,0
2022-06-18,Tus ingresos estimados de anuncios,0
2022-06-19,Tus ingresos estimados de anuncios,0
2022-06-20,Tus ingresos estimados de anuncios,0
2022-06-21,Tus ingresos estimados de anuncios,0
2022-06-22,Tus ingresos estimados de anuncios,0
2022-06-23,Tus ingresos estimados de anuncios,0
2022-06-24,Tus ingresos estimados de anuncios,0
2022-06-25,Tus ingresos estimados de anuncios,0
2022-06-26,Tus ingresos estimados de anuncios,0
2022-06-27,Tus ingresos estimados de anuncios,0
2022-06-28,Tus ingresos estimados de anuncios,0.001
2022-06-29,Tus ingresos estimados de anuncios,0
2022-06-30,Tus ingresos estimados de anuncios,0
2022-07-01,Tus ingresos estimados de anuncios,0
2022-07-02,Tus ingresos estimados de anuncios,0
2022-07-03,Tus ingresos estimados de anuncios,0
2022-07-04,Tus ingresos estimados de anuncios,0
2022-07-05,Tus ingresos estimados de anuncios,0
2022-07-06,Tus ingresos estimados de anuncios,0
2022-07-07,Tus ingresos estimados de anuncios,0
2022-07-08,Tus ingresos estimados de anuncios,0
2022-07-09,Tus ingresos estimados de anuncios,0
2022-07-10,Tus ingresos estimados de anuncios,0
2022-07-11,Tus ingresos estimados de anuncios,0
2022-07-12,Tus ingresos estimados de anuncios,0
2022-07-13,Tus ingresos estimados de anuncios,0
2022-07-14,Tus ingresos estimados de anuncios,0
2022-07-15,Tus ingresos estimados de anuncios,0
2022-07-16,Tus ingresos estimados de anuncios,0
2022-07-17,Tus ingresos estimados de anuncios,0
2022-07-18,Tus ingresos estimados de anuncios,0
2022-07-19,Tus ingresos estimados de anuncios,0
2022-07-20,Tus ingresos estimados de anuncios,0
2022-07-21,Tus ingresos estimados de anuncios,0
2022-07-22,Tus ingresos estimados de anuncios,0
2022-07-23,Tus ingresos estimados de anuncios,0
2022-07-24,Tus ingresos estimados de anuncios,0
2022-07-25,Tus ingresos estimados de anuncios,0
2022-07-26,Tus ingresos estimados de anuncios,0
2022-07-27,Tus ingresos estimados de anuncios,0
2022-07-28,Tus ingresos estimados de anuncios,0
2022-07-29,Tus ingresos estimados de anuncios,0
2022-07-30,Tus ingresos estimados de anuncios,0
2022-07-31,Tus ingresos estimados de anuncios,0
2022-08-01,Tus ingresos estimados de anuncios,0
2022-08-02,Tus ingresos estimados de anuncios,0
2022-08-03,Tus ingresos estimados de anuncios,0
2022-08-04,Tus ingresos estimados de anuncios,0
2022-08-05,Tus ingresos estimados de anuncios,0
2022-08-06,Tus ingresos estimados de anuncios,0
2022-08-07,Tus ingresos estimados de anuncios,0
2022-08-08,Tus ingresos estimados de anuncios,0
2022-08-09,Tus ingresos estimados de anuncios,0
2022-08-10,Tus ingresos estimados de anuncios,0
2022-08-11,Tus ingresos estimados de anuncios,0
2022-08-12,Tus ingresos estimados de anuncios,0
2022-08-13,Tus ingresos estimados de anuncios,0
2022-08-14,Tus ingresos estimados de anuncios,0
2022-08-15,Tus ingresos estimados de anuncios,0
2022-08-16,Tus ingresos estimados de anuncios,0
2022-08-17,Tus ingresos estimados de anuncios,0
2022-08-18,Tus ingresos estimados de anuncios,0
2022-08-19,Tus ingresos estimados de anuncios,0
2022-08-20,Tus ingresos estimados de anuncios,0
2022-08-21,Tus ingresos estimados de anuncios,0
2022-08-22,Tus ingresos estimados de anuncios,0
2022-08-23,Tus ingresos estimados de anuncios,0
2022-08-24,Tus ingresos estimados de anuncios,0
2022-08-25,Tus ingresos estimados de anuncios,0
2022-08-26,Tus ingresos estimados de anuncios,0
2022-08-27,Tus ingresos estimados de anuncios,0
2022-08-28,Tus ingresos estimados de anuncios,0
2022-08-29,Tus ingresos estimados de anuncios,0
2022-08-30,Tus ingresos estimados de anuncios,0
2022-08-31,Tus ingresos estimados de anuncios,0
2022-09-01,Tus ingresos estimados de anuncios,0
2022-09-02,Tus ingresos estimados de anuncios,0
2022-09-03,Tus ingresos estimados de anuncios,0
2022-09-04,Tus ingresos estimados de anuncios,0
2022-09-05,Tus ingresos estimados de anuncios,0
2022-09-06,Tus ingresos estimados de anuncios,0
2022-09-07,Tus ingresos estimados de anuncios,0
2022-09-08,Tus ingresos estimados de anuncios,0
2022-09-09,Tus ingresos estimados de anuncios,0
2022-09-10,Tus ingresos estimados de anuncios,0
2022-09-11,Tus ingresos estimados de anuncios,0
2022-09-12,Tus ingresos estimados de anuncios,0
2022-09-13,Tus ingresos estimados de anuncios,0
2022-09-14,Tus ingresos estimados de anuncios,0
2022-09-15,Tus ingresos estimados de anuncios,0
2022-09-16,Tus ingresos estimados de anuncios,0
2022-09-17,Tus ingresos estimados de anuncios,0
2022-09-18,Tus ingresos estimados de anuncios,0
2022-09-19,Tus ingresos estimados de anuncios,0
2022-09-20,Tus ingresos estimados de anuncios,0
2022-09-21,Tus ingresos estimados de anuncios,0
2022-09-22,Tus ingresos estimados de anuncios,0
2022-09-23,Tus ingresos estimados de anuncios,0
2022-09-24,Tus ingresos estimados de anuncios,0
2022-09-25,Tus ingresos estimados de anuncios,0
2022-09-26,Tus ingresos estimados de anuncios,0
2022-09-27,Tus ingresos estimados de anuncios,0
2022-09-28,Tus ingresos estimados de anuncios,0
2022-09-29,Tus ingresos estimados de anuncios,0
2022-09-30,Tus ingresos estimados de anuncios,0
2022-10-01,Tus ingresos estimados de anuncios,0
2022-10-02,Tus ingresos estimados de anuncios,0
2022-10-03,Tus ingresos estimados de anuncios,0
2022-10-04,Tus ingresos estimados de anuncios,0
2022-10-05,Tus ingresos estimados de anuncios,0
2022-10-06,Tus ingresos estimados de anuncios,0
2022-10-07,Tus ingresos estimados de anuncios,0
2022-10-08,Tus ingresos estimados de anuncios,0
2022-10-09,Tus ingresos estimados de anuncios,0
2022-10-10,Tus ingresos estimados de anuncios,0
2022-10-11,Tus ingresos estimados de anuncios,0
2022-10-12,Tus ingresos estimados de anuncios,0
2022-10-13,Tus ingresos estimados de anuncios,0
2022-10-14,Tus ingresos estimados de anuncios,0
2022-10-15,Tus ingresos estimados de anuncios,0
2022-10-16,Tus ingresos estimados de anuncios,0
2022-10-17,Tus ingresos estimados de anuncios,0
2022-10-18,Tus ingresos estimados de anuncios,0
2022-10-19,Tus ingresos estimados de anuncios,0
2022-10-20,Tus ingresos estimados de anuncios,0
2022-10-21,Tus ingresos estimados de anuncios,0
2022-10-22,Tus ingresos estimados de anuncios,0
2022-10-23,Tus ingresos estimados de anuncios,0
2022-10-24,Tus ingresos estimados de anuncios,0
2022-10-25,Tus ingresos estimados de anuncios,0
2022-10-26,Tus ingresos estimados de anuncios,0
2022-10-27,Tus ingresos estimados de anuncios,0
2022-10-28,Tus ingresos estimados de anuncios,0
2022-10-29,Tus ingresos estimados de anuncios,0
2021-09-24,Tus ingresos de YouTube Premium,0.001
2021-09-25,Tus ingresos de YouTube Premium,0
2021-09-26,Tus ingresos de YouTube Premium,0
2021-09-27,Tus ingresos de YouTube Premium,0
2021-09-28,Tus ingresos de YouTube Premium,0.001
2021-09-29,Tus ingresos de YouTube Premium,0
2021-09-30,Tus ingresos de YouTube Premium,0
2021-10-01,Tus ingresos de YouTube Premium,0
2021-10-02,Tus ingresos de YouTube Premium,0
2021-10-03,Tus ingresos de YouTube Premium,0
2021-10-04,Tus ingresos de YouTube Premium,0
2021-10-05,Tus ingresos de YouTube Premium,0
2021-10-06,Tus ingresos de YouTube Premium,0
2021-10-07,Tus ingresos de YouTube Premium,0
2021-10-08,Tus ingresos de YouTube Premium,0
2021-10-09,Tus ingresos de YouTube Premium,0
2021-10-10,Tus ingresos de YouTube Premium,0
2021-10-11,Tus ingresos de YouTube Premium,0
2021-10-12,Tus ingresos de YouTube Premium,0
2021-10-13,Tus ingresos de YouTube Premium,0
2021-10-14,Tus ingresos de YouTube Premium,0
2021-10-15,Tus ingresos de YouTube Premium,0
2021-10-16,Tus ingresos de YouTube Premium,0
2021-10-17,Tus ingresos de YouTube Premium,0
2021-10-18,Tus ingresos de YouTube Premium,0
2021-10-19,Tus ingresos de YouTube Premium,0
2021-10-20,Tus ingresos de YouTube Premium,0
2021-10-21,Tus ingresos de YouTube Premium,0
2021-10-22,Tus ingresos de YouTube Premium,0
2021-10-23,Tus ingresos de YouTube Premium,0
2021-10-24,Tus ingresos de YouTube Premium,0
2021-10-25,Tus ingresos de YouTube Premium,0
2021-10-26,Tus ingresos de YouTube Premium,0
2021-10-27,Tus ingresos de YouTube Premium,0
2021-10-28,Tus ingresos de YouTube Premium,0
2021-10-29,Tus ingresos de YouTube Premium,0
2021-10-30,Tus ingresos de YouTube Premium,0
2021-10-31,Tus ingresos de YouTube Premium,0
2021-11-01,Tus ingresos de YouTube Premium,0
2021-11-02,Tus ingresos de YouTube Premium,0
2021-11-03,Tus ingresos de YouTube Premium,0
2021-11-04,Tus ingresos de YouTube Premium,0
2021-11-05,Tus ingresos de YouTube Premium,0
2021-11-06,Tus ingresos de YouTube Premium,0
2021-11-07,Tus ingresos de YouTube Premium,0
2021-11-08,Tus ingresos de YouTube Premium,0
2021-11-09,Tus ingresos de YouTube Premium,0
2021-11-10,Tus ingresos de YouTube Premium,0
2021-11-11,Tus ingresos de YouTube Premium,0
2021-11-12,Tus ingresos de YouTube Premium,0
2021-11-13,Tus ingresos de YouTube Premium,0
2021-11-14,Tus ingresos de YouTube Premium,0
2021-11-15,Tus ingresos de YouTube Premium,0
2021-11-16,Tus ingresos de YouTube Premium,0
2021-11-17,Tus ingresos de YouTube Premium,0
2021-11-18,Tus ingresos de YouTube Premium,0
2021-11-19,Tus ingresos de YouTube Premium,0
2021-11-20,Tus ingresos de YouTube Premium,0
2021-11-21,Tus ingresos de YouTube Premium,0
2021-11-22,Tus ingresos de YouTube Premium,0
2021-11-23,Tus ingresos de YouTube Premium,0
2021-11-24,Tus ingresos de YouTube Premium,0
2021-11-25,Tus ingresos de YouTube Premium,0
2021-11-26,Tus ingresos de YouTube Premium,0
2021-11-27,Tus ingresos de YouTube Premium,0
2021-11-28,Tus ingresos de YouTube Premium,0
2021-11-29,Tus ingresos de YouTube Premium,0
2021-11-30,Tus ingresos de YouTube Premium,0
2021-12-01,Tus ingresos de YouTube Premium,0
2021-12-02,Tus ingresos de YouTube Premium,0
2021-12-03,Tus ingresos de YouTube Premium,0
2021-12-04,Tus ingresos de YouTube Premium,0
2021-12-05,Tus ingresos de YouTube Premium,0
2021-12-06,Tus ingresos de YouTube Premium,0
2021-12-07,Tus ingresos de YouTube Premium,0
2021-12-08,Tus ingresos de YouTube Premium,0
2021-12-09,Tus ingresos de YouTube Premium,0
2021-12-10,Tus ingresos de YouTube Premium,0
2021-12-11,Tus ingresos de YouTube Premium,0
2021-12-12,Tus ingresos de YouTube Premium,0
2021-12-13,Tus ingresos de YouTube Premium,0
2021-12-14,Tus ingresos de YouTube Premium,0
2021-12-15,Tus ingresos de YouTube Premium,0
2021-12-16,Tus ingresos de YouTube Premium,0
2021-12-17,Tus ingresos de YouTube Premium,0
2021-12-18,Tus ingresos de YouTube Premium,0
2021-12-19,Tus ingresos de YouTube Premium,0
2021-12-20,Tus ingresos de YouTube Premium,0
2021-12-21,Tus ingresos de YouTube Premium,0
2021-12-22,Tus ingresos de YouTube Premium,0
2021-12-23,Tus ingresos de YouTube Premium,0
2021-12-24,Tus ingresos de YouTube Premium,0
2021-12-25,Tus ingresos de YouTube Premium,0
2021-12-26,Tus ingresos de YouTube Premium,0
2021-12-27,Tus ingresos de YouTube Premium,0
2021-12-28,Tus ingresos de YouTube Premium,0
2021-12-29,Tus ingresos de YouTube Premium,0
2021-12-30,Tus ingresos de YouTube Premium,0
2021-12-31,Tus ingresos de YouTube Premium,0
2022-01-01,Tus ingresos de YouTube Premium,0
2022-01-02,Tus ingresos de YouTube Premium,0
2022-01-03,Tus ingresos de YouTube Premium,0
2022-01-04,Tus ingresos de YouTube Premium,0
2022-01-05,Tus ingresos de YouTube Premium,0
2022-01-06,Tus ingresos de YouTube Premium,0
2022-01-07,Tus ingresos de YouTube Premium,0
2022-01-08,Tus ingresos de YouTube Premium,0
2022-01-09,Tus ingresos de YouTube Premium,0
2022-01-10,Tus ingresos de YouTube Premium,0
2022-01-11,Tus ingresos de YouTube Premium,0
2022-01-12,Tus ingresos de YouTube Premium,0
2022-01-13,Tus ingresos de YouTube Premium,0
2022-01-14,Tus ingresos de YouTube Premium,0
2022-01-15,Tus ingresos de YouTube Premium,0
2022-01-16,Tus ingresos de YouTube Premium,0
2022-01-17,Tus ingresos de YouTube Premium,0
2022-01-18,Tus ingresos de YouTube Premium,0
2022-01-19,Tus ingresos de YouTube Premium,0
2022-01-20,Tus ingresos de YouTube Premium,0
2022-01-21,Tus ingresos de YouTube Premium,0
2022-01-22,Tus ingresos de YouTube Premium,0
2022-01-23,Tus ingresos de YouTube Premium,0
2022-01-24,Tus ingresos de YouTube Premium,0
2022-01-25,Tus ingresos de YouTube Premium,0
2022-01-26,Tus ingresos de YouTube Premium,0
2022-01-27,Tus ingresos de YouTube Premium,0
2022-01-28,Tus ingresos de YouTube Premium,0
2022-01-29,Tus ingresos de YouTube Premium,0
2022-01-30,Tus ingresos de YouTube Premium,0
2022-01-31,Tus ingresos de YouTube Premium,0
2022-02-01,Tus ingresos de YouTube Premium,0
2022-02-02,Tus ingresos de YouTube Premium,0
2022-02-03,Tus ingresos de YouTube Premium,0
2022-02-04,Tus ingresos de YouTube Premium,0
2022-02-05,Tus ingresos de YouTube Premium,0
2022-02-06,Tus ingresos de YouTube Premium,0
2022-02-07,Tus ingresos de YouTube Premium,0
2022-02-08,Tus ingresos de YouTube Premium,0
2022-02-09,Tus ingresos de YouTube Premium,0
2022-02-10,Tus ingresos de YouTube Premium,0
2022-02-11,Tus ingresos de YouTube Premium,0
2022-02-12,Tus ingresos de YouTube Premium,0
2022-02-13,Tus ingresos de YouTube Premium,0
2022-02-14,Tus ingresos de YouTube Premium,0
2022-02-15,Tus ingresos de YouTube Premium,0
2022-02-16,Tus ingresos de YouTube Premium,0
2022-02-17,Tus ingresos de YouTube Premium,0
2022-02-18,Tus ingresos de YouTube Premium,0
2022-02-19,Tus ingresos de YouTube Premium,0
2022-02-20,Tus ingresos de YouTube Premium,0
2022-02-21,Tus ingresos de YouTube Premium,0
2022-02-22,Tus ingresos de YouTube Premium,0
2022-02-23,Tus ingresos de YouTube Premium,0
2022-02-24,Tus ingresos de YouTube Premium,0
2022-02-25,Tus ingresos de YouTube Premium,0
2022-02-26,Tus ingresos de YouTube Premium,0
2022-02-27,Tus ingresos de YouTube Premium,0
2022-02-28,Tus ingresos de YouTube Premium,0
2022-03-01,Tus ingresos de YouTube Premium,0
2022-03-02,Tus ingresos de YouTube Premium,0
2022-03-03,Tus ingresos de YouTube Premium,0
2022-03-04,Tus ingresos de YouTube Premium,0
2022-03-05,Tus ingresos de YouTube Premium,0
2022-03-06,Tus ingresos de YouTube Premium,0
2022-03-07,Tus ingresos de YouTube Premium,0
2022-03-08,Tus ingresos de YouTube Premium,0
2022-03-09,Tus ingresos de YouTube Premium,0
2022-03-10,Tus ingresos de YouTube Premium,0
2022-03-11,Tus ingresos de YouTube Premium,0
2022-03-12,Tus ingresos de YouTube Premium,0
2022-03-13,Tus ingresos de YouTube Premium,0
2022-03-14,Tus ingresos de YouTube Premium,0
2022-03-15,Tus ingresos de YouTube Premium,0
2022-03-16,Tus ingresos de YouTube Premium,0
2022-03-17,Tus ingresos de YouTube Premium,0
2022-03-18,Tus ingresos de YouTube Premium,0
2022-03-19,Tus ingresos de YouTube Premium,0
2022-03-20,Tus ingresos de YouTube Premium,0
2022-03-21,Tus ingresos de YouTube Premium,0
2022-03-22,Tus ingresos de YouTube Premium,0
2022-03-23,Tus ingresos de YouTube Premium,0
2022-03-24,Tus ingresos de YouTube Premium,0
2022-03-25,Tus ingresos de YouTube Premium,0
2022-03-26,Tus ingresos de YouTube Premium,0
2022-03-27,Tus ingresos de YouTube Premium,0
2022-03-28,Tus ingresos de YouTube Premium,0
2022-03-29,Tus ingresos de YouTube Premium,0
2022-03-30,Tus ingresos de YouTube Premium,0
2022-03-31,Tus ingresos de YouTube Premium,0
2022-04-01,Tus ingresos de YouTube Premium,0
2022-04-02,Tus ingresos de YouTube Premium,0
2022-04-03,Tus ingresos de YouTube Premium,0
2022-04-04,Tus ingresos de YouTube Premium,0
2022-04-05,Tus ingresos de YouTube Premium,0
2022-04-06,Tus ingresos de YouTube Premium,0
2022-04-07,Tus ingresos de YouTube Premium,0
2022-04-08,Tus ingresos de YouTube Premium,0
2022-04-09,Tus ingresos de YouTube Premium,0
2022-04-10,Tus ingresos de YouTube Premium,0
2022-04-11,Tus ingresos de YouTube Premium,0
2022-04-12,Tus ingresos de YouTube Premium,0
2022-04-13,Tus ingresos de YouTube Premium,0
2022-04-14,Tus ingresos de YouTube Premium,0
2022-04-15,Tus ingresos de YouTube Premium,0
2022-04-16,Tus ingresos de YouTube Premium,0
2022-04-17,Tus ingresos de YouTube Premium,0
2022-04-18,Tus ingresos de YouTube Premium,0
2022-04-19,Tus ingresos de YouTube Premium,0
2022-04-20,Tus ingresos de YouTube Premium,0
2022-04-21,Tus ingresos de YouTube Premium,0
2022-04-22,Tus ingresos de YouTube Premium,0
2022-04-23,Tus ingresos de YouTube Premium,0
2022-04-24,Tus ingresos de YouTube Premium,0
2022-04-25,Tus ingresos de YouTube Premium,0
2022-04-26,Tus ingresos de YouTube Premium,0
2022-04-27,Tus ingresos de YouTube Premium,0
2022-04-28,Tus ingresos de YouTube Premium,0
2022-04-29,Tus ingresos de YouTube Premium,0
2022-04-30,Tus ingresos de YouTube Premium,0
2022-05-01,Tus ingresos de YouTube Premium,0
2022-05-02,Tus ingresos de YouTube Premium,0
2022-05-03,Tus ingresos de YouTube Premium,0
2022-05-04,Tus ingresos de YouTube Premium,0
2022-05-05,Tus ingresos de YouTube Premium,0
2022-05-06,Tus ingresos de YouTube Premium,0
2022-05-07,Tus ingresos de YouTube Premium,0
2022-05-08,Tus ingresos de YouTube Premium,0
2022-05-09,Tus ingresos de YouTube Premium,0
2022-05-10,Tus ingresos de YouTube Premium,0
2022-05-11,Tus ingresos de YouTube Premium,0
2022-05-12,Tus ingresos de YouTube Premium,0
2022-05-13,Tus ingresos de YouTube Premium,0
2022-05-14,Tus ingresos de YouTube Premium,0
2022-05-15,Tus ingresos de YouTube Premium,0
2022-05-16,Tus ingresos de YouTube Premium,0
2022-05-17,Tus ingresos de YouTube Premium,0
2022-05-18,Tus ingresos de YouTube Premium,0
2022-05-19,Tus ingresos de YouTube Premium,0
2022-05-20,Tus ingresos de YouTube Premium,0
2022-05-21,Tus ingresos de YouTube Premium,0
2022-05-22,Tus ingresos de YouTube Premium,0
2022-05-23,Tus ingresos de YouTube Premium,0
2022-05-24,Tus ingresos de YouTube Premium,0
2022-05-25,Tus ingresos de YouTube Premium,0
2022-05-26,Tus ingresos de YouTube Premium,0
2022-05-27,Tus ingresos de YouTube Premium,0
2022-05-28,Tus ingresos de YouTube Premium,0
2022-05-29,Tus ingresos de YouTube Premium,0
2022-05-30,Tus ingresos de YouTube Premium,0
2022-05-31,Tus ingresos de YouTube Premium,0
2022-06-01,Tus ingresos de YouTube Premium,0
2022-06-02,Tus ingresos de YouTube Premium,0
2022-06-03,Tus ingresos de YouTube Premium,0
2022-06-04,Tus ingresos de YouTube Premium,0
2022-06-05,Tus ingresos de YouTube Premium,0
2022-06-06,Tus ingresos de YouTube Premium,0
2022-06-07,Tus ingresos de YouTube Premium,0
2022-06-08,Tus ingresos de YouTube Premium,0
2022-06-09,Tus ingresos de YouTube Premium,0
2022-06-10,Tus ingresos de YouTube Premium,0
2022-06-11,Tus ingresos de YouTube Premium,0
2022-06-12,Tus ingresos de YouTube Premium,0
2022-06-13,Tus ingresos de YouTube Premium,0
2022-06-14,Tus ingresos de YouTube Premium,0
2022-06-15,Tus ingresos de YouTube Premium,0
2022-06-16,Tus ingresos de YouTube Premium,0
2022-06-17,Tus ingresos de YouTube Premium,0
2022-06-18,Tus ingresos de YouTube Premium,0
2022-06-19,Tus ingresos de YouTube Premium,0
2022-06-20,Tus ingresos de YouTube Premium,0
2022-06-21,Tus ingresos de YouTube Premium,0
2022-06-22,Tus ingresos de YouTube Premium,0
2022-06-23,Tus ingresos de YouTube Premium,0
2022-06-24,Tus ingresos de YouTube Premium,0
2022-06-25,Tus ingresos de YouTube Premium,0
2022-06-26,Tus ingresos de YouTube Premium,0
2022-06-27,Tus ingresos de YouTube Premium,0
2022-06-28,Tus ingresos de YouTube Premium,0
2022-06-29,Tus ingresos de YouTube Premium,0
2022-06-30,Tus ingresos de YouTube Premium,0
2022-07-01,Tus ingresos de YouTube Premium,0
2022-07-02,Tus ingresos de YouTube Premium,0
2022-07-03,Tus ingresos de YouTube Premium,0
2022-07-04,Tus ingresos de YouTube Premium,0
2022-07-05,Tus ingresos de YouTube Premium,0
2022-07-06,Tus ingresos de YouTube Premium,0
2022-07-07,Tus ingresos de YouTube Premium,0
2022-07-08,Tus ingresos de YouTube Premium,0
2022-07-09,Tus ingresos de YouTube Premium,0
2022-07-10,Tus ingresos de YouTube Premium,0
2022-07-11,Tus ingresos de YouTube Premium,0
2022-07-12,Tus ingresos de YouTube Premium,0
2022-07-13,Tus ingresos de YouTube Premium,0
2022-07-14,Tus ingresos de YouTube Premium,0
2022-07-15,Tus ingresos de YouTube Premium,0
2022-07-16,Tus ingresos de YouTube Premium,0
2022-07-17,Tus ingresos de YouTube Premium,0
2022-07-18,Tus ingresos de YouTube Premium,0
2022-07-19,Tus ingresos de YouTube Premium,0
2022-07-20,Tus ingresos de YouTube Premium,0
2022-07-21,Tus ingresos de YouTube Premium,0
2022-07-22,Tus ingresos de YouTube Premium,0
2022-07-23,Tus ingresos de YouTube Premium,0
2022-07-24,Tus ingresos de YouTube Premium,0
2022-07-25,Tus ingresos de YouTube Premium,0
2022-07-26,Tus ingresos de YouTube Premium,0
2022-07-27,Tus ingresos de YouTube Premium,0
2022-07-28,Tus ingresos de YouTube Premium,0
2022-07-29,Tus ingresos de YouTube Premium,0
2022-07-30,Tus ingresos de YouTube Premium,0
2022-07-31,Tus ingresos de YouTube Premium,0
2022-08-01,Tus ingresos de YouTube Premium,0
2022-08-02,Tus ingresos de YouTube Premium,0
2022-08-03,Tus ingresos de YouTube Premium,0
2022-08-04,Tus ingresos de YouTube Premium,0
2022-08-05,Tus ingresos de YouTube Premium,0
2022-08-06,Tus ingresos de YouTube Premium,0
2022-08-07,Tus ingresos de YouTube Premium,0
2022-08-08,Tus ingresos de YouTube Premium,0
2022-08-09,Tus ingresos de YouTube Premium,0
2022-08-10,Tus ingresos de YouTube Premium,0
2022-08-11,Tus ingresos de YouTube Premium,0
2022-08-12,Tus ingresos de YouTube Premium,0
2022-08-13,Tus ingresos de YouTube Premium,0
2022-08-14,Tus ingresos de YouTube Premium,0
2022-08-15,Tus ingresos de YouTube Premium,0
2022-08-16,Tus ingresos de YouTube Premium,0
2022-08-17,Tus ingresos de YouTube Premium,0
2022-08-18,Tus ingresos de YouTube Premium,0
2022-08-19,Tus ingresos de YouTube Premium,0
2022-08-20,Tus ingresos de YouTube Premium,0
2022-08-21,Tus ingresos de YouTube Premium,0
2022-08-22,Tus ingresos de YouTube Premium,0
2022-08-23,Tus ingresos de YouTube Premium,0
2022-08-24,Tus ingresos de YouTube Premium,0
2022-08-25,Tus ingresos de YouTube Premium,0
2022-08-26,Tus ingresos de YouTube Premium,0
2022-08-27,Tus ingresos de YouTube Premium,0
2022-08-28,Tus ingresos de YouTube Premium,0
2022-08-29,Tus ingresos de YouTube Premium,0
2022-08-30,Tus ingresos de YouTube Premium,0
2022-08-31,Tus ingresos de YouTube Premium,0
2022-09-01,Tus ingresos de YouTube Premium,0
2022-09-02,Tus ingresos de YouTube Premium,0
2022-09-03,Tus ingresos de YouTube Premium,0
2022-09-04,Tus ingresos de YouTube Premium,0
2022-09-05,Tus ingresos de YouTube Premium,0
2022-09-06,Tus ingresos de YouTube Premium,0
2022-09-07,Tus ingresos de YouTube Premium,0
2022-09-08,Tus ingresos de YouTube Premium,0
2022-09-09,Tus ingresos de YouTube Premium,0
2022-09-10,Tus ingresos de YouTube Premium,0
2022-09-11,Tus ingresos de YouTube Premium,0
2022-09-12,Tus ingresos de YouTube Premium,0
2022-09-13,Tus ingresos de YouTube Premium,0
2022-09-14,Tus ingresos de YouTube Premium,0
2022-09-15,Tus ingresos de YouTube Premium,0
2022-09-16,Tus ingresos de YouTube Premium,0
2022-09-17,Tus ingresos de YouTube Premium,0
2022-09-18,Tus ingresos de YouTube Premium,0
2022-09-19,Tus ingresos de YouTube Premium,0
2022-09-20,Tus ingresos de YouTube Premium,0
2022-09-21,Tus ingresos de YouTube Premium,0
2022-09-22,Tus ingresos de YouTube Premium,0
2022-09-23,Tus ingresos de YouTube Premium,0
2022-09-24,Tus ingresos de YouTube Premium,0
2022-09-25,Tus ingresos de YouTube Premium,0
2022-09-26,Tus ingresos de YouTube Premium,0
2022-09-27,Tus ingresos de YouTube Premium,0
2022-09-28,Tus ingresos de YouTube Premium,0
2022-09-29,Tus ingresos de YouTube Premium,0
2022-09-30,Tus ingresos de YouTube Premium,0
2022-10-01,Tus ingresos de YouTube Premium,0
2022-10-02,Tus ingresos de YouTube Premium,0
2022-10-03,Tus ingresos de YouTube Premium,0
2022-10-04,Tus ingresos de YouTube Premium,0
2022-10-05,Tus ingresos de YouTube Premium,0
2022-10-06,Tus ingresos de YouTube Premium,0
2022-10-07,Tus ingresos de YouTube Premium,0
2022-10-08,Tus ingresos de YouTube Premium,0
2022-10-09,Tus ingresos de YouTube Premium,0
2022-10-10,Tus ingresos de YouTube Premium,0
2022-10-11,Tus ingresos de YouTube Premium,0
2022-10-12,Tus ingresos de YouTube Premium,0
2022-10-13,Tus ingresos de YouTube Premium,0
2022-10-14,Tus ingresos de YouTube Premium,0
2022-10-15,Tus ingresos de YouTube Premium,0
2022-10-16,Tus ingresos de YouTube Premium,0
2022-10-17,Tus ingresos de YouTube Premium,0
2022-10-18,Tus ingresos de YouTube Premium,0
2022-10-19,Tus ingresos de YouTube Premium,0
2022-10-20,Tus ingresos de YouTube Premium,0
2022-10-21,Tus ingresos de YouTube Premium,0
2022-10-22,Tus ingresos de YouTube Premium,0
2022-10-23,Tus ingresos de YouTube Premium,0
2022-10-24,Tus ingresos de YouTube Premium,0
2022-10-25,Tus ingresos de YouTube Premium,0
2022-10-26,Tus ingresos de YouTube Premium,0
2022-10-27,Tus ingresos de YouTube Premium,0
2022-10-28,Tus ingresos de YouTube Premium,0
2022-10-29,Tus ingresos de YouTube Premium,0
