Fuente de tráfico,Visualizaciones,Tiempo de visualización (horas),Duración media de las visualizaciones,Impresiones,Porcentaje de clics de las impresiones (%)
Total,5936,243.6507,0:02:27,67760,5.51
Búsqueda de YouTube,2234,91.5429,0:02:27,15624,12.7
Listas de reproducción,2046,92.6255,0:02:42,21635,5.61
Fuentes externas,493,18.6599,0:02:16,,
Funciones de exploración,380,12.4966,0:01:58,10659,2.03
Notificaciones,163,5.1702,0:01:54,,
Página de lista de reproducción,157,6.4554,0:02:28,5307,2.43
Páginas de canal,141,4.9093,0:02:05,11411,0.9
Vídeos sugeridos,130,4.9256,0:02:16,3124,2.72
Directa o desconocida,118,3.9505,0:02:00,,
Otras funciones de YouTube,70,2.7546,0:02:21,,
Pantallas finales,4,0.1603,0:02:24,,
