Fuente de tráfico,Visualizaciones,Tiempo de visualización (horas),Duración media de las visualizaciones,Impresiones,Porcentaje de clics de las impresiones (%)
Total,1759,101.0199,0:03:26,58749,1.23
Funciones de exploración,988,51.4908,0:03:07,42514,1.06
Notificaciones,173,9.667,0:03:21,,
Fuentes externas,162,5.3755,0:01:59,,
Páginas de canal,147,9.1836,0:03:44,9530,1.33
Vídeos sugeridos,83,7.9062,0:05:42,3807,1.68
Búsqueda de YouTube,77,5.9548,0:04:38,1512,4.1
Directa o desconocida,65,4.4293,0:04:05,,
Listas de reproducción,25,1.3064,0:03:08,905,2.1
Pantallas finales,21,3.0474,0:08:42,,
Otras funciones de YouTube,14,2.31,0:09:54,,
Página de lista de reproducción,4,0.3489,0:05:14,481,0
