Fuente de tráfico,Visualizaciones,Tiempo de visualización (horas),Duración media de las visualizaciones,Impresiones,Porcentaje de clics de las impresiones (%)
Total,1504,19.6885,0:00:47,38308,1.93
Listas de reproducción,762,8.9138,0:00:42,13939,2.37
Búsqueda de YouTube,267,4.3775,0:00:59,2378,9.76
Funciones de exploración,155,1.9893,0:00:46,8245,1.22
Notificaciones,139,1.7895,0:00:46,,
Páginas de canal,57,0.8141,0:00:51,7943,0.5
Vídeos sugeridos,34,0.505,0:00:53,1416,1.13
Página de lista de reproducción,31,0.4225,0:00:49,4387,0.43
Fuentes externas,29,0.4615,0:00:57,,
Otras funciones de YouTube,17,0.2747,0:00:58,,
Directa o desconocida,12,0.1186,0:00:35,,
Pantallas finales,1,0.0221,0:01:19,,
