Ciudades,Nombre de la ciudad,Visualizaciones,Tiempo de visualización (horas),Duración media de las visualizaciones
Total,,2821,160.71,0:03:25
0x9105c5f619ee3ec7:0x14206cb9cc452e4a,Lima,85,5.3535,0:03:46
0x8e3f9bfd2da6cb29:0x239d635520a33914,Bogotá,49,3.2883,0:04:01
0x3109513dc76a6be3:0x9c010ee85ab525bb,Nom Pen,30,0.2432,0:00:29
0x85ce0026db097507:0x54061076265ee841,Ciudad de México,23,1.2201,0:03:10
0x8f633be79926ef01:0xa400eac0e14af99b,Apopa,0,0,
0x91ad3d7fe3fae92d:0xd3bc7d125d4e8508,Trujillo,0,0,
0x91b4fb78d9a7d97b:0x294ab9942e16274a,Jaén,0,0,
0x945da8076e69dbf5:0xaceb7a46bf1936c9,Asunción,0,0,
