Fuente de tráfico,Visualizaciones,Tiempo de visualización (horas),Duración media de las visualizaciones,Impresiones,Porcentaje de clics de las impresiones (%)
Total,1824,10.7921,0:00:21,42068,1.73
Búsqueda de YouTube,1021,5.8982,0:00:20,15786,2.98
Feed de Shorts,252,1.3635,0:00:19,,
Funciones de exploración,250,1.5439,0:00:22,13715,0.74
Páginas de canal,122,0.7596,0:00:22,6775,1.06
Vídeos sugeridos,94,0.6276,0:00:24,5570,1.47
Notificaciones,55,0.4394,0:00:28,,
Otras funciones de YouTube,8,0.0403,0:00:18,,
Fuentes externas,7,0.057,0:00:29,,
Página de lista de reproducción,6,0.0201,0:00:12,126,2.38
Listas de reproducción,5,0.029,0:00:20,96,1.04
Directa o desconocida,4,0.0134,0:00:12,,
