Fuente de tráfico,Visualizaciones,Tiempo de visualización (horas),Duración media de las visualizaciones,Impresiones,Porcentaje de clics de las impresiones (%)
Total,3011,59.3655,0:01:10,43459,4.14
Búsqueda de YouTube,1005,22.3229,0:01:19,5561,15.29
Listas de reproducción,826,14.1845,0:01:01,12729,3.05
Funciones de exploración,503,9.5759,0:01:08,9430,3
Notificaciones,227,4.4185,0:01:10,,
Vídeos sugeridos,208,4.1039,0:01:11,3593,4.04
Páginas de canal,131,2.82,0:01:17,7899,1.18
Página de lista de reproducción,48,0.9395,0:01:10,4247,0.92
Otras funciones de YouTube,29,0.7018,0:01:27,,
Directa o desconocida,19,0.1624,0:00:30,,
Fuentes externas,13,0.1052,0:00:29,,
Pantallas finales,2,0.0309,0:00:55,,
