Fuente de tráfico,Visualizaciones,Tiempo de visualización (horas),Duración media de las visualizaciones,Impresiones,Porcentaje de clics de las impresiones (%)
Total,711,6.5255,0:00:33,26138,1.21
Vídeos sugeridos,225,2.0686,0:00:33,13400,1.53
Funciones de exploración,150,1.2811,0:00:30,6286,0.83
Feed de Shorts,150,1.0262,0:00:24,,
Páginas de canal,101,0.9277,0:00:33,4727,0.7
Búsqueda de YouTube,39,0.2993,0:00:27,1382,1.23
Notificaciones,14,0.5372,0:02:18,,
Listas de reproducción,12,0.1865,0:00:55,165,2.42
Otras funciones de YouTube,7,0.0673,0:00:34,,
Directa o desconocida,5,0.0699,0:00:50,,
Página de lista de reproducción,5,0.0386,0:00:27,178,2.25
Fuentes externas,2,0.0189,0:00:34,,
Pantallas finales,1,0.0041,0:00:14,,
