Fecha,Fuente de ingresos,Tus ingresos estimados (USD)
2022-04-25,Tus ingresos estimados de anuncios,0
2022-04-26,Tus ingresos estimados de anuncios,0
2022-04-27,Tus ingresos estimados de anuncios,0.675
2022-04-28,Tus ingresos estimados de anuncios,0.287
2022-04-29,Tus ingresos estimados de anuncios,0.165
2022-04-30,Tus ingresos estimados de anuncios,0.053
2022-05-01,Tus ingresos estimados de anuncios,0.051
2022-05-02,Tus ingresos estimados de anuncios,0.084
2022-05-03,Tus ingresos estimados de anuncios,0.063
2022-05-04,Tus ingresos estimados de anuncios,0.079
2022-05-05,Tus ingresos estimados de anuncios,0.017
2022-05-06,Tus ingresos estimados de anuncios,0.018
2022-05-07,Tus ingresos estimados de anuncios,0.09
2022-05-08,Tus ingresos estimados de anuncios,0.011
2022-05-09,Tus ingresos estimados de anuncios,0.016
2022-05-10,Tus ingresos estimados de anuncios,0.05
2022-05-11,Tus ingresos estimados de anuncios,0.012
2022-05-12,Tus ingresos estimados de anuncios,0.02
2022-05-13,Tus ingresos estimados de anuncios,0.013
2022-05-14,Tus ingresos estimados de anuncios,0.017
2022-05-15,Tus ingresos estimados de anuncios,0.042
2022-05-16,Tus ingresos estimados de anuncios,0.069
2022-05-17,Tus ingresos estimados de anuncios,0.015
2022-05-18,Tus ingresos estimados de anuncios,0.019
2022-05-19,Tus ingresos estimados de anuncios,0.006
2022-05-20,Tus ingresos estimados de anuncios,0.003
2022-05-21,Tus ingresos estimados de anuncios,0.011
2022-05-22,Tus ingresos estimados de anuncios,0.004
2022-05-23,Tus ingresos estimados de anuncios,0.02
2022-05-24,Tus ingresos estimados de anuncios,0.032
2022-05-25,Tus ingresos estimados de anuncios,0.006
2022-05-26,Tus ingresos estimados de anuncios,0.008
2022-05-27,Tus ingresos estimados de anuncios,0.015
2022-05-28,Tus ingresos estimados de anuncios,0.033
2022-05-29,Tus ingresos estimados de anuncios,0.005
2022-05-30,Tus ingresos estimados de anuncios,0.017
2022-05-31,Tus ingresos estimados de anuncios,0.026
2022-06-01,Tus ingresos estimados de anuncios,0.004
2022-06-02,Tus ingresos estimados de anuncios,0.023
2022-06-03,Tus ingresos estimados de anuncios,0.03
2022-06-04,Tus ingresos estimados de anuncios,0.021
2022-06-05,Tus ingresos estimados de anuncios,0.008
2022-06-06,Tus ingresos estimados de anuncios,0.026
2022-06-07,Tus ingresos estimados de anuncios,0.054
2022-06-08,Tus ingresos estimados de anuncios,0.025
2022-06-09,Tus ingresos estimados de anuncios,0.013
2022-06-10,Tus ingresos estimados de anuncios,0.057
2022-06-11,Tus ingresos estimados de anuncios,0.022
2022-06-12,Tus ingresos estimados de anuncios,0.021
2022-06-13,Tus ingresos estimados de anuncios,0.016
2022-06-14,Tus ingresos estimados de anuncios,0.02
2022-06-15,Tus ingresos estimados de anuncios,0.038
2022-06-16,Tus ingresos estimados de anuncios,0.023
2022-06-17,Tus ingresos estimados de anuncios,0.028
2022-06-18,Tus ingresos estimados de anuncios,0.056
2022-06-19,Tus ingresos estimados de anuncios,0.014
2022-06-20,Tus ingresos estimados de anuncios,0.049
2022-06-21,Tus ingresos estimados de anuncios,0.046
2022-06-22,Tus ingresos estimados de anuncios,0.027
2022-06-23,Tus ingresos estimados de anuncios,0.026
2022-06-24,Tus ingresos estimados de anuncios,0.024
2022-06-25,Tus ingresos estimados de anuncios,0.081
2022-06-26,Tus ingresos estimados de anuncios,0.014
2022-06-27,Tus ingresos estimados de anuncios,0.023
2022-06-28,Tus ingresos estimados de anuncios,0.046
2022-06-29,Tus ingresos estimados de anuncios,0.023
2022-06-30,Tus ingresos estimados de anuncios,0.017
2022-07-01,Tus ingresos estimados de anuncios,0.005
2022-07-02,Tus ingresos estimados de anuncios,0.01
2022-07-03,Tus ingresos estimados de anuncios,0.03
2022-07-04,Tus ingresos estimados de anuncios,0.001
2022-07-05,Tus ingresos estimados de anuncios,0.037
2022-07-06,Tus ingresos estimados de anuncios,0.014
2022-07-07,Tus ingresos estimados de anuncios,0.006
2022-07-08,Tus ingresos estimados de anuncios,0.016
2022-07-09,Tus ingresos estimados de anuncios,0.008
2022-07-10,Tus ingresos estimados de anuncios,0.018
2022-07-11,Tus ingresos estimados de anuncios,0.017
2022-07-12,Tus ingresos estimados de anuncios,0.025
2022-07-13,Tus ingresos estimados de anuncios,0.012
2022-07-14,Tus ingresos estimados de anuncios,0.009
2022-07-15,Tus ingresos estimados de anuncios,0.039
2022-07-16,Tus ingresos estimados de anuncios,0.022
2022-07-17,Tus ingresos estimados de anuncios,0.018
2022-07-18,Tus ingresos estimados de anuncios,0.019
2022-07-19,Tus ingresos estimados de anuncios,0.021
2022-07-20,Tus ingresos estimados de anuncios,0.051
2022-07-21,Tus ingresos estimados de anuncios,0.007
2022-07-22,Tus ingresos estimados de anuncios,0.013
2022-07-23,Tus ingresos estimados de anuncios,0.006
2022-07-24,Tus ingresos estimados de anuncios,0.009
2022-07-25,Tus ingresos estimados de anuncios,0.035
2022-07-26,Tus ingresos estimados de anuncios,0.023
2022-07-27,Tus ingresos estimados de anuncios,0.008
2022-07-28,Tus ingresos estimados de anuncios,0.048
2022-07-29,Tus ingresos estimados de anuncios,0.013
2022-07-30,Tus ingresos estimados de anuncios,0.009
2022-07-31,Tus ingresos estimados de anuncios,0.085
2022-08-01,Tus ingresos estimados de anuncios,0.012
2022-08-02,Tus ingresos estimados de anuncios,0.051
2022-08-03,Tus ingresos estimados de anuncios,0.039
2022-08-04,Tus ingresos estimados de anuncios,0.016
2022-08-05,Tus ingresos estimados de anuncios,0.046
2022-08-06,Tus ingresos estimados de anuncios,0.023
2022-08-07,Tus ingresos estimados de anuncios,0.012
2022-08-08,Tus ingresos estimados de anuncios,0.022
2022-08-09,Tus ingresos estimados de anuncios,0.011
2022-08-10,Tus ingresos estimados de anuncios,0.007
2022-08-11,Tus ingresos estimados de anuncios,0.027
2022-08-12,Tus ingresos estimados de anuncios,0.003
2022-08-13,Tus ingresos estimados de anuncios,0.03
2022-08-14,Tus ingresos estimados de anuncios,0.025
2022-08-15,Tus ingresos estimados de anuncios,0.02
2022-08-16,Tus ingresos estimados de anuncios,0.014
2022-08-17,Tus ingresos estimados de anuncios,0.012
2022-08-18,Tus ingresos estimados de anuncios,0.118
2022-08-19,Tus ingresos estimados de anuncios,0.052
2022-08-20,Tus ingresos estimados de anuncios,0.039
2022-08-21,Tus ingresos estimados de anuncios,0.015
2022-08-22,Tus ingresos estimados de anuncios,0.081
2022-08-23,Tus ingresos estimados de anuncios,0.023
2022-08-24,Tus ingresos estimados de anuncios,0.034
2022-08-25,Tus ingresos estimados de anuncios,0.017
2022-08-26,Tus ingresos estimados de anuncios,0.007
2022-08-27,Tus ingresos estimados de anuncios,0.007
2022-08-28,Tus ingresos estimados de anuncios,0.015
2022-08-29,Tus ingresos estimados de anuncios,0.028
2022-08-30,Tus ingresos estimados de anuncios,0.084
2022-08-31,Tus ingresos estimados de anuncios,0.027
2022-09-01,Tus ingresos estimados de anuncios,0.041
2022-09-02,Tus ingresos estimados de anuncios,0.019
2022-09-03,Tus ingresos estimados de anuncios,0.021
2022-09-04,Tus ingresos estimados de anuncios,0.011
2022-09-05,Tus ingresos estimados de anuncios,0.024
2022-09-06,Tus ingresos estimados de anuncios,0.029
2022-09-07,Tus ingresos estimados de anuncios,0.034
2022-09-08,Tus ingresos estimados de anuncios,0.015
2022-09-09,Tus ingresos estimados de anuncios,0.007
2022-09-10,Tus ingresos estimados de anuncios,0.012
2022-09-11,Tus ingresos estimados de anuncios,0.028
2022-09-12,Tus ingresos estimados de anuncios,0.023
2022-09-13,Tus ingresos estimados de anuncios,0.034
2022-09-14,Tus ingresos estimados de anuncios,0.021
2022-09-15,Tus ingresos estimados de anuncios,0.019
2022-09-16,Tus ingresos estimados de anuncios,0.027
2022-09-17,Tus ingresos estimados de anuncios,0.021
2022-09-18,Tus ingresos estimados de anuncios,0.023
2022-09-19,Tus ingresos estimados de anuncios,0.034
2022-09-20,Tus ingresos estimados de anuncios,0.025
2022-09-21,Tus ingresos estimados de anuncios,0.01
2022-09-22,Tus ingresos estimados de anuncios,0.014
2022-09-23,Tus ingresos estimados de anuncios,0.053
2022-09-24,Tus ingresos estimados de anuncios,0.017
2022-09-25,Tus ingresos estimados de anuncios,0.018
2022-09-26,Tus ingresos estimados de anuncios,0.018
2022-09-27,Tus ingresos estimados de anuncios,0.01
2022-09-28,Tus ingresos estimados de anuncios,0.02
2022-09-29,Tus ingresos estimados de anuncios,0.034
2022-09-30,Tus ingresos estimados de anuncios,0.018
2022-10-01,Tus ingresos estimados de anuncios,0.008
2022-10-02,Tus ingresos estimados de anuncios,0.006
2022-10-03,Tus ingresos estimados de anuncios,0.039
2022-10-04,Tus ingresos estimados de anuncios,0.011
2022-10-05,Tus ingresos estimados de anuncios,0.144
2022-10-06,Tus ingresos estimados de anuncios,0.012
2022-10-07,Tus ingresos estimados de anuncios,0.044
2022-10-08,Tus ingresos estimados de anuncios,0.001
2022-10-09,Tus ingresos estimados de anuncios,0.002
2022-10-10,Tus ingresos estimados de anuncios,0.014
2022-10-11,Tus ingresos estimados de anuncios,0.039
2022-10-12,Tus ingresos estimados de anuncios,0.007
2022-10-13,Tus ingresos estimados de anuncios,0.002
2022-10-14,Tus ingresos estimados de anuncios,0.021
2022-10-15,Tus ingresos estimados de anuncios,0.007
2022-10-16,Tus ingresos estimados de anuncios,0.006
2022-10-17,Tus ingresos estimados de anuncios,0.021
2022-10-18,Tus ingresos estimados de anuncios,0.015
2022-10-19,Tus ingresos estimados de anuncios,0.055
2022-10-20,Tus ingresos estimados de anuncios,0.012
2022-10-21,Tus ingresos estimados de anuncios,0.009
2022-10-22,Tus ingresos estimados de anuncios,0.004
2022-10-23,Tus ingresos estimados de anuncios,0.027
2022-10-24,Tus ingresos estimados de anuncios,0.019
2022-10-25,Tus ingresos estimados de anuncios,0.017
2022-10-26,Tus ingresos estimados de anuncios,0.003
2022-10-27,Tus ingresos estimados de anuncios,0.016
2022-10-28,Tus ingresos estimados de anuncios,0.011
2022-10-29,Tus ingresos estimados de anuncios,0.052
2022-04-25,Tus ingresos de YouTube Premium,0
2022-04-26,Tus ingresos de YouTube Premium,0
2022-04-27,Tus ingresos de YouTube Premium,0.012
2022-04-28,Tus ingresos de YouTube Premium,0.005
2022-04-29,Tus ingresos de YouTube Premium,0.008
2022-04-30,Tus ingresos de YouTube Premium,0.002
2022-05-01,Tus ingresos de YouTube Premium,0.003
2022-05-02,Tus ingresos de YouTube Premium,0.006
2022-05-03,Tus ingresos de YouTube Premium,0
2022-05-04,Tus ingresos de YouTube Premium,0
2022-05-05,Tus ingresos de YouTube Premium,0
2022-05-06,Tus ingresos de YouTube Premium,0
2022-05-07,Tus ingresos de YouTube Premium,0.003
2022-05-08,Tus ingresos de YouTube Premium,0
2022-05-09,Tus ingresos de YouTube Premium,0
2022-05-10,Tus ingresos de YouTube Premium,0.001
2022-05-11,Tus ingresos de YouTube Premium,0
2022-05-12,Tus ingresos de YouTube Premium,0.004
2022-05-13,Tus ingresos de YouTube Premium,0
2022-05-14,Tus ingresos de YouTube Premium,0
2022-05-15,Tus ingresos de YouTube Premium,0
2022-05-16,Tus ingresos de YouTube Premium,0
2022-05-17,Tus ingresos de YouTube Premium,0
2022-05-18,Tus ingresos de YouTube Premium,0
2022-05-19,Tus ingresos de YouTube Premium,0.003
2022-05-20,Tus ingresos de YouTube Premium,0
2022-05-21,Tus ingresos de YouTube Premium,0.001
2022-05-22,Tus ingresos de YouTube Premium,0
2022-05-23,Tus ingresos de YouTube Premium,0
2022-05-24,Tus ingresos de YouTube Premium,0.003
2022-05-25,Tus ingresos de YouTube Premium,0
2022-05-26,Tus ingresos de YouTube Premium,0
2022-05-27,Tus ingresos de YouTube Premium,0
2022-05-28,Tus ingresos de YouTube Premium,0
2022-05-29,Tus ingresos de YouTube Premium,0
2022-05-30,Tus ingresos de YouTube Premium,0.004
2022-05-31,Tus ingresos de YouTube Premium,0
2022-06-01,Tus ingresos de YouTube Premium,0
2022-06-02,Tus ingresos de YouTube Premium,0.001
2022-06-03,Tus ingresos de YouTube Premium,0.003
2022-06-04,Tus ingresos de YouTube Premium,0
2022-06-05,Tus ingresos de YouTube Premium,0.008
2022-06-06,Tus ingresos de YouTube Premium,0
2022-06-07,Tus ingresos de YouTube Premium,0.001
2022-06-08,Tus ingresos de YouTube Premium,0
2022-06-09,Tus ingresos de YouTube Premium,0.001
2022-06-10,Tus ingresos de YouTube Premium,0
2022-06-11,Tus ingresos de YouTube Premium,0.005
2022-06-12,Tus ingresos de YouTube Premium,0.001
2022-06-13,Tus ingresos de YouTube Premium,0
2022-06-14,Tus ingresos de YouTube Premium,0.001
2022-06-15,Tus ingresos de YouTube Premium,0.002
2022-06-16,Tus ingresos de YouTube Premium,0.001
2022-06-17,Tus ingresos de YouTube Premium,0
2022-06-18,Tus ingresos de YouTube Premium,0
2022-06-19,Tus ingresos de YouTube Premium,0
2022-06-20,Tus ingresos de YouTube Premium,0.001
2022-06-21,Tus ingresos de YouTube Premium,0
2022-06-22,Tus ingresos de YouTube Premium,0
2022-06-23,Tus ingresos de YouTube Premium,0.001
2022-06-24,Tus ingresos de YouTube Premium,0
2022-06-25,Tus ingresos de YouTube Premium,0
2022-06-26,Tus ingresos de YouTube Premium,0.002
2022-06-27,Tus ingresos de YouTube Premium,0
2022-06-28,Tus ingresos de YouTube Premium,0
2022-06-29,Tus ingresos de YouTube Premium,0
2022-06-30,Tus ingresos de YouTube Premium,0
2022-07-01,Tus ingresos de YouTube Premium,0
2022-07-02,Tus ingresos de YouTube Premium,0
2022-07-03,Tus ingresos de YouTube Premium,0
2022-07-04,Tus ingresos de YouTube Premium,0
2022-07-05,Tus ingresos de YouTube Premium,0
2022-07-06,Tus ingresos de YouTube Premium,0
2022-07-07,Tus ingresos de YouTube Premium,0
2022-07-08,Tus ingresos de YouTube Premium,0
2022-07-09,Tus ingresos de YouTube Premium,0
2022-07-10,Tus ingresos de YouTube Premium,0.001
2022-07-11,Tus ingresos de YouTube Premium,0
2022-07-12,Tus ingresos de YouTube Premium,0.001
2022-07-13,Tus ingresos de YouTube Premium,0
2022-07-14,Tus ingresos de YouTube Premium,0
2022-07-15,Tus ingresos de YouTube Premium,0
2022-07-16,Tus ingresos de YouTube Premium,0.002
2022-07-17,Tus ingresos de YouTube Premium,0
2022-07-18,Tus ingresos de YouTube Premium,0.002
2022-07-19,Tus ingresos de YouTube Premium,0.002
2022-07-20,Tus ingresos de YouTube Premium,0
2022-07-21,Tus ingresos de YouTube Premium,0
2022-07-22,Tus ingresos de YouTube Premium,0.001
2022-07-23,Tus ingresos de YouTube Premium,0.003
2022-07-24,Tus ingresos de YouTube Premium,0
2022-07-25,Tus ingresos de YouTube Premium,0
2022-07-26,Tus ingresos de YouTube Premium,0.001
2022-07-27,Tus ingresos de YouTube Premium,0
2022-07-28,Tus ingresos de YouTube Premium,0
2022-07-29,Tus ingresos de YouTube Premium,0.003
2022-07-30,Tus ingresos de YouTube Premium,0.006
2022-07-31,Tus ingresos de YouTube Premium,0.003
2022-08-01,Tus ingresos de YouTube Premium,0
2022-08-02,Tus ingresos de YouTube Premium,0
2022-08-03,Tus ingresos de YouTube Premium,0
2022-08-04,Tus ingresos de YouTube Premium,0
2022-08-05,Tus ingresos de YouTube Premium,0
2022-08-06,Tus ingresos de YouTube Premium,0
2022-08-07,Tus ingresos de YouTube Premium,0
2022-08-08,Tus ingresos de YouTube Premium,0.001
2022-08-09,Tus ingresos de YouTube Premium,0.001
2022-08-10,Tus ingresos de YouTube Premium,0.002
2022-08-11,Tus ingresos de YouTube Premium,0.003
2022-08-12,Tus ingresos de YouTube Premium,0
2022-08-13,Tus ingresos de YouTube Premium,0
2022-08-14,Tus ingresos de YouTube Premium,0
2022-08-15,Tus ingresos de YouTube Premium,0
2022-08-16,Tus ingresos de YouTube Premium,0.002
2022-08-17,Tus ingresos de YouTube Premium,0.001
2022-08-18,Tus ingresos de YouTube Premium,0.003
2022-08-19,Tus ingresos de YouTube Premium,0
2022-08-20,Tus ingresos de YouTube Premium,0.002
2022-08-21,Tus ingresos de YouTube Premium,0
2022-08-22,Tus ingresos de YouTube Premium,0
2022-08-23,Tus ingresos de YouTube Premium,0.002
2022-08-24,Tus ingresos de YouTube Premium,0
2022-08-25,Tus ingresos de YouTube Premium,0
2022-08-26,Tus ingresos de YouTube Premium,0
2022-08-27,Tus ingresos de YouTube Premium,0
2022-08-28,Tus ingresos de YouTube Premium,0.001
2022-08-29,Tus ingresos de YouTube Premium,0
2022-08-30,Tus ingresos de YouTube Premium,0
2022-08-31,Tus ingresos de YouTube Premium,0
2022-09-01,Tus ingresos de YouTube Premium,0.001
2022-09-02,Tus ingresos de YouTube Premium,0
2022-09-03,Tus ingresos de YouTube Premium,0
2022-09-04,Tus ingresos de YouTube Premium,0.001
2022-09-05,Tus ingresos de YouTube Premium,0.002
2022-09-06,Tus ingresos de YouTube Premium,0.001
2022-09-07,Tus ingresos de YouTube Premium,0
2022-09-08,Tus ingresos de YouTube Premium,0
2022-09-09,Tus ingresos de YouTube Premium,0
2022-09-10,Tus ingresos de YouTube Premium,0
2022-09-11,Tus ingresos de YouTube Premium,0
2022-09-12,Tus ingresos de YouTube Premium,0
2022-09-13,Tus ingresos de YouTube Premium,0
2022-09-14,Tus ingresos de YouTube Premium,0
2022-09-15,Tus ingresos de YouTube Premium,0
2022-09-16,Tus ingresos de YouTube Premium,0
2022-09-17,Tus ingresos de YouTube Premium,0
2022-09-18,Tus ingresos de YouTube Premium,0
2022-09-19,Tus ingresos de YouTube Premium,0
2022-09-20,Tus ingresos de YouTube Premium,0.002
2022-09-21,Tus ingresos de YouTube Premium,0
2022-09-22,Tus ingresos de YouTube Premium,0
2022-09-23,Tus ingresos de YouTube Premium,0
2022-09-24,Tus ingresos de YouTube Premium,0
2022-09-25,Tus ingresos de YouTube Premium,0
2022-09-26,Tus ingresos de YouTube Premium,0
2022-09-27,Tus ingresos de YouTube Premium,0
2022-09-28,Tus ingresos de YouTube Premium,0
2022-09-29,Tus ingresos de YouTube Premium,0
2022-09-30,Tus ingresos de YouTube Premium,0
2022-10-01,Tus ingresos de YouTube Premium,0
2022-10-02,Tus ingresos de YouTube Premium,0
2022-10-03,Tus ingresos de YouTube Premium,0
2022-10-04,Tus ingresos de YouTube Premium,0
2022-10-05,Tus ingresos de YouTube Premium,0
2022-10-06,Tus ingresos de YouTube Premium,0
2022-10-07,Tus ingresos de YouTube Premium,0
2022-10-08,Tus ingresos de YouTube Premium,0
2022-10-09,Tus ingresos de YouTube Premium,0
2022-10-10,Tus ingresos de YouTube Premium,0
2022-10-11,Tus ingresos de YouTube Premium,0.001
2022-10-12,Tus ingresos de YouTube Premium,0
2022-10-13,Tus ingresos de YouTube Premium,0
2022-10-14,Tus ingresos de YouTube Premium,0
2022-10-15,Tus ingresos de YouTube Premium,0
2022-10-16,Tus ingresos de YouTube Premium,0
2022-10-17,Tus ingresos de YouTube Premium,0.002
2022-10-18,Tus ingresos de YouTube Premium,0
2022-10-19,Tus ingresos de YouTube Premium,0
2022-10-20,Tus ingresos de YouTube Premium,0
2022-10-21,Tus ingresos de YouTube Premium,0.001
2022-10-22,Tus ingresos de YouTube Premium,0
2022-10-23,Tus ingresos de YouTube Premium,0
2022-10-24,Tus ingresos de YouTube Premium,0
2022-10-25,Tus ingresos de YouTube Premium,0.001
2022-10-26,Tus ingresos de YouTube Premium,0
2022-10-27,Tus ingresos de YouTube Premium,0
2022-10-28,Tus ingresos de YouTube Premium,0
2022-10-29,Tus ingresos de YouTube Premium,0
