Fuente de tráfico,Visualizaciones,Tiempo de visualización (horas),Duración media de las visualizaciones,Impresiones,Porcentaje de clics de las impresiones (%)
Total,961,36.8612,0:02:18,42811,0.9
Funciones de exploración,510,15.6658,0:01:50,26461,0.73
Notificaciones,126,4.3435,0:02:04,,
Páginas de canal,91,5.4583,0:03:35,9097,0.81
Listas de reproducción,87,4.8655,0:03:21,3966,1.69
Fuentes externas,38,1.6011,0:02:31,,
Vídeos sugeridos,32,0.9783,0:01:50,1010,2.08
Directa o desconocida,28,1.216,0:02:36,,
Búsqueda de YouTube,23,0.9689,0:02:31,463,3.89
Página de lista de reproducción,20,1.256,0:03:46,1814,0.72
Otras funciones de YouTube,6,0.5079,0:05:04,,
