Fuente de tráfico,Visualizaciones,Tiempo de visualización (horas),Duración media de las visualizaciones,Impresiones,Porcentaje de clics de las impresiones (%)
Total,918,4.2187,0:00:16,21048,1.91
Funciones de exploración,303,1.3507,0:00:16,9372,1.82
Notificaciones,231,1.1172,0:00:17,,
Páginas de canal,228,1.0536,0:00:16,10511,1.7
Búsqueda de YouTube,68,0.2809,0:00:14,870,5.06
Fuentes externas,55,0.2627,0:00:17,,
Directa o desconocida,13,0.0597,0:00:16,,
Otras funciones de YouTube,8,0.0361,0:00:16,,
Listas de reproducción,5,0.0189,0:00:13,122,3.28
Vídeos sugeridos,4,0.0215,0:00:19,152,2.63
Pantallas finales,3,0.0174,0:00:20,,
Página de lista de reproducción,,,,21,0
