Fuente de tráfico,Visualizaciones,Tiempo de visualización (horas),Duración media de las visualizaciones,Impresiones,Porcentaje de clics de las impresiones (%)
Total,637,6.0713,0:00:34,13006,1.18
Feed de Shorts,161,1.4065,0:00:31,,
Búsqueda de YouTube,138,1.487,0:00:38,1792,3.07
Funciones de exploración,126,1.3084,0:00:37,4758,0.63
Páginas de canal,74,0.7402,0:00:36,4289,0.65
Fuentes externas,66,0.5022,0:00:27,,
Vídeos sugeridos,36,0.299,0:00:29,1798,1.67
Listas de reproducción,11,0.0984,0:00:32,196,4.08
Notificaciones,11,0.113,0:00:36,,
Directa o desconocida,6,0.0522,0:00:31,,
Otras funciones de YouTube,6,0.0519,0:00:31,,
Página de lista de reproducción,2,0.0124,0:00:22,173,1.16
