Fuente de tráfico,Visualizaciones,Tiempo de visualización (horas),Duración media de las visualizaciones,Impresiones,Porcentaje de clics de las impresiones (%)
Total,2188,159.1404,0:04:21,88772,0.95
Funciones de exploración,1501,86.2235,0:03:26,75718,0.77
Notificaciones,135,11.5619,0:05:08,,
Páginas de canal,124,14.014,0:06:46,6767,1.54
Vídeos sugeridos,123,15.568,0:07:35,3200,2.56
Fuentes externas,102,6.5684,0:03:51,,
Búsqueda de YouTube,82,9.6078,0:07:01,1971,3.3
Directa o desconocida,58,5.5405,0:05:43,,
Otras funciones de YouTube,25,5.0187,0:12:02,,
Listas de reproducción,17,1.2303,0:04:20,722,1.39
Pantallas finales,16,2.8367,0:10:38,,
Página de lista de reproducción,4,0.9701,0:14:33,394,0.51
Feed de Shorts,1,0.0005,0:00:01,,
