Fuente de tráfico,Visualizaciones,Tiempo de visualización (horas),Duración media de las visualizaciones,Impresiones,Porcentaje de clics de las impresiones (%)
Total,3034,200.6775,0:03:58,82848,1.88
Funciones de exploración,1895,116.4331,0:03:41,59483,1.71
Vídeos sugeridos,353,28.7342,0:04:53,7853,3.12
Páginas de canal,211,17.1026,0:04:51,9283,1.83
Notificaciones,205,12.463,0:03:38,,
Búsqueda de YouTube,148,8.4929,0:03:26,3897,2.72
Directa o desconocida,71,5.2262,0:04:24,,
Fuentes externas,55,4.6679,0:05:05,,
Pantallas finales,38,3.2919,0:05:11,,
Listas de reproducción,26,1.0611,0:02:26,1423,1.12
Otras funciones de YouTube,24,2.3739,0:05:56,,
Página de lista de reproducción,8,0.8307,0:06:13,909,0.55
