Fuente de tráfico,Visualizaciones,Tiempo de visualización (horas),Duración media de las visualizaciones,Impresiones,Porcentaje de clics de las impresiones (%)
Total,476,4.5199,0:00:34,17069,1.07
Funciones de exploración,191,1.7656,0:00:33,8284,0.98
Notificaciones,134,1.3109,0:00:35,,
Páginas de canal,95,0.884,0:00:33,7773,0.98
Listas de reproducción,17,0.1579,0:00:33,129,5.43
Búsqueda de YouTube,15,0.17,0:00:40,290,3.1
Directa o desconocida,8,0.0703,0:00:31,,
Vídeos sugeridos,8,0.0946,0:00:42,436,1.61
Otras funciones de YouTube,3,0.0344,0:00:41,,
Fuentes externas,3,0.0183,0:00:21,,
Página de lista de reproducción,2,0.014,0:00:25,157,1.27
