Fuente de tráfico,Visualizaciones,Tiempo de visualización (horas),Duración media de las visualizaciones,Impresiones,Porcentaje de clics de las impresiones (%)
Total,796,36.2929,0:02:44,21638,1.52
Funciones de exploración,239,8.0316,0:02:00,9292,1.21
Notificaciones,156,7.6363,0:02:56,,
Páginas de canal,137,6.5333,0:02:51,6442,1.38
Vídeos sugeridos,60,3.9647,0:03:57,1234,2.84
Listas de reproducción,56,2.3166,0:02:28,2458,1.34
Búsqueda de YouTube,43,1.8242,0:02:32,958,4.18
Fuentes externas,35,1.1948,0:02:02,,
Directa o desconocida,24,1.3961,0:03:29,,
Página de lista de reproducción,20,1.1825,0:03:32,1254,1.52
Otras funciones de YouTube,19,1.3859,0:04:22,,
Pantallas finales,7,0.827,0:07:05,,
