Fuente de tráfico,Visualizaciones,Tiempo de visualización (horas),Duración media de las visualizaciones,Impresiones,Porcentaje de clics de las impresiones (%)
Total,584,5.8118,0:00:35,21644,1.12
Funciones de exploración,331,3.0386,0:00:33,12317,1.2
Notificaciones,133,1.5146,0:00:40,,
Páginas de canal,82,0.8619,0:00:37,8284,0.88
Búsqueda de YouTube,14,0.1591,0:00:40,568,2.11
Listas de reproducción,9,0.0943,0:00:37,95,6.32
Otras funciones de YouTube,5,0.0379,0:00:27,,
Página de lista de reproducción,5,0.0476,0:00:34,135,2.22
Directa o desconocida,3,0.037,0:00:44,,
Vídeos sugeridos,1,0.0038,0:00:13,245,0.41
Fuentes externas,1,0.017,0:01:01,,
