Fuente de tráfico,Visualizaciones,Tiempo de visualización (horas),Duración media de las visualizaciones,Impresiones,Porcentaje de clics de las impresiones (%)
Total,1322,55.4837,0:02:31,62872,0.87
Funciones de exploración,815,28.7917,0:02:07,49386,0.73
Notificaciones,129,6.7899,0:03:09,,
Páginas de canal,111,6.4853,0:03:30,7461,1.02
Vídeos sugeridos,87,5.1323,0:03:32,2063,2.62
Búsqueda de YouTube,40,2.0784,0:03:07,1132,2.47
Directa o desconocida,39,0.8027,0:01:14,,
Listas de reproducción,31,1.1149,0:02:09,1877,1.01
Fuentes externas,25,1.2523,0:03:00,,
Otras funciones de YouTube,21,1.3072,0:03:44,,
Pantallas finales,18,1.3239,0:04:24,,
Página de lista de reproducción,5,0.3814,0:04:34,953,0.52
Tarjetas de vídeo y anotaciones,1,0.0236,0:01:24,,
