Fuente de tráfico,Visualizaciones,Tiempo de visualización (horas),Duración media de las visualizaciones,Impresiones,Porcentaje de clics de las impresiones (%)
Total,3184,233.7504,0:04:24,100148,1.34
Funciones de exploración,2159,114.0959,0:03:10,81591,1.03
Vídeos sugeridos,308,34.4706,0:06:42,8394,2.68
Notificaciones,162,17.2045,0:06:22,,
Búsqueda de YouTube,151,19.5828,0:07:46,2556,4.85
Páginas de canal,142,18.1593,0:07:40,6588,1.81
Fuentes externas,79,8.4717,0:06:26,,
Directa o desconocida,75,5.8588,0:04:41,,
Otras funciones de YouTube,32,5.1381,0:09:38,,
Listas de reproducción,27,3.8588,0:08:34,454,2.86
Página de lista de reproducción,25,1.7714,0:04:15,565,2.83
Pantallas finales,24,5.1385,0:12:50,,
