Fecha,Fuente de ingresos,Tus ingresos estimados (USD)
2021-03-10,Tus ingresos estimados de anuncios,0
2021-03-11,Tus ingresos estimados de anuncios,0
2021-03-12,Tus ingresos estimados de anuncios,0
2021-03-13,Tus ingresos estimados de anuncios,0
2021-03-14,Tus ingresos estimados de anuncios,0
2021-03-15,Tus ingresos estimados de anuncios,0
2021-03-16,Tus ingresos estimados de anuncios,0
2021-03-17,Tus ingresos estimados de anuncios,0
2021-03-18,Tus ingresos estimados de anuncios,0
2021-03-19,Tus ingresos estimados de anuncios,0
2021-03-20,Tus ingresos estimados de anuncios,0
2021-03-21,Tus ingresos estimados de anuncios,0
2021-03-22,Tus ingresos estimados de anuncios,0
2021-03-23,Tus ingresos estimados de anuncios,0
2021-03-24,Tus ingresos estimados de anuncios,0
2021-03-25,Tus ingresos estimados de anuncios,0
2021-03-26,Tus ingresos estimados de anuncios,0
2021-03-27,Tus ingresos estimados de anuncios,0
2021-03-28,Tus ingresos estimados de anuncios,0
2021-03-29,Tus ingresos estimados de anuncios,0
2021-03-30,Tus ingresos estimados de anuncios,0
2021-03-31,Tus ingresos estimados de anuncios,0
2021-04-01,Tus ingresos estimados de anuncios,0
2021-04-02,Tus ingresos estimados de anuncios,0
2021-04-03,Tus ingresos estimados de anuncios,0
2021-04-04,Tus ingresos estimados de anuncios,0
2021-04-05,Tus ingresos estimados de anuncios,0
2021-04-06,Tus ingresos estimados de anuncios,0
2021-04-07,Tus ingresos estimados de anuncios,0
2021-04-08,Tus ingresos estimados de anuncios,0
2021-04-09,Tus ingresos estimados de anuncios,0
2021-04-10,Tus ingresos estimados de anuncios,0
2021-04-11,Tus ingresos estimados de anuncios,0
2021-04-12,Tus ingresos estimados de anuncios,0
2021-04-13,Tus ingresos estimados de anuncios,0
2021-04-14,Tus ingresos estimados de anuncios,0
2021-04-15,Tus ingresos estimados de anuncios,0
2021-04-16,Tus ingresos estimados de anuncios,0
2021-04-17,Tus ingresos estimados de anuncios,0
2021-04-18,Tus ingresos estimados de anuncios,0
2021-04-19,Tus ingresos estimados de anuncios,0
2021-04-20,Tus ingresos estimados de anuncios,0
2021-04-21,Tus ingresos estimados de anuncios,0
2021-04-22,Tus ingresos estimados de anuncios,0
2021-04-23,Tus ingresos estimados de anuncios,0
2021-04-24,Tus ingresos estimados de anuncios,0
2021-04-25,Tus ingresos estimados de anuncios,0
2021-04-26,Tus ingresos estimados de anuncios,0
2021-04-27,Tus ingresos estimados de anuncios,0
2021-04-28,Tus ingresos estimados de anuncios,0
2021-04-29,Tus ingresos estimados de anuncios,0
2021-04-30,Tus ingresos estimados de anuncios,0
2021-05-01,Tus ingresos estimados de anuncios,0
2021-05-02,Tus ingresos estimados de anuncios,0
2021-05-03,Tus ingresos estimados de anuncios,0.574
2021-05-04,Tus ingresos estimados de anuncios,0.554
2021-05-05,Tus ingresos estimados de anuncios,0.177
2021-05-06,Tus ingresos estimados de anuncios,0.063
2021-05-07,Tus ingresos estimados de anuncios,0.011
2021-05-08,Tus ingresos estimados de anuncios,0.04
2021-05-09,Tus ingresos estimados de anuncios,0.029
2021-05-10,Tus ingresos estimados de anuncios,0.004
2021-05-11,Tus ingresos estimados de anuncios,0.005
2021-05-12,Tus ingresos estimados de anuncios,0.006
2021-05-13,Tus ingresos estimados de anuncios,0.008
2021-05-14,Tus ingresos estimados de anuncios,0.018
2021-05-15,Tus ingresos estimados de anuncios,0.03
2021-05-16,Tus ingresos estimados de anuncios,0.018
2021-05-17,Tus ingresos estimados de anuncios,0.052
2021-05-18,Tus ingresos estimados de anuncios,0.026
2021-05-19,Tus ingresos estimados de anuncios,0.022
2021-05-20,Tus ingresos estimados de anuncios,0.054
2021-05-21,Tus ingresos estimados de anuncios,0.067
2021-05-22,Tus ingresos estimados de anuncios,0.034
2021-05-23,Tus ingresos estimados de anuncios,0.072
2021-05-24,Tus ingresos estimados de anuncios,0.037
2021-05-25,Tus ingresos estimados de anuncios,0.056
2021-05-26,Tus ingresos estimados de anuncios,0.197
2021-05-27,Tus ingresos estimados de anuncios,0.08
2021-05-28,Tus ingresos estimados de anuncios,0.069
2021-05-29,Tus ingresos estimados de anuncios,0.07
2021-05-30,Tus ingresos estimados de anuncios,0.05
2021-05-31,Tus ingresos estimados de anuncios,0.109
2021-06-01,Tus ingresos estimados de anuncios,0.056
2021-06-02,Tus ingresos estimados de anuncios,0.148
2021-06-03,Tus ingresos estimados de anuncios,0.033
2021-06-04,Tus ingresos estimados de anuncios,0.035
2021-06-05,Tus ingresos estimados de anuncios,0.056
2021-06-06,Tus ingresos estimados de anuncios,0.029
2021-06-07,Tus ingresos estimados de anuncios,0.034
2021-06-08,Tus ingresos estimados de anuncios,0.073
2021-06-09,Tus ingresos estimados de anuncios,0.093
2021-06-10,Tus ingresos estimados de anuncios,0.089
2021-06-11,Tus ingresos estimados de anuncios,0.116
2021-06-12,Tus ingresos estimados de anuncios,0.099
2021-06-13,Tus ingresos estimados de anuncios,0.057
2021-06-14,Tus ingresos estimados de anuncios,0.058
2021-06-15,Tus ingresos estimados de anuncios,0.145
2021-06-16,Tus ingresos estimados de anuncios,0.126
2021-06-17,Tus ingresos estimados de anuncios,0.107
2021-06-18,Tus ingresos estimados de anuncios,0.071
2021-06-19,Tus ingresos estimados de anuncios,0.089
2021-06-20,Tus ingresos estimados de anuncios,0.032
2021-06-21,Tus ingresos estimados de anuncios,0.189
2021-06-22,Tus ingresos estimados de anuncios,0.093
2021-06-23,Tus ingresos estimados de anuncios,0.078
2021-06-24,Tus ingresos estimados de anuncios,0.154
2021-06-25,Tus ingresos estimados de anuncios,0.127
2021-06-26,Tus ingresos estimados de anuncios,0.032
2021-06-27,Tus ingresos estimados de anuncios,0.026
2021-06-28,Tus ingresos estimados de anuncios,0.101
2021-06-29,Tus ingresos estimados de anuncios,0.06
2021-06-30,Tus ingresos estimados de anuncios,0.104
2021-07-01,Tus ingresos estimados de anuncios,0.139
2021-07-02,Tus ingresos estimados de anuncios,0.1
2021-07-03,Tus ingresos estimados de anuncios,0.059
2021-07-04,Tus ingresos estimados de anuncios,0.031
2021-07-05,Tus ingresos estimados de anuncios,0.142
2021-07-06,Tus ingresos estimados de anuncios,0.092
2021-07-07,Tus ingresos estimados de anuncios,0.129
2021-07-08,Tus ingresos estimados de anuncios,0.104
2021-07-09,Tus ingresos estimados de anuncios,0.118
2021-07-10,Tus ingresos estimados de anuncios,0.056
2021-07-11,Tus ingresos estimados de anuncios,0.174
2021-07-12,Tus ingresos estimados de anuncios,0.128
2021-07-13,Tus ingresos estimados de anuncios,0.159
2021-07-14,Tus ingresos estimados de anuncios,0.12
2021-07-15,Tus ingresos estimados de anuncios,0.059
2021-07-16,Tus ingresos estimados de anuncios,0.136
2021-07-17,Tus ingresos estimados de anuncios,0.06
2021-07-18,Tus ingresos estimados de anuncios,0.05
2021-07-19,Tus ingresos estimados de anuncios,0.065
2021-07-20,Tus ingresos estimados de anuncios,0.082
2021-07-21,Tus ingresos estimados de anuncios,0.163
2021-07-22,Tus ingresos estimados de anuncios,0.105
2021-07-23,Tus ingresos estimados de anuncios,0.113
2021-07-24,Tus ingresos estimados de anuncios,0.066
2021-07-25,Tus ingresos estimados de anuncios,0.044
2021-07-26,Tus ingresos estimados de anuncios,0.129
2021-07-27,Tus ingresos estimados de anuncios,0.079
2021-07-28,Tus ingresos estimados de anuncios,0.088
2021-07-29,Tus ingresos estimados de anuncios,0.074
2021-07-30,Tus ingresos estimados de anuncios,0.057
2021-07-31,Tus ingresos estimados de anuncios,0.047
2021-08-01,Tus ingresos estimados de anuncios,0.091
2021-08-02,Tus ingresos estimados de anuncios,0.108
2021-08-03,Tus ingresos estimados de anuncios,0.072
2021-08-04,Tus ingresos estimados de anuncios,0.102
2021-08-05,Tus ingresos estimados de anuncios,0.128
2021-08-06,Tus ingresos estimados de anuncios,0.089
2021-08-07,Tus ingresos estimados de anuncios,0.105
2021-08-08,Tus ingresos estimados de anuncios,0.25
2021-08-09,Tus ingresos estimados de anuncios,0.109
2021-08-10,Tus ingresos estimados de anuncios,0.104
2021-08-11,Tus ingresos estimados de anuncios,0.159
2021-08-12,Tus ingresos estimados de anuncios,0.286
2021-08-13,Tus ingresos estimados de anuncios,0.088
2021-08-14,Tus ingresos estimados de anuncios,0.068
2021-08-15,Tus ingresos estimados de anuncios,0.098
2021-08-16,Tus ingresos estimados de anuncios,0.073
2021-08-17,Tus ingresos estimados de anuncios,0.072
2021-08-18,Tus ingresos estimados de anuncios,0.06
2021-08-19,Tus ingresos estimados de anuncios,0.072
2021-08-20,Tus ingresos estimados de anuncios,0.089
2021-08-21,Tus ingresos estimados de anuncios,0.06
2021-08-22,Tus ingresos estimados de anuncios,0.035
2021-08-23,Tus ingresos estimados de anuncios,0.058
2021-08-24,Tus ingresos estimados de anuncios,0.165
2021-08-25,Tus ingresos estimados de anuncios,0.062
2021-08-26,Tus ingresos estimados de anuncios,0.102
2021-08-27,Tus ingresos estimados de anuncios,0.161
2021-08-28,Tus ingresos estimados de anuncios,0.072
2021-08-29,Tus ingresos estimados de anuncios,0.062
2021-08-30,Tus ingresos estimados de anuncios,0.053
2021-08-31,Tus ingresos estimados de anuncios,0.107
2021-09-01,Tus ingresos estimados de anuncios,0.093
2021-09-02,Tus ingresos estimados de anuncios,0.096
2021-09-03,Tus ingresos estimados de anuncios,0.145
2021-09-04,Tus ingresos estimados de anuncios,0.079
2021-09-05,Tus ingresos estimados de anuncios,0.047
2021-09-06,Tus ingresos estimados de anuncios,0.042
2021-09-07,Tus ingresos estimados de anuncios,0.119
2021-09-08,Tus ingresos estimados de anuncios,0.124
2021-09-09,Tus ingresos estimados de anuncios,0.11
2021-09-10,Tus ingresos estimados de anuncios,0.071
2021-09-11,Tus ingresos estimados de anuncios,0.067
2021-09-12,Tus ingresos estimados de anuncios,0.135
2021-09-13,Tus ingresos estimados de anuncios,0.128
2021-09-14,Tus ingresos estimados de anuncios,0.119
2021-09-15,Tus ingresos estimados de anuncios,0.07
2021-09-16,Tus ingresos estimados de anuncios,0.146
2021-09-17,Tus ingresos estimados de anuncios,0.058
2021-09-18,Tus ingresos estimados de anuncios,0.087
2021-09-19,Tus ingresos estimados de anuncios,0.087
2021-09-20,Tus ingresos estimados de anuncios,0.066
2021-09-21,Tus ingresos estimados de anuncios,0.081
2021-09-22,Tus ingresos estimados de anuncios,0.099
2021-09-23,Tus ingresos estimados de anuncios,0.152
2021-09-24,Tus ingresos estimados de anuncios,0.138
2021-09-25,Tus ingresos estimados de anuncios,0.12
2021-09-26,Tus ingresos estimados de anuncios,0.023
2021-09-27,Tus ingresos estimados de anuncios,0.193
2021-09-28,Tus ingresos estimados de anuncios,0.185
2021-09-29,Tus ingresos estimados de anuncios,0.148
2021-09-30,Tus ingresos estimados de anuncios,0.081
2021-10-01,Tus ingresos estimados de anuncios,0.167
2021-10-02,Tus ingresos estimados de anuncios,0.076
2021-10-03,Tus ingresos estimados de anuncios,0.035
2021-10-04,Tus ingresos estimados de anuncios,0.091
2021-10-05,Tus ingresos estimados de anuncios,0.073
2021-10-06,Tus ingresos estimados de anuncios,0.071
2021-10-07,Tus ingresos estimados de anuncios,0.137
2021-10-08,Tus ingresos estimados de anuncios,0.053
2021-10-09,Tus ingresos estimados de anuncios,0.066
2021-10-10,Tus ingresos estimados de anuncios,0.05
2021-10-11,Tus ingresos estimados de anuncios,0.099
2021-10-12,Tus ingresos estimados de anuncios,0.084
2021-10-13,Tus ingresos estimados de anuncios,0.069
2021-10-14,Tus ingresos estimados de anuncios,0.178
2021-10-15,Tus ingresos estimados de anuncios,0.112
2021-10-16,Tus ingresos estimados de anuncios,0.082
2021-10-17,Tus ingresos estimados de anuncios,0.042
2021-10-18,Tus ingresos estimados de anuncios,0.057
2021-10-19,Tus ingresos estimados de anuncios,0.073
2021-10-20,Tus ingresos estimados de anuncios,0.087
2021-10-21,Tus ingresos estimados de anuncios,0.073
2021-10-22,Tus ingresos estimados de anuncios,0.09
2021-10-23,Tus ingresos estimados de anuncios,0.052
2021-10-24,Tus ingresos estimados de anuncios,0.103
2021-10-25,Tus ingresos estimados de anuncios,0.114
2021-10-26,Tus ingresos estimados de anuncios,0.144
2021-10-27,Tus ingresos estimados de anuncios,0.115
2021-10-28,Tus ingresos estimados de anuncios,0.163
2021-10-29,Tus ingresos estimados de anuncios,0.148
2021-10-30,Tus ingresos estimados de anuncios,0.055
2021-10-31,Tus ingresos estimados de anuncios,0.026
2021-11-01,Tus ingresos estimados de anuncios,0.06
2021-11-02,Tus ingresos estimados de anuncios,0.21
2021-11-03,Tus ingresos estimados de anuncios,0.116
2021-11-04,Tus ingresos estimados de anuncios,0.099
2021-11-05,Tus ingresos estimados de anuncios,0.106
2021-11-06,Tus ingresos estimados de anuncios,0.083
2021-11-07,Tus ingresos estimados de anuncios,0.096
2021-11-08,Tus ingresos estimados de anuncios,0.129
2021-11-09,Tus ingresos estimados de anuncios,0.108
2021-11-10,Tus ingresos estimados de anuncios,0.139
2021-11-11,Tus ingresos estimados de anuncios,0.129
2021-11-12,Tus ingresos estimados de anuncios,0.095
2021-11-13,Tus ingresos estimados de anuncios,0.088
2021-11-14,Tus ingresos estimados de anuncios,0.03
2021-11-15,Tus ingresos estimados de anuncios,0.125
2021-11-16,Tus ingresos estimados de anuncios,0.182
2021-11-17,Tus ingresos estimados de anuncios,0.08
2021-11-18,Tus ingresos estimados de anuncios,0.128
2021-11-19,Tus ingresos estimados de anuncios,0.148
2021-11-20,Tus ingresos estimados de anuncios,0.098
2021-11-21,Tus ingresos estimados de anuncios,0.095
2021-11-22,Tus ingresos estimados de anuncios,0.144
2021-11-23,Tus ingresos estimados de anuncios,0.119
2021-11-24,Tus ingresos estimados de anuncios,0.158
2021-11-25,Tus ingresos estimados de anuncios,0.109
2021-11-26,Tus ingresos estimados de anuncios,0.103
2021-11-27,Tus ingresos estimados de anuncios,0.079
2021-11-28,Tus ingresos estimados de anuncios,0.07
2021-11-29,Tus ingresos estimados de anuncios,0.249
2021-11-30,Tus ingresos estimados de anuncios,0.104
2021-12-01,Tus ingresos estimados de anuncios,0.068
2021-12-02,Tus ingresos estimados de anuncios,0.15
2021-12-03,Tus ingresos estimados de anuncios,0.084
2021-12-04,Tus ingresos estimados de anuncios,0.065
2021-12-05,Tus ingresos estimados de anuncios,0.061
2021-12-06,Tus ingresos estimados de anuncios,0.103
2021-12-07,Tus ingresos estimados de anuncios,0.057
2021-12-08,Tus ingresos estimados de anuncios,0.337
2021-12-09,Tus ingresos estimados de anuncios,0.114
2021-12-10,Tus ingresos estimados de anuncios,0.087
2021-12-11,Tus ingresos estimados de anuncios,0.047
2021-12-12,Tus ingresos estimados de anuncios,0.026
2021-12-13,Tus ingresos estimados de anuncios,0.127
2021-12-14,Tus ingresos estimados de anuncios,0.068
2021-12-15,Tus ingresos estimados de anuncios,0.067
2021-12-16,Tus ingresos estimados de anuncios,0.06
2021-12-17,Tus ingresos estimados de anuncios,0.093
2021-12-18,Tus ingresos estimados de anuncios,0.057
2021-12-19,Tus ingresos estimados de anuncios,0.044
2021-12-20,Tus ingresos estimados de anuncios,0.093
2021-12-21,Tus ingresos estimados de anuncios,0.063
2021-12-22,Tus ingresos estimados de anuncios,0.083
2021-12-23,Tus ingresos estimados de anuncios,0.044
2021-12-24,Tus ingresos estimados de anuncios,0.019
2021-12-25,Tus ingresos estimados de anuncios,0.026
2021-12-26,Tus ingresos estimados de anuncios,0.048
2021-12-27,Tus ingresos estimados de anuncios,0.053
2021-12-28,Tus ingresos estimados de anuncios,0.051
2021-12-29,Tus ingresos estimados de anuncios,0.045
2021-12-30,Tus ingresos estimados de anuncios,0.044
2021-12-31,Tus ingresos estimados de anuncios,0.033
2022-01-01,Tus ingresos estimados de anuncios,0.011
2022-01-02,Tus ingresos estimados de anuncios,0.014
2022-01-03,Tus ingresos estimados de anuncios,0.03
2022-01-04,Tus ingresos estimados de anuncios,0.081
2022-01-05,Tus ingresos estimados de anuncios,0.088
2022-01-06,Tus ingresos estimados de anuncios,0.054
2022-01-07,Tus ingresos estimados de anuncios,0.045
2022-01-08,Tus ingresos estimados de anuncios,0.035
2022-01-09,Tus ingresos estimados de anuncios,0.04
2022-01-10,Tus ingresos estimados de anuncios,0.099
2022-01-11,Tus ingresos estimados de anuncios,0.052
2022-01-12,Tus ingresos estimados de anuncios,0.079
2022-01-13,Tus ingresos estimados de anuncios,0.094
2022-01-14,Tus ingresos estimados de anuncios,0.071
2022-01-15,Tus ingresos estimados de anuncios,0.067
2022-01-16,Tus ingresos estimados de anuncios,0.074
2022-01-17,Tus ingresos estimados de anuncios,0.106
2022-01-18,Tus ingresos estimados de anuncios,0.085
2022-01-19,Tus ingresos estimados de anuncios,0.058
2022-01-20,Tus ingresos estimados de anuncios,0.061
2022-01-21,Tus ingresos estimados de anuncios,0.149
2022-01-22,Tus ingresos estimados de anuncios,0.077
2022-01-23,Tus ingresos estimados de anuncios,0.033
2022-01-24,Tus ingresos estimados de anuncios,0.083
2022-01-25,Tus ingresos estimados de anuncios,0.142
2022-01-26,Tus ingresos estimados de anuncios,0.096
2022-01-27,Tus ingresos estimados de anuncios,0.107
2022-01-28,Tus ingresos estimados de anuncios,0.178
2022-01-29,Tus ingresos estimados de anuncios,0.1
2022-01-30,Tus ingresos estimados de anuncios,0.041
2022-01-31,Tus ingresos estimados de anuncios,0.081
2022-02-01,Tus ingresos estimados de anuncios,0.11
2022-02-02,Tus ingresos estimados de anuncios,0.161
2022-02-03,Tus ingresos estimados de anuncios,0.158
2022-02-04,Tus ingresos estimados de anuncios,0.089
2022-02-05,Tus ingresos estimados de anuncios,0.06
2022-02-06,Tus ingresos estimados de anuncios,0.04
2022-02-07,Tus ingresos estimados de anuncios,0.092
2022-02-08,Tus ingresos estimados de anuncios,0.104
2022-02-09,Tus ingresos estimados de anuncios,0.134
2022-02-10,Tus ingresos estimados de anuncios,0.199
2022-02-11,Tus ingresos estimados de anuncios,0.08
2022-02-12,Tus ingresos estimados de anuncios,0.09
2022-02-13,Tus ingresos estimados de anuncios,0.04
2022-02-14,Tus ingresos estimados de anuncios,0.127
2022-02-15,Tus ingresos estimados de anuncios,0.151
2022-02-16,Tus ingresos estimados de anuncios,0.086
2022-02-17,Tus ingresos estimados de anuncios,0.108
2022-02-18,Tus ingresos estimados de anuncios,0.071
2022-02-19,Tus ingresos estimados de anuncios,0.096
2022-02-20,Tus ingresos estimados de anuncios,0.069
2022-02-21,Tus ingresos estimados de anuncios,0.104
2022-02-22,Tus ingresos estimados de anuncios,0.166
2022-02-23,Tus ingresos estimados de anuncios,0.172
2022-02-24,Tus ingresos estimados de anuncios,0.118
2022-02-25,Tus ingresos estimados de anuncios,0.093
2022-02-26,Tus ingresos estimados de anuncios,0.07
2022-02-27,Tus ingresos estimados de anuncios,0.057
2022-02-28,Tus ingresos estimados de anuncios,0.109
2022-03-01,Tus ingresos estimados de anuncios,0.082
2022-03-02,Tus ingresos estimados de anuncios,0.186
2022-03-03,Tus ingresos estimados de anuncios,0.094
2022-03-04,Tus ingresos estimados de anuncios,0.071
2022-03-05,Tus ingresos estimados de anuncios,0.086
2022-03-06,Tus ingresos estimados de anuncios,0.067
2022-03-07,Tus ingresos estimados de anuncios,0.098
2022-03-08,Tus ingresos estimados de anuncios,0.095
2022-03-09,Tus ingresos estimados de anuncios,0.115
2022-03-10,Tus ingresos estimados de anuncios,0.099
2022-03-11,Tus ingresos estimados de anuncios,0.12
2022-03-12,Tus ingresos estimados de anuncios,0.048
2022-03-13,Tus ingresos estimados de anuncios,0.05
2022-03-14,Tus ingresos estimados de anuncios,0.101
2022-03-15,Tus ingresos estimados de anuncios,0.236
2022-03-16,Tus ingresos estimados de anuncios,0.19
2022-03-17,Tus ingresos estimados de anuncios,0.108
2022-03-18,Tus ingresos estimados de anuncios,0.05
2022-03-19,Tus ingresos estimados de anuncios,0.055
2022-03-20,Tus ingresos estimados de anuncios,0.053
2022-03-21,Tus ingresos estimados de anuncios,0.11
2022-03-22,Tus ingresos estimados de anuncios,0.249
2022-03-23,Tus ingresos estimados de anuncios,0.124
2022-03-24,Tus ingresos estimados de anuncios,0.205
2022-03-25,Tus ingresos estimados de anuncios,0.086
2022-03-26,Tus ingresos estimados de anuncios,0.098
2022-03-27,Tus ingresos estimados de anuncios,0.107
2022-03-28,Tus ingresos estimados de anuncios,0.134
2022-03-29,Tus ingresos estimados de anuncios,0.118
2022-03-30,Tus ingresos estimados de anuncios,0.114
2022-03-31,Tus ingresos estimados de anuncios,0.149
2022-04-01,Tus ingresos estimados de anuncios,0.124
2022-04-02,Tus ingresos estimados de anuncios,0.102
2022-04-03,Tus ingresos estimados de anuncios,0.063
2022-04-04,Tus ingresos estimados de anuncios,0.117
2022-04-05,Tus ingresos estimados de anuncios,0.092
2022-04-06,Tus ingresos estimados de anuncios,0.094
2022-04-07,Tus ingresos estimados de anuncios,0.102
2022-04-08,Tus ingresos estimados de anuncios,0.041
2022-04-09,Tus ingresos estimados de anuncios,0.05
2022-04-10,Tus ingresos estimados de anuncios,0.031
2022-04-11,Tus ingresos estimados de anuncios,0.076
2022-04-12,Tus ingresos estimados de anuncios,0.067
2022-04-13,Tus ingresos estimados de anuncios,0.117
2022-04-14,Tus ingresos estimados de anuncios,0.166
2022-04-15,Tus ingresos estimados de anuncios,0.029
2022-04-16,Tus ingresos estimados de anuncios,0.094
2022-04-17,Tus ingresos estimados de anuncios,0.038
2022-04-18,Tus ingresos estimados de anuncios,0.139
2022-04-19,Tus ingresos estimados de anuncios,0.13
2022-04-20,Tus ingresos estimados de anuncios,0.165
2022-04-21,Tus ingresos estimados de anuncios,0.128
2022-04-22,Tus ingresos estimados de anuncios,0.12
2022-04-23,Tus ingresos estimados de anuncios,0.083
2022-04-24,Tus ingresos estimados de anuncios,0.069
2022-04-25,Tus ingresos estimados de anuncios,0.106
2022-04-26,Tus ingresos estimados de anuncios,0.109
2022-04-27,Tus ingresos estimados de anuncios,0.109
2022-04-28,Tus ingresos estimados de anuncios,0.073
2022-04-29,Tus ingresos estimados de anuncios,0.284
2022-04-30,Tus ingresos estimados de anuncios,0.055
2022-05-01,Tus ingresos estimados de anuncios,0.044
2022-05-02,Tus ingresos estimados de anuncios,0.073
2022-05-03,Tus ingresos estimados de anuncios,0.132
2022-05-04,Tus ingresos estimados de anuncios,0.249
2022-05-05,Tus ingresos estimados de anuncios,0.126
2022-05-06,Tus ingresos estimados de anuncios,0.109
2022-05-07,Tus ingresos estimados de anuncios,0.14
2022-05-08,Tus ingresos estimados de anuncios,0.069
2022-05-09,Tus ingresos estimados de anuncios,0.097
2022-05-10,Tus ingresos estimados de anuncios,0.264
2022-05-11,Tus ingresos estimados de anuncios,0.13
2022-05-12,Tus ingresos estimados de anuncios,0.087
2022-05-13,Tus ingresos estimados de anuncios,0.124
2022-05-14,Tus ingresos estimados de anuncios,0.254
2022-05-15,Tus ingresos estimados de anuncios,0.087
2022-05-16,Tus ingresos estimados de anuncios,0.121
2022-05-17,Tus ingresos estimados de anuncios,0.074
2022-05-18,Tus ingresos estimados de anuncios,0.201
2022-05-19,Tus ingresos estimados de anuncios,0.165
2022-05-20,Tus ingresos estimados de anuncios,0.101
2022-05-21,Tus ingresos estimados de anuncios,0.05
2022-05-22,Tus ingresos estimados de anuncios,0.049
2022-05-23,Tus ingresos estimados de anuncios,0.123
2022-05-24,Tus ingresos estimados de anuncios,0.131
2022-05-25,Tus ingresos estimados de anuncios,0.147
2022-05-26,Tus ingresos estimados de anuncios,0.191
2022-05-27,Tus ingresos estimados de anuncios,0.474
2022-05-28,Tus ingresos estimados de anuncios,0.114
2022-05-29,Tus ingresos estimados de anuncios,0.049
2022-05-30,Tus ingresos estimados de anuncios,0.287
2022-05-31,Tus ingresos estimados de anuncios,0.106
2022-06-01,Tus ingresos estimados de anuncios,0.057
2022-06-02,Tus ingresos estimados de anuncios,0.094
2022-06-03,Tus ingresos estimados de anuncios,0.085
2022-06-04,Tus ingresos estimados de anuncios,0.037
2022-06-05,Tus ingresos estimados de anuncios,0.056
2022-06-06,Tus ingresos estimados de anuncios,0.116
2022-06-07,Tus ingresos estimados de anuncios,0.101
2022-06-08,Tus ingresos estimados de anuncios,0.077
2022-06-09,Tus ingresos estimados de anuncios,0.064
2022-06-10,Tus ingresos estimados de anuncios,0.106
2022-06-11,Tus ingresos estimados de anuncios,0.051
2022-06-12,Tus ingresos estimados de anuncios,0.059
2022-06-13,Tus ingresos estimados de anuncios,0.136
2022-06-14,Tus ingresos estimados de anuncios,0.118
2022-06-15,Tus ingresos estimados de anuncios,0.111
2022-06-16,Tus ingresos estimados de anuncios,0.14
2022-06-17,Tus ingresos estimados de anuncios,0.08
2022-06-18,Tus ingresos estimados de anuncios,0.031
2022-06-19,Tus ingresos estimados de anuncios,0.038
2022-06-20,Tus ingresos estimados de anuncios,0.14
2022-06-21,Tus ingresos estimados de anuncios,0.091
2022-06-22,Tus ingresos estimados de anuncios,0.087
2022-06-23,Tus ingresos estimados de anuncios,0.111
2022-06-24,Tus ingresos estimados de anuncios,0.097
2022-06-25,Tus ingresos estimados de anuncios,0.098
2022-06-26,Tus ingresos estimados de anuncios,0.083
2022-06-27,Tus ingresos estimados de anuncios,0.093
2022-06-28,Tus ingresos estimados de anuncios,0.066
2022-06-29,Tus ingresos estimados de anuncios,0.116
2022-06-30,Tus ingresos estimados de anuncios,0.076
2022-07-01,Tus ingresos estimados de anuncios,0.086
2022-07-02,Tus ingresos estimados de anuncios,0.04
2022-07-03,Tus ingresos estimados de anuncios,0.058
2022-07-04,Tus ingresos estimados de anuncios,0.146
2022-07-05,Tus ingresos estimados de anuncios,0.137
2022-07-06,Tus ingresos estimados de anuncios,0.166
2022-07-07,Tus ingresos estimados de anuncios,0.091
2022-07-08,Tus ingresos estimados de anuncios,0.055
2022-07-09,Tus ingresos estimados de anuncios,0.052
2022-07-10,Tus ingresos estimados de anuncios,0.099
2022-07-11,Tus ingresos estimados de anuncios,0.083
2022-07-12,Tus ingresos estimados de anuncios,0.089
2022-07-13,Tus ingresos estimados de anuncios,0.12
2022-07-14,Tus ingresos estimados de anuncios,0.155
2022-07-15,Tus ingresos estimados de anuncios,0.069
2022-07-16,Tus ingresos estimados de anuncios,0.047
2022-07-17,Tus ingresos estimados de anuncios,0.041
2022-07-18,Tus ingresos estimados de anuncios,0.07
2022-07-19,Tus ingresos estimados de anuncios,0.165
2022-07-20,Tus ingresos estimados de anuncios,0.49
2022-07-21,Tus ingresos estimados de anuncios,0.068
2022-07-22,Tus ingresos estimados de anuncios,0.114
2022-07-23,Tus ingresos estimados de anuncios,0.08
2022-07-24,Tus ingresos estimados de anuncios,0.045
2022-07-25,Tus ingresos estimados de anuncios,0.088
2022-07-26,Tus ingresos estimados de anuncios,0.1
2022-07-27,Tus ingresos estimados de anuncios,0.081
2022-07-28,Tus ingresos estimados de anuncios,0.063
2022-07-29,Tus ingresos estimados de anuncios,0.087
2022-07-30,Tus ingresos estimados de anuncios,0.09
2022-07-31,Tus ingresos estimados de anuncios,0.031
2022-08-01,Tus ingresos estimados de anuncios,0.145
2022-08-02,Tus ingresos estimados de anuncios,0.124
2022-08-03,Tus ingresos estimados de anuncios,0.106
2022-08-04,Tus ingresos estimados de anuncios,0.136
2022-08-05,Tus ingresos estimados de anuncios,0.112
2022-08-06,Tus ingresos estimados de anuncios,0.052
2022-08-07,Tus ingresos estimados de anuncios,0.075
2022-08-08,Tus ingresos estimados de anuncios,0.065
2022-08-09,Tus ingresos estimados de anuncios,0.109
2022-08-10,Tus ingresos estimados de anuncios,0.094
2022-08-11,Tus ingresos estimados de anuncios,0.091
2022-08-12,Tus ingresos estimados de anuncios,0.142
2022-08-13,Tus ingresos estimados de anuncios,0.15
2022-08-14,Tus ingresos estimados de anuncios,0.058
2022-08-15,Tus ingresos estimados de anuncios,0.077
2022-08-16,Tus ingresos estimados de anuncios,0.165
2022-08-17,Tus ingresos estimados de anuncios,0.108
2022-08-18,Tus ingresos estimados de anuncios,0.077
2022-08-19,Tus ingresos estimados de anuncios,0.093
2022-08-20,Tus ingresos estimados de anuncios,0.064
2022-08-21,Tus ingresos estimados de anuncios,0.058
2022-08-22,Tus ingresos estimados de anuncios,0.104
2022-08-23,Tus ingresos estimados de anuncios,0.124
2022-08-24,Tus ingresos estimados de anuncios,0.133
2022-08-25,Tus ingresos estimados de anuncios,0.153
2022-08-26,Tus ingresos estimados de anuncios,0.127
2022-08-27,Tus ingresos estimados de anuncios,0.101
2022-08-28,Tus ingresos estimados de anuncios,0.079
2022-08-29,Tus ingresos estimados de anuncios,0.102
2022-08-30,Tus ingresos estimados de anuncios,0.076
2022-08-31,Tus ingresos estimados de anuncios,0.1
2022-09-01,Tus ingresos estimados de anuncios,0.09
2022-09-02,Tus ingresos estimados de anuncios,0.065
2022-09-03,Tus ingresos estimados de anuncios,0.128
2022-09-04,Tus ingresos estimados de anuncios,0.102
2022-09-05,Tus ingresos estimados de anuncios,0.096
2022-09-06,Tus ingresos estimados de anuncios,0.156
2022-09-07,Tus ingresos estimados de anuncios,0.097
2022-09-08,Tus ingresos estimados de anuncios,0.086
2022-09-09,Tus ingresos estimados de anuncios,0.047
2022-09-10,Tus ingresos estimados de anuncios,0.078
2022-09-11,Tus ingresos estimados de anuncios,0.045
2022-09-12,Tus ingresos estimados de anuncios,0.086
2022-09-13,Tus ingresos estimados de anuncios,0.038
2022-09-14,Tus ingresos estimados de anuncios,0.092
2022-09-15,Tus ingresos estimados de anuncios,0.067
2022-09-16,Tus ingresos estimados de anuncios,0.085
2022-09-17,Tus ingresos estimados de anuncios,0.057
2022-09-18,Tus ingresos estimados de anuncios,0.045
2022-09-19,Tus ingresos estimados de anuncios,0.093
2022-09-20,Tus ingresos estimados de anuncios,0.074
2022-09-21,Tus ingresos estimados de anuncios,0.147
2022-09-22,Tus ingresos estimados de anuncios,0.126
2022-09-23,Tus ingresos estimados de anuncios,0.093
2022-09-24,Tus ingresos estimados de anuncios,0.049
2022-09-25,Tus ingresos estimados de anuncios,0.052
2022-09-26,Tus ingresos estimados de anuncios,0.069
2022-09-27,Tus ingresos estimados de anuncios,0.08
2022-09-28,Tus ingresos estimados de anuncios,0.194
2022-09-29,Tus ingresos estimados de anuncios,0.094
2022-09-30,Tus ingresos estimados de anuncios,0.096
2022-10-01,Tus ingresos estimados de anuncios,0.08
2022-10-02,Tus ingresos estimados de anuncios,0.035
2022-10-03,Tus ingresos estimados de anuncios,0.076
2022-10-04,Tus ingresos estimados de anuncios,0.121
2022-10-05,Tus ingresos estimados de anuncios,0.072
2022-10-06,Tus ingresos estimados de anuncios,0.059
2022-10-07,Tus ingresos estimados de anuncios,0.074
2022-10-08,Tus ingresos estimados de anuncios,0.054
2022-10-09,Tus ingresos estimados de anuncios,0.057
2022-10-10,Tus ingresos estimados de anuncios,0.111
2022-10-11,Tus ingresos estimados de anuncios,0.086
2022-10-12,Tus ingresos estimados de anuncios,0.053
2022-10-13,Tus ingresos estimados de anuncios,0.127
2022-10-14,Tus ingresos estimados de anuncios,0.115
2022-10-15,Tus ingresos estimados de anuncios,0.061
2022-10-16,Tus ingresos estimados de anuncios,0.036
2022-10-17,Tus ingresos estimados de anuncios,0.077
2022-10-18,Tus ingresos estimados de anuncios,0.081
2022-10-19,Tus ingresos estimados de anuncios,0.1
2022-10-20,Tus ingresos estimados de anuncios,0.211
2022-10-21,Tus ingresos estimados de anuncios,0.088
2022-10-22,Tus ingresos estimados de anuncios,0.057
2022-10-23,Tus ingresos estimados de anuncios,0.04
2022-10-24,Tus ingresos estimados de anuncios,0.25
2022-10-25,Tus ingresos estimados de anuncios,0.129
2022-10-26,Tus ingresos estimados de anuncios,0.081
2022-10-27,Tus ingresos estimados de anuncios,0.108
2022-10-28,Tus ingresos estimados de anuncios,0.501
2022-10-29,Tus ingresos estimados de anuncios,0.105
2022-10-30,Tus ingresos estimados de anuncios,0.066
2021-03-10,Tus ingresos de YouTube Premium,0
2021-03-11,Tus ingresos de YouTube Premium,0
2021-03-12,Tus ingresos de YouTube Premium,0
2021-03-13,Tus ingresos de YouTube Premium,0
2021-03-14,Tus ingresos de YouTube Premium,0
2021-03-15,Tus ingresos de YouTube Premium,0
2021-03-16,Tus ingresos de YouTube Premium,0
2021-03-17,Tus ingresos de YouTube Premium,0
2021-03-18,Tus ingresos de YouTube Premium,0
2021-03-19,Tus ingresos de YouTube Premium,0
2021-03-20,Tus ingresos de YouTube Premium,0
2021-03-21,Tus ingresos de YouTube Premium,0
2021-03-22,Tus ingresos de YouTube Premium,0
2021-03-23,Tus ingresos de YouTube Premium,0
2021-03-24,Tus ingresos de YouTube Premium,0
2021-03-25,Tus ingresos de YouTube Premium,0
2021-03-26,Tus ingresos de YouTube Premium,0
2021-03-27,Tus ingresos de YouTube Premium,0
2021-03-28,Tus ingresos de YouTube Premium,0
2021-03-29,Tus ingresos de YouTube Premium,0
2021-03-30,Tus ingresos de YouTube Premium,0
2021-03-31,Tus ingresos de YouTube Premium,0
2021-04-01,Tus ingresos de YouTube Premium,0
2021-04-02,Tus ingresos de YouTube Premium,0
2021-04-03,Tus ingresos de YouTube Premium,0
2021-04-04,Tus ingresos de YouTube Premium,0
2021-04-05,Tus ingresos de YouTube Premium,0
2021-04-06,Tus ingresos de YouTube Premium,0
2021-04-07,Tus ingresos de YouTube Premium,0
2021-04-08,Tus ingresos de YouTube Premium,0
2021-04-09,Tus ingresos de YouTube Premium,0
2021-04-10,Tus ingresos de YouTube Premium,0
2021-04-11,Tus ingresos de YouTube Premium,0
2021-04-12,Tus ingresos de YouTube Premium,0
2021-04-13,Tus ingresos de YouTube Premium,0
2021-04-14,Tus ingresos de YouTube Premium,0
2021-04-15,Tus ingresos de YouTube Premium,0
2021-04-16,Tus ingresos de YouTube Premium,0
2021-04-17,Tus ingresos de YouTube Premium,0
2021-04-18,Tus ingresos de YouTube Premium,0
2021-04-19,Tus ingresos de YouTube Premium,0
2021-04-20,Tus ingresos de YouTube Premium,0
2021-04-21,Tus ingresos de YouTube Premium,0
2021-04-22,Tus ingresos de YouTube Premium,0
2021-04-23,Tus ingresos de YouTube Premium,0
2021-04-24,Tus ingresos de YouTube Premium,0
2021-04-25,Tus ingresos de YouTube Premium,0
2021-04-26,Tus ingresos de YouTube Premium,0
2021-04-27,Tus ingresos de YouTube Premium,0
2021-04-28,Tus ingresos de YouTube Premium,0
2021-04-29,Tus ingresos de YouTube Premium,0
2021-04-30,Tus ingresos de YouTube Premium,0
2021-05-01,Tus ingresos de YouTube Premium,0
2021-05-02,Tus ingresos de YouTube Premium,0
2021-05-03,Tus ingresos de YouTube Premium,0.004
2021-05-04,Tus ingresos de YouTube Premium,0.007
2021-05-05,Tus ingresos de YouTube Premium,0.002
2021-05-06,Tus ingresos de YouTube Premium,0
2021-05-07,Tus ingresos de YouTube Premium,0
2021-05-08,Tus ingresos de YouTube Premium,0
2021-05-09,Tus ingresos de YouTube Premium,0.001
2021-05-10,Tus ingresos de YouTube Premium,0
2021-05-11,Tus ingresos de YouTube Premium,0
2021-05-12,Tus ingresos de YouTube Premium,0
2021-05-13,Tus ingresos de YouTube Premium,0
2021-05-14,Tus ingresos de YouTube Premium,0.002
2021-05-15,Tus ingresos de YouTube Premium,0
2021-05-16,Tus ingresos de YouTube Premium,0.001
2021-05-17,Tus ingresos de YouTube Premium,0.002
2021-05-18,Tus ingresos de YouTube Premium,0.001
2021-05-19,Tus ingresos de YouTube Premium,0
2021-05-20,Tus ingresos de YouTube Premium,0
2021-05-21,Tus ingresos de YouTube Premium,0
2021-05-22,Tus ingresos de YouTube Premium,0
2021-05-23,Tus ingresos de YouTube Premium,0
2021-05-24,Tus ingresos de YouTube Premium,0
2021-05-25,Tus ingresos de YouTube Premium,0
2021-05-26,Tus ingresos de YouTube Premium,0
2021-05-27,Tus ingresos de YouTube Premium,0.002
2021-05-28,Tus ingresos de YouTube Premium,0
2021-05-29,Tus ingresos de YouTube Premium,0
2021-05-30,Tus ingresos de YouTube Premium,0
2021-05-31,Tus ingresos de YouTube Premium,0
2021-06-01,Tus ingresos de YouTube Premium,0
2021-06-02,Tus ingresos de YouTube Premium,0
2021-06-03,Tus ingresos de YouTube Premium,0
2021-06-04,Tus ingresos de YouTube Premium,0
2021-06-05,Tus ingresos de YouTube Premium,0.001
2021-06-06,Tus ingresos de YouTube Premium,0
2021-06-07,Tus ingresos de YouTube Premium,0
2021-06-08,Tus ingresos de YouTube Premium,0
2021-06-09,Tus ingresos de YouTube Premium,0.002
2021-06-10,Tus ingresos de YouTube Premium,0.001
2021-06-11,Tus ingresos de YouTube Premium,0.001
2021-06-12,Tus ingresos de YouTube Premium,0
2021-06-13,Tus ingresos de YouTube Premium,0.001
2021-06-14,Tus ingresos de YouTube Premium,0
2021-06-15,Tus ingresos de YouTube Premium,0
2021-06-16,Tus ingresos de YouTube Premium,0
2021-06-17,Tus ingresos de YouTube Premium,0
2021-06-18,Tus ingresos de YouTube Premium,0
2021-06-19,Tus ingresos de YouTube Premium,0
2021-06-20,Tus ingresos de YouTube Premium,0.001
2021-06-21,Tus ingresos de YouTube Premium,0.001
2021-06-22,Tus ingresos de YouTube Premium,0
2021-06-23,Tus ingresos de YouTube Premium,0.001
2021-06-24,Tus ingresos de YouTube Premium,0
2021-06-25,Tus ingresos de YouTube Premium,0
2021-06-26,Tus ingresos de YouTube Premium,0
2021-06-27,Tus ingresos de YouTube Premium,0
2021-06-28,Tus ingresos de YouTube Premium,0.001
2021-06-29,Tus ingresos de YouTube Premium,0.001
2021-06-30,Tus ingresos de YouTube Premium,0
2021-07-01,Tus ingresos de YouTube Premium,0.001
2021-07-02,Tus ingresos de YouTube Premium,0
2021-07-03,Tus ingresos de YouTube Premium,0
2021-07-04,Tus ingresos de YouTube Premium,0.002
2021-07-05,Tus ingresos de YouTube Premium,0
2021-07-06,Tus ingresos de YouTube Premium,0
2021-07-07,Tus ingresos de YouTube Premium,0.001
2021-07-08,Tus ingresos de YouTube Premium,0
2021-07-09,Tus ingresos de YouTube Premium,0.002
2021-07-10,Tus ingresos de YouTube Premium,0
2021-07-11,Tus ingresos de YouTube Premium,0.001
2021-07-12,Tus ingresos de YouTube Premium,0
2021-07-13,Tus ingresos de YouTube Premium,0.001
2021-07-14,Tus ingresos de YouTube Premium,0
2021-07-15,Tus ingresos de YouTube Premium,0
2021-07-16,Tus ingresos de YouTube Premium,0
2021-07-17,Tus ingresos de YouTube Premium,0
2021-07-18,Tus ingresos de YouTube Premium,0
2021-07-19,Tus ingresos de YouTube Premium,0
2021-07-20,Tus ingresos de YouTube Premium,0
2021-07-21,Tus ingresos de YouTube Premium,0.002
2021-07-22,Tus ingresos de YouTube Premium,0
2021-07-23,Tus ingresos de YouTube Premium,0
2021-07-24,Tus ingresos de YouTube Premium,0
2021-07-25,Tus ingresos de YouTube Premium,0.001
2021-07-26,Tus ingresos de YouTube Premium,0
2021-07-27,Tus ingresos de YouTube Premium,0
2021-07-28,Tus ingresos de YouTube Premium,0
2021-07-29,Tus ingresos de YouTube Premium,0
2021-07-30,Tus ingresos de YouTube Premium,0.001
2021-07-31,Tus ingresos de YouTube Premium,0
2021-08-01,Tus ingresos de YouTube Premium,0
2021-08-02,Tus ingresos de YouTube Premium,0.001
2021-08-03,Tus ingresos de YouTube Premium,0
2021-08-04,Tus ingresos de YouTube Premium,0
2021-08-05,Tus ingresos de YouTube Premium,0
2021-08-06,Tus ingresos de YouTube Premium,0.001
2021-08-07,Tus ingresos de YouTube Premium,0
2021-08-08,Tus ingresos de YouTube Premium,0
2021-08-09,Tus ingresos de YouTube Premium,0
2021-08-10,Tus ingresos de YouTube Premium,0
2021-08-11,Tus ingresos de YouTube Premium,0.001
2021-08-12,Tus ingresos de YouTube Premium,0
2021-08-13,Tus ingresos de YouTube Premium,0
2021-08-14,Tus ingresos de YouTube Premium,0.001
2021-08-15,Tus ingresos de YouTube Premium,0.001
2021-08-16,Tus ingresos de YouTube Premium,0
2021-08-17,Tus ingresos de YouTube Premium,0.001
2021-08-18,Tus ingresos de YouTube Premium,0.001
2021-08-19,Tus ingresos de YouTube Premium,0
2021-08-20,Tus ingresos de YouTube Premium,0
2021-08-21,Tus ingresos de YouTube Premium,0
2021-08-22,Tus ingresos de YouTube Premium,0
2021-08-23,Tus ingresos de YouTube Premium,0
2021-08-24,Tus ingresos de YouTube Premium,0.001
2021-08-25,Tus ingresos de YouTube Premium,0
2021-08-26,Tus ingresos de YouTube Premium,0.001
2021-08-27,Tus ingresos de YouTube Premium,0
2021-08-28,Tus ingresos de YouTube Premium,0
2021-08-29,Tus ingresos de YouTube Premium,0
2021-08-30,Tus ingresos de YouTube Premium,0
2021-08-31,Tus ingresos de YouTube Premium,0
2021-09-01,Tus ingresos de YouTube Premium,0.001
2021-09-02,Tus ingresos de YouTube Premium,0
2021-09-03,Tus ingresos de YouTube Premium,0.001
2021-09-04,Tus ingresos de YouTube Premium,0.004
2021-09-05,Tus ingresos de YouTube Premium,0.002
2021-09-06,Tus ingresos de YouTube Premium,0.001
2021-09-07,Tus ingresos de YouTube Premium,0.001
2021-09-08,Tus ingresos de YouTube Premium,0
2021-09-09,Tus ingresos de YouTube Premium,0.002
2021-09-10,Tus ingresos de YouTube Premium,0
2021-09-11,Tus ingresos de YouTube Premium,0
2021-09-12,Tus ingresos de YouTube Premium,0.001
2021-09-13,Tus ingresos de YouTube Premium,0.001
2021-09-14,Tus ingresos de YouTube Premium,0.001
2021-09-15,Tus ingresos de YouTube Premium,0
2021-09-16,Tus ingresos de YouTube Premium,0.001
2021-09-17,Tus ingresos de YouTube Premium,0
2021-09-18,Tus ingresos de YouTube Premium,0
2021-09-19,Tus ingresos de YouTube Premium,0.001
2021-09-20,Tus ingresos de YouTube Premium,0
2021-09-21,Tus ingresos de YouTube Premium,0.001
2021-09-22,Tus ingresos de YouTube Premium,0.001
2021-09-23,Tus ingresos de YouTube Premium,0.002
2021-09-24,Tus ingresos de YouTube Premium,0.001
2021-09-25,Tus ingresos de YouTube Premium,0
2021-09-26,Tus ingresos de YouTube Premium,0
2021-09-27,Tus ingresos de YouTube Premium,0.001
2021-09-28,Tus ingresos de YouTube Premium,0.001
2021-09-29,Tus ingresos de YouTube Premium,0.001
2021-09-30,Tus ingresos de YouTube Premium,0.001
2021-10-01,Tus ingresos de YouTube Premium,0.001
2021-10-02,Tus ingresos de YouTube Premium,0
2021-10-03,Tus ingresos de YouTube Premium,0.001
2021-10-04,Tus ingresos de YouTube Premium,0
2021-10-05,Tus ingresos de YouTube Premium,0.001
2021-10-06,Tus ingresos de YouTube Premium,0
2021-10-07,Tus ingresos de YouTube Premium,0.002
2021-10-08,Tus ingresos de YouTube Premium,0
2021-10-09,Tus ingresos de YouTube Premium,0.002
2021-10-10,Tus ingresos de YouTube Premium,0.001
2021-10-11,Tus ingresos de YouTube Premium,0
2021-10-12,Tus ingresos de YouTube Premium,0
2021-10-13,Tus ingresos de YouTube Premium,0.001
2021-10-14,Tus ingresos de YouTube Premium,0
2021-10-15,Tus ingresos de YouTube Premium,0
2021-10-16,Tus ingresos de YouTube Premium,0.001
2021-10-17,Tus ingresos de YouTube Premium,0
2021-10-18,Tus ingresos de YouTube Premium,0
2021-10-19,Tus ingresos de YouTube Premium,0.001
2021-10-20,Tus ingresos de YouTube Premium,0.002
2021-10-21,Tus ingresos de YouTube Premium,0.003
2021-10-22,Tus ingresos de YouTube Premium,0.001
2021-10-23,Tus ingresos de YouTube Premium,0
2021-10-24,Tus ingresos de YouTube Premium,0.001
2021-10-25,Tus ingresos de YouTube Premium,0.001
2021-10-26,Tus ingresos de YouTube Premium,0
2021-10-27,Tus ingresos de YouTube Premium,0
2021-10-28,Tus ingresos de YouTube Premium,0.001
2021-10-29,Tus ingresos de YouTube Premium,0
2021-10-30,Tus ingresos de YouTube Premium,0
2021-10-31,Tus ingresos de YouTube Premium,0
2021-11-01,Tus ingresos de YouTube Premium,0
2021-11-02,Tus ingresos de YouTube Premium,0
2021-11-03,Tus ingresos de YouTube Premium,0
2021-11-04,Tus ingresos de YouTube Premium,0
2021-11-05,Tus ingresos de YouTube Premium,0
2021-11-06,Tus ingresos de YouTube Premium,0
2021-11-07,Tus ingresos de YouTube Premium,0
2021-11-08,Tus ingresos de YouTube Premium,0
2021-11-09,Tus ingresos de YouTube Premium,0
2021-11-10,Tus ingresos de YouTube Premium,0
2021-11-11,Tus ingresos de YouTube Premium,0
2021-11-12,Tus ingresos de YouTube Premium,0.001
2021-11-13,Tus ingresos de YouTube Premium,0
2021-11-14,Tus ingresos de YouTube Premium,0
2021-11-15,Tus ingresos de YouTube Premium,0
2021-11-16,Tus ingresos de YouTube Premium,0.001
2021-11-17,Tus ingresos de YouTube Premium,0.001
2021-11-18,Tus ingresos de YouTube Premium,0.003
2021-11-19,Tus ingresos de YouTube Premium,0.002
2021-11-20,Tus ingresos de YouTube Premium,0
2021-11-21,Tus ingresos de YouTube Premium,0.003
2021-11-22,Tus ingresos de YouTube Premium,0.001
2021-11-23,Tus ingresos de YouTube Premium,0
2021-11-24,Tus ingresos de YouTube Premium,0.001
2021-11-25,Tus ingresos de YouTube Premium,0
2021-11-26,Tus ingresos de YouTube Premium,0.001
2021-11-27,Tus ingresos de YouTube Premium,0
2021-11-28,Tus ingresos de YouTube Premium,0.001
2021-11-29,Tus ingresos de YouTube Premium,0.002
2021-11-30,Tus ingresos de YouTube Premium,0
2021-12-01,Tus ingresos de YouTube Premium,0.001
2021-12-02,Tus ingresos de YouTube Premium,0.001
2021-12-03,Tus ingresos de YouTube Premium,0
2021-12-04,Tus ingresos de YouTube Premium,0
2021-12-05,Tus ingresos de YouTube Premium,0.002
2021-12-06,Tus ingresos de YouTube Premium,0.001
2021-12-07,Tus ingresos de YouTube Premium,0
2021-12-08,Tus ingresos de YouTube Premium,0.003
2021-12-09,Tus ingresos de YouTube Premium,0
2021-12-10,Tus ingresos de YouTube Premium,0
2021-12-11,Tus ingresos de YouTube Premium,0
2021-12-12,Tus ingresos de YouTube Premium,0.001
2021-12-13,Tus ingresos de YouTube Premium,0
2021-12-14,Tus ingresos de YouTube Premium,0
2021-12-15,Tus ingresos de YouTube Premium,0.001
2021-12-16,Tus ingresos de YouTube Premium,0.001
2021-12-17,Tus ingresos de YouTube Premium,0
2021-12-18,Tus ingresos de YouTube Premium,0
2021-12-19,Tus ingresos de YouTube Premium,0.001
2021-12-20,Tus ingresos de YouTube Premium,0.001
2021-12-21,Tus ingresos de YouTube Premium,0
2021-12-22,Tus ingresos de YouTube Premium,0
2021-12-23,Tus ingresos de YouTube Premium,0
2021-12-24,Tus ingresos de YouTube Premium,0
2021-12-25,Tus ingresos de YouTube Premium,0
2021-12-26,Tus ingresos de YouTube Premium,0
2021-12-27,Tus ingresos de YouTube Premium,0
2021-12-28,Tus ingresos de YouTube Premium,0
2021-12-29,Tus ingresos de YouTube Premium,0
2021-12-30,Tus ingresos de YouTube Premium,0
2021-12-31,Tus ingresos de YouTube Premium,0
2022-01-01,Tus ingresos de YouTube Premium,0
2022-01-02,Tus ingresos de YouTube Premium,0.001
2022-01-03,Tus ingresos de YouTube Premium,0.001
2022-01-04,Tus ingresos de YouTube Premium,0
2022-01-05,Tus ingresos de YouTube Premium,0.001
2022-01-06,Tus ingresos de YouTube Premium,0.001
2022-01-07,Tus ingresos de YouTube Premium,0.002
2022-01-08,Tus ingresos de YouTube Premium,0
2022-01-09,Tus ingresos de YouTube Premium,0
2022-01-10,Tus ingresos de YouTube Premium,0
2022-01-11,Tus ingresos de YouTube Premium,0.001
2022-01-12,Tus ingresos de YouTube Premium,0
2022-01-13,Tus ingresos de YouTube Premium,0
2022-01-14,Tus ingresos de YouTube Premium,0
2022-01-15,Tus ingresos de YouTube Premium,0.001
2022-01-16,Tus ingresos de YouTube Premium,0
2022-01-17,Tus ingresos de YouTube Premium,0.001
2022-01-18,Tus ingresos de YouTube Premium,0
2022-01-19,Tus ingresos de YouTube Premium,0
2022-01-20,Tus ingresos de YouTube Premium,0.002
2022-01-21,Tus ingresos de YouTube Premium,0.001
2022-01-22,Tus ingresos de YouTube Premium,0
2022-01-23,Tus ingresos de YouTube Premium,0.001
2022-01-24,Tus ingresos de YouTube Premium,0.002
2022-01-25,Tus ingresos de YouTube Premium,0.001
2022-01-26,Tus ingresos de YouTube Premium,0
2022-01-27,Tus ingresos de YouTube Premium,0.001
2022-01-28,Tus ingresos de YouTube Premium,0
2022-01-29,Tus ingresos de YouTube Premium,0
2022-01-30,Tus ingresos de YouTube Premium,0
2022-01-31,Tus ingresos de YouTube Premium,0
2022-02-01,Tus ingresos de YouTube Premium,0.001
2022-02-02,Tus ingresos de YouTube Premium,0.003
2022-02-03,Tus ingresos de YouTube Premium,0.003
2022-02-04,Tus ingresos de YouTube Premium,0.001
2022-02-05,Tus ingresos de YouTube Premium,0.001
2022-02-06,Tus ingresos de YouTube Premium,0
2022-02-07,Tus ingresos de YouTube Premium,0.003
2022-02-08,Tus ingresos de YouTube Premium,0.003
2022-02-09,Tus ingresos de YouTube Premium,0
2022-02-10,Tus ingresos de YouTube Premium,0
2022-02-11,Tus ingresos de YouTube Premium,0.004
2022-02-12,Tus ingresos de YouTube Premium,0.004
2022-02-13,Tus ingresos de YouTube Premium,0.001
2022-02-14,Tus ingresos de YouTube Premium,0
2022-02-15,Tus ingresos de YouTube Premium,0.002
2022-02-16,Tus ingresos de YouTube Premium,0.003
2022-02-17,Tus ingresos de YouTube Premium,0
2022-02-18,Tus ingresos de YouTube Premium,0.001
2022-02-19,Tus ingresos de YouTube Premium,0.001
2022-02-20,Tus ingresos de YouTube Premium,0.001
2022-02-21,Tus ingresos de YouTube Premium,0
2022-02-22,Tus ingresos de YouTube Premium,0.003
2022-02-23,Tus ingresos de YouTube Premium,0.002
2022-02-24,Tus ingresos de YouTube Premium,0.001
2022-02-25,Tus ingresos de YouTube Premium,0.001
2022-02-26,Tus ingresos de YouTube Premium,0.002
2022-02-27,Tus ingresos de YouTube Premium,0.002
2022-02-28,Tus ingresos de YouTube Premium,0.001
2022-03-01,Tus ingresos de YouTube Premium,0.001
2022-03-02,Tus ingresos de YouTube Premium,0
2022-03-03,Tus ingresos de YouTube Premium,0.002
2022-03-04,Tus ingresos de YouTube Premium,0.001
2022-03-05,Tus ingresos de YouTube Premium,0.001
2022-03-06,Tus ingresos de YouTube Premium,0
2022-03-07,Tus ingresos de YouTube Premium,0.002
2022-03-08,Tus ingresos de YouTube Premium,0.001
2022-03-09,Tus ingresos de YouTube Premium,0.003
2022-03-10,Tus ingresos de YouTube Premium,0.001
2022-03-11,Tus ingresos de YouTube Premium,0.002
2022-03-12,Tus ingresos de YouTube Premium,0.001
2022-03-13,Tus ingresos de YouTube Premium,0.001
2022-03-14,Tus ingresos de YouTube Premium,0
2022-03-15,Tus ingresos de YouTube Premium,0
2022-03-16,Tus ingresos de YouTube Premium,0
2022-03-17,Tus ingresos de YouTube Premium,0
2022-03-18,Tus ingresos de YouTube Premium,0
2022-03-19,Tus ingresos de YouTube Premium,0.001
2022-03-20,Tus ingresos de YouTube Premium,0.003
2022-03-21,Tus ingresos de YouTube Premium,0.001
2022-03-22,Tus ingresos de YouTube Premium,0.001
2022-03-23,Tus ingresos de YouTube Premium,0.001
2022-03-24,Tus ingresos de YouTube Premium,0.001
2022-03-25,Tus ingresos de YouTube Premium,0
2022-03-26,Tus ingresos de YouTube Premium,0
2022-03-27,Tus ingresos de YouTube Premium,0
2022-03-28,Tus ingresos de YouTube Premium,0.001
2022-03-29,Tus ingresos de YouTube Premium,0.001
2022-03-30,Tus ingresos de YouTube Premium,0.001
2022-03-31,Tus ingresos de YouTube Premium,0.001
2022-04-01,Tus ingresos de YouTube Premium,0.002
2022-04-02,Tus ingresos de YouTube Premium,0.001
2022-04-03,Tus ingresos de YouTube Premium,0
2022-04-04,Tus ingresos de YouTube Premium,0.003
2022-04-05,Tus ingresos de YouTube Premium,0
2022-04-06,Tus ingresos de YouTube Premium,0.001
2022-04-07,Tus ingresos de YouTube Premium,0.002
2022-04-08,Tus ingresos de YouTube Premium,0
2022-04-09,Tus ingresos de YouTube Premium,0.002
2022-04-10,Tus ingresos de YouTube Premium,0
2022-04-11,Tus ingresos de YouTube Premium,0.002
2022-04-12,Tus ingresos de YouTube Premium,0.001
2022-04-13,Tus ingresos de YouTube Premium,0.005
2022-04-14,Tus ingresos de YouTube Premium,0
2022-04-15,Tus ingresos de YouTube Premium,0.001
2022-04-16,Tus ingresos de YouTube Premium,0.002
2022-04-17,Tus ingresos de YouTube Premium,0
2022-04-18,Tus ingresos de YouTube Premium,0.001
2022-04-19,Tus ingresos de YouTube Premium,0.001
2022-04-20,Tus ingresos de YouTube Premium,0.001
2022-04-21,Tus ingresos de YouTube Premium,0
2022-04-22,Tus ingresos de YouTube Premium,0
2022-04-23,Tus ingresos de YouTube Premium,0
2022-04-24,Tus ingresos de YouTube Premium,0
2022-04-25,Tus ingresos de YouTube Premium,0.002
2022-04-26,Tus ingresos de YouTube Premium,0
2022-04-27,Tus ingresos de YouTube Premium,0.001
2022-04-28,Tus ingresos de YouTube Premium,0
2022-04-29,Tus ingresos de YouTube Premium,0.001
2022-04-30,Tus ingresos de YouTube Premium,0
2022-05-01,Tus ingresos de YouTube Premium,0
2022-05-02,Tus ingresos de YouTube Premium,0
2022-05-03,Tus ingresos de YouTube Premium,0
2022-05-04,Tus ingresos de YouTube Premium,0.001
2022-05-05,Tus ingresos de YouTube Premium,0
2022-05-06,Tus ingresos de YouTube Premium,0.002
2022-05-07,Tus ingresos de YouTube Premium,0
2022-05-08,Tus ingresos de YouTube Premium,0.001
2022-05-09,Tus ingresos de YouTube Premium,0
2022-05-10,Tus ingresos de YouTube Premium,0
2022-05-11,Tus ingresos de YouTube Premium,0
2022-05-12,Tus ingresos de YouTube Premium,0
2022-05-13,Tus ingresos de YouTube Premium,0.001
2022-05-14,Tus ingresos de YouTube Premium,0.001
2022-05-15,Tus ingresos de YouTube Premium,0
2022-05-16,Tus ingresos de YouTube Premium,0
2022-05-17,Tus ingresos de YouTube Premium,0.001
2022-05-18,Tus ingresos de YouTube Premium,0.001
2022-05-19,Tus ingresos de YouTube Premium,0
2022-05-20,Tus ingresos de YouTube Premium,0
2022-05-21,Tus ingresos de YouTube Premium,0.002
2022-05-22,Tus ingresos de YouTube Premium,0
2022-05-23,Tus ingresos de YouTube Premium,0.002
2022-05-24,Tus ingresos de YouTube Premium,0.002
2022-05-25,Tus ingresos de YouTube Premium,0.001
2022-05-26,Tus ingresos de YouTube Premium,0
2022-05-27,Tus ingresos de YouTube Premium,0
2022-05-28,Tus ingresos de YouTube Premium,0
2022-05-29,Tus ingresos de YouTube Premium,0
2022-05-30,Tus ingresos de YouTube Premium,0
2022-05-31,Tus ingresos de YouTube Premium,0
2022-06-01,Tus ingresos de YouTube Premium,0.001
2022-06-02,Tus ingresos de YouTube Premium,0.001
2022-06-03,Tus ingresos de YouTube Premium,0
2022-06-04,Tus ingresos de YouTube Premium,0.001
2022-06-05,Tus ingresos de YouTube Premium,0
2022-06-06,Tus ingresos de YouTube Premium,0.001
2022-06-07,Tus ingresos de YouTube Premium,0.004
2022-06-08,Tus ingresos de YouTube Premium,0.001
2022-06-09,Tus ingresos de YouTube Premium,0
2022-06-10,Tus ingresos de YouTube Premium,0.001
2022-06-11,Tus ingresos de YouTube Premium,0
2022-06-12,Tus ingresos de YouTube Premium,0
2022-06-13,Tus ingresos de YouTube Premium,0.001
2022-06-14,Tus ingresos de YouTube Premium,0.002
2022-06-15,Tus ingresos de YouTube Premium,0.001
2022-06-16,Tus ingresos de YouTube Premium,0
2022-06-17,Tus ingresos de YouTube Premium,0.003
2022-06-18,Tus ingresos de YouTube Premium,0
2022-06-19,Tus ingresos de YouTube Premium,0
2022-06-20,Tus ingresos de YouTube Premium,0.001
2022-06-21,Tus ingresos de YouTube Premium,0.001
2022-06-22,Tus ingresos de YouTube Premium,0
2022-06-23,Tus ingresos de YouTube Premium,0.001
2022-06-24,Tus ingresos de YouTube Premium,0.001
2022-06-25,Tus ingresos de YouTube Premium,0
2022-06-26,Tus ingresos de YouTube Premium,0
2022-06-27,Tus ingresos de YouTube Premium,0.001
2022-06-28,Tus ingresos de YouTube Premium,0.002
2022-06-29,Tus ingresos de YouTube Premium,0
2022-06-30,Tus ingresos de YouTube Premium,0.001
2022-07-01,Tus ingresos de YouTube Premium,0
2022-07-02,Tus ingresos de YouTube Premium,0
2022-07-03,Tus ingresos de YouTube Premium,0
2022-07-04,Tus ingresos de YouTube Premium,0
2022-07-05,Tus ingresos de YouTube Premium,0.001
2022-07-06,Tus ingresos de YouTube Premium,0.002
2022-07-07,Tus ingresos de YouTube Premium,0
2022-07-08,Tus ingresos de YouTube Premium,0
2022-07-09,Tus ingresos de YouTube Premium,0.002
2022-07-10,Tus ingresos de YouTube Premium,0.002
2022-07-11,Tus ingresos de YouTube Premium,0.003
2022-07-12,Tus ingresos de YouTube Premium,0.001
2022-07-13,Tus ingresos de YouTube Premium,0
2022-07-14,Tus ingresos de YouTube Premium,0.002
2022-07-15,Tus ingresos de YouTube Premium,0.001
2022-07-16,Tus ingresos de YouTube Premium,0.001
2022-07-17,Tus ingresos de YouTube Premium,0.001
2022-07-18,Tus ingresos de YouTube Premium,0.001
2022-07-19,Tus ingresos de YouTube Premium,0.002
2022-07-20,Tus ingresos de YouTube Premium,0.001
2022-07-21,Tus ingresos de YouTube Premium,0.002
2022-07-22,Tus ingresos de YouTube Premium,0.003
2022-07-23,Tus ingresos de YouTube Premium,0.001
2022-07-24,Tus ingresos de YouTube Premium,0
2022-07-25,Tus ingresos de YouTube Premium,0
2022-07-26,Tus ingresos de YouTube Premium,0
2022-07-27,Tus ingresos de YouTube Premium,0.002
2022-07-28,Tus ingresos de YouTube Premium,0.001
2022-07-29,Tus ingresos de YouTube Premium,0.001
2022-07-30,Tus ingresos de YouTube Premium,0
2022-07-31,Tus ingresos de YouTube Premium,0
2022-08-01,Tus ingresos de YouTube Premium,0.001
2022-08-02,Tus ingresos de YouTube Premium,0
2022-08-03,Tus ingresos de YouTube Premium,0
2022-08-04,Tus ingresos de YouTube Premium,0
2022-08-05,Tus ingresos de YouTube Premium,0.001
2022-08-06,Tus ingresos de YouTube Premium,0.001
2022-08-07,Tus ingresos de YouTube Premium,0.001
2022-08-08,Tus ingresos de YouTube Premium,0.001
2022-08-09,Tus ingresos de YouTube Premium,0.002
2022-08-10,Tus ingresos de YouTube Premium,0.002
2022-08-11,Tus ingresos de YouTube Premium,0
2022-08-12,Tus ingresos de YouTube Premium,0.001
2022-08-13,Tus ingresos de YouTube Premium,0
2022-08-14,Tus ingresos de YouTube Premium,0
2022-08-15,Tus ingresos de YouTube Premium,0
2022-08-16,Tus ingresos de YouTube Premium,0.001
2022-08-17,Tus ingresos de YouTube Premium,0.003
2022-08-18,Tus ingresos de YouTube Premium,0.002
2022-08-19,Tus ingresos de YouTube Premium,0
2022-08-20,Tus ingresos de YouTube Premium,0.001
2022-08-21,Tus ingresos de YouTube Premium,0
2022-08-22,Tus ingresos de YouTube Premium,0
2022-08-23,Tus ingresos de YouTube Premium,0.002
2022-08-24,Tus ingresos de YouTube Premium,0
2022-08-25,Tus ingresos de YouTube Premium,0.001
2022-08-26,Tus ingresos de YouTube Premium,0.001
2022-08-27,Tus ingresos de YouTube Premium,0.002
2022-08-28,Tus ingresos de YouTube Premium,0.003
2022-08-29,Tus ingresos de YouTube Premium,0
2022-08-30,Tus ingresos de YouTube Premium,0.001
2022-08-31,Tus ingresos de YouTube Premium,0
2022-09-01,Tus ingresos de YouTube Premium,0
2022-09-02,Tus ingresos de YouTube Premium,0.001
2022-09-03,Tus ingresos de YouTube Premium,0
2022-09-04,Tus ingresos de YouTube Premium,0
2022-09-05,Tus ingresos de YouTube Premium,0.001
2022-09-06,Tus ingresos de YouTube Premium,0.002
2022-09-07,Tus ingresos de YouTube Premium,0
2022-09-08,Tus ingresos de YouTube Premium,0.001
2022-09-09,Tus ingresos de YouTube Premium,0
2022-09-10,Tus ingresos de YouTube Premium,0.001
2022-09-11,Tus ingresos de YouTube Premium,0.001
2022-09-12,Tus ingresos de YouTube Premium,0.001
2022-09-13,Tus ingresos de YouTube Premium,0.002
2022-09-14,Tus ingresos de YouTube Premium,0
2022-09-15,Tus ingresos de YouTube Premium,0
2022-09-16,Tus ingresos de YouTube Premium,0.001
2022-09-17,Tus ingresos de YouTube Premium,0
2022-09-18,Tus ingresos de YouTube Premium,0
2022-09-19,Tus ingresos de YouTube Premium,0
2022-09-20,Tus ingresos de YouTube Premium,0.002
2022-09-21,Tus ingresos de YouTube Premium,0.001
2022-09-22,Tus ingresos de YouTube Premium,0.001
2022-09-23,Tus ingresos de YouTube Premium,0
2022-09-24,Tus ingresos de YouTube Premium,0
2022-09-25,Tus ingresos de YouTube Premium,0
2022-09-26,Tus ingresos de YouTube Premium,0
2022-09-27,Tus ingresos de YouTube Premium,0.001
2022-09-28,Tus ingresos de YouTube Premium,0
2022-09-29,Tus ingresos de YouTube Premium,0.001
2022-09-30,Tus ingresos de YouTube Premium,0.001
2022-10-01,Tus ingresos de YouTube Premium,0
2022-10-02,Tus ingresos de YouTube Premium,0
2022-10-03,Tus ingresos de YouTube Premium,0.001
2022-10-04,Tus ingresos de YouTube Premium,0.001
2022-10-05,Tus ingresos de YouTube Premium,0.001
2022-10-06,Tus ingresos de YouTube Premium,0.001
2022-10-07,Tus ingresos de YouTube Premium,0
2022-10-08,Tus ingresos de YouTube Premium,0.001
2022-10-09,Tus ingresos de YouTube Premium,0
2022-10-10,Tus ingresos de YouTube Premium,0
2022-10-11,Tus ingresos de YouTube Premium,0.002
2022-10-12,Tus ingresos de YouTube Premium,0.001
2022-10-13,Tus ingresos de YouTube Premium,0.001
2022-10-14,Tus ingresos de YouTube Premium,0
2022-10-15,Tus ingresos de YouTube Premium,0
2022-10-16,Tus ingresos de YouTube Premium,0
2022-10-17,Tus ingresos de YouTube Premium,0
2022-10-18,Tus ingresos de YouTube Premium,0.001
2022-10-19,Tus ingresos de YouTube Premium,0
2022-10-20,Tus ingresos de YouTube Premium,0.002
2022-10-21,Tus ingresos de YouTube Premium,0
2022-10-22,Tus ingresos de YouTube Premium,0
2022-10-23,Tus ingresos de YouTube Premium,0
2022-10-24,Tus ingresos de YouTube Premium,0.001
2022-10-25,Tus ingresos de YouTube Premium,0.005
2022-10-26,Tus ingresos de YouTube Premium,0.001
2022-10-27,Tus ingresos de YouTube Premium,0
2022-10-28,Tus ingresos de YouTube Premium,0.001
2022-10-29,Tus ingresos de YouTube Premium,0
2022-10-30,Tus ingresos de YouTube Premium,0
