Fuente de tráfico,Visualizaciones,Tiempo de visualización (horas),Duración media de las visualizaciones,Impresiones,Porcentaje de clics de las impresiones (%)
Total,1380,11.3996,0:00:29,28070,1.55
Feed de Shorts,376,2.5684,0:00:24,,
Búsqueda de YouTube,373,3.2683,0:00:31,8459,1.86
Páginas de canal,164,1.3463,0:00:29,6226,1.19
Funciones de exploración,155,1.262,0:00:29,6943,1.02
Vídeos sugeridos,142,1.4091,0:00:35,6014,2.01
Notificaciones,131,1.1779,0:00:32,,
Listas de reproducción,11,0.1493,0:00:48,173,1.73
Página de lista de reproducción,9,0.0854,0:00:34,255,3.14
Fuentes externas,8,0.0341,0:00:15,,
Directa o desconocida,6,0.0438,0:00:26,,
Otras funciones de YouTube,4,0.0541,0:00:48,,
Páginas de sonido,1,0.0008,0:00:02,,
