Fuente de tráfico,Visualizaciones,Tiempo de visualización (horas),Duración media de las visualizaciones,Impresiones,Porcentaje de clics de las impresiones (%)
Total,4130,523.1473,0:07:36,86732,2.47
Funciones de exploración,1920,159.6553,0:04:59,54934,1.77
Vídeos sugeridos,1420,272.1141,0:11:29,19499,4.5
Páginas de canal,194,26.4023,0:08:09,8298,1.93
Directa o desconocida,169,19.5798,0:06:57,,
Búsqueda de YouTube,127,18.8913,0:08:55,2094,4.73
Notificaciones,110,8.05,0:04:23,,
Fuentes externas,72,5.4751,0:04:33,,
Otras funciones de YouTube,45,5.6001,0:07:28,,
Listas de reproducción,37,3.7592,0:06:05,1008,1.88
Página de lista de reproducción,25,1.895,0:04:32,899,2
Pantallas finales,8,1.6978,0:12:44,,
Tarjetas de vídeo y anotaciones,3,0.0274,0:00:32,,
