Fuente de tráfico,Visualizaciones,Tiempo de visualización (horas),Duración media de las visualizaciones,Impresiones,Porcentaje de clics de las impresiones (%)
Total,2027,109.5547,0:03:14,70801,1.35
Funciones de exploración,1150,54.4473,0:02:50,53631,1.1
Páginas de canal,204,16.25,0:04:46,7441,1.96
Notificaciones,181,8.9208,0:02:57,,
Búsqueda de YouTube,166,8.3041,0:03:00,4022,3.26
Vídeos sugeridos,94,6.6288,0:04:13,2300,2.74
Fuentes externas,66,2.975,0:02:42,,
Directa o desconocida,43,2.4374,0:03:24,,
Otras funciones de YouTube,41,3.8196,0:05:35,,
Pantallas finales,38,3.2679,0:05:09,,
Listas de reproducción,32,1.4668,0:02:45,2066,0.87
Página de lista de reproducción,12,1.0369,0:05:11,1341,0.75
