Fuente de tráfico,Visualizaciones,Tiempo de visualización (horas),Duración media de las visualizaciones,Impresiones,Porcentaje de clics de las impresiones (%)
Total,5159,248.5148,0:02:53,262636,0.76
Funciones de exploración,4195,158.4391,0:02:15,244816,0.65
Vídeos sugeridos,297,28.4736,0:05:45,6952,2.95
Notificaciones,180,13.4688,0:04:29,,
Páginas de canal,136,17.0455,0:07:31,7913,1.5
Directa o desconocida,89,6.8686,0:04:37,,
Fuentes externas,85,7.9369,0:05:36,,
Búsqueda de YouTube,68,7.1621,0:06:19,1303,3.99
Listas de reproducción,48,2.3855,0:02:58,1051,1.71
Otras funciones de YouTube,42,4.9134,0:07:01,,
Página de lista de reproducción,12,1.0198,0:05:05,601,1.5
Pantallas finales,7,0.8016,0:06:52,,
