Fuente de tráfico,Visualizaciones,Tiempo de visualización (horas),Duración media de las visualizaciones,Impresiones,Porcentaje de clics de las impresiones (%)
Total,1083,64.6315,0:03:34,23655,1.92
Funciones de exploración,434,24.6217,0:03:24,11582,1.89
Notificaciones,188,11.6473,0:03:43,,
Vídeos sugeridos,174,12.0942,0:04:10,2734,3.99
Páginas de canal,122,7.7874,0:03:49,6403,1.31
Fuentes externas,58,2.1887,0:02:15,,
Listas de reproducción,50,2.0536,0:02:27,1696,0.94
Búsqueda de YouTube,20,1.7098,0:05:07,720,2.22
Directa o desconocida,17,0.2481,0:00:52,,
Otras funciones de YouTube,10,1.559,0:09:21,,
Página de lista de reproducción,10,0.7219,0:04:19,520,1.73
