Fuente de tráfico,Visualizaciones,Tiempo de visualización (horas),Duración media de las visualizaciones,Impresiones,Porcentaje de clics de las impresiones (%)
Total,868,29.4859,0:02:02,39782,0.88
Funciones de exploración,541,16.5573,0:01:50,29120,0.82
Notificaciones,124,3.8429,0:01:51,,
Páginas de canal,94,4.4809,0:02:51,7345,0.91
Vídeos sugeridos,27,1.1951,0:02:39,941,1.17
Listas de reproducción,24,0.6071,0:01:31,1513,0.99
Fuentes externas,22,0.7411,0:02:01,,
Búsqueda de YouTube,17,1.4335,0:05:03,373,3.75
Página de lista de reproducción,7,0.2669,0:02:17,490,0.61
Directa o desconocida,6,0.1218,0:01:13,,
Otras funciones de YouTube,6,0.2394,0:02:23,,
