Fuente de tráfico,Visualizaciones,Tiempo de visualización (horas),Duración media de las visualizaciones,Impresiones,Porcentaje de clics de las impresiones (%)
Total,1167,52.0842,0:02:40,40210,1.2
Funciones de exploración,612,23.0602,0:02:15,28195,1.13
Notificaciones,183,7.3085,0:02:23,,
Páginas de canal,128,8.3741,0:03:55,7262,1.27
Vídeos sugeridos,66,3.5016,0:03:10,2374,1.43
Directa o desconocida,57,0.833,0:00:52,,
Fuentes externas,37,0.9659,0:01:33,,
Listas de reproducción,30,1.1092,0:02:13,1303,1.69
Búsqueda de YouTube,17,3.9816,0:14:03,525,2.29
Otras funciones de YouTube,16,1.6215,0:06:04,,
Pantallas finales,14,0.9967,0:04:16,,
Página de lista de reproducción,7,0.332,0:02:50,551,0.73
