Fuente de tráfico,Visualizaciones,Tiempo de visualización (horas),Duración media de las visualizaciones,Impresiones,Porcentaje de clics de las impresiones (%)
Total,3674,234.8777,0:03:50,144857,1.1
Funciones de exploración,2429,117.7129,0:02:54,123754,0.8
Vídeos sugeridos,318,33.3586,0:06:17,7713,2.74
Búsqueda de YouTube,290,28.9339,0:05:59,5514,4.12
Notificaciones,208,17.2584,0:04:58,,
Páginas de canal,174,16.4394,0:05:40,6256,2.25
Fuentes externas,111,9.0128,0:04:52,,
Directa o desconocida,73,5.8463,0:04:48,,
Otras funciones de YouTube,29,3.0592,0:06:19,,
Listas de reproducción,22,0.5262,0:01:26,965,1.35
Pantallas finales,13,2.1822,0:10:04,,
Página de lista de reproducción,7,0.5478,0:04:41,655,0.76
