Fuente de tráfico,Visualizaciones,Tiempo de visualización (horas),Duración media de las visualizaciones,Impresiones,Porcentaje de clics de las impresiones (%)
Total,41179,1429.967,0:02:05,206048,11.06
Búsqueda de YouTube,22997,800.6292,0:02:05,137993,14.71
Fuentes externas,13085,450.4813,0:02:03,,
Vídeos sugeridos,1610,59.5755,0:02:13,23892,4.8
Listas de reproducción,1554,62.1905,0:02:24,18544,4.63
Funciones de exploración,644,19.4018,0:01:48,12258,2.82
Directa o desconocida,627,15.5737,0:01:29,,
Notificaciones,233,7.3113,0:01:52,,
Otras funciones de YouTube,231,8.7166,0:02:15,,
Páginas de canal,106,3.0211,0:01:42,7922,0.85
Página de lista de reproducción,89,2.9827,0:02:00,5439,1.25
Pantallas finales,3,0.0833,0:01:39,,
