Fuente de tráfico,Visualizaciones,Tiempo de visualización (horas),Duración media de las visualizaciones,Impresiones,Porcentaje de clics de las impresiones (%)
Total,1430,78.4329,0:03:17,27224,1.9
Funciones de exploración,419,22.4022,0:03:12,14250,1.58
Pantallas finales,184,13.8705,0:04:31,,
Vídeos sugeridos,180,9.7725,0:03:15,3432,3.32
Páginas de canal,179,11.4054,0:03:49,6900,1.86
Notificaciones,178,8.932,0:03:00,,
Fuentes externas,158,5.351,0:02:01,,
Directa o desconocida,49,2.146,0:02:37,,
Búsqueda de YouTube,32,1.6444,0:03:04,807,2.85
Listas de reproducción,25,0.6983,0:01:40,1158,1.81
Otras funciones de YouTube,14,1.7308,0:07:25,,
Página de lista de reproducción,7,0.3426,0:02:56,677,0.89
Tarjetas de vídeo y anotaciones,5,0.1371,0:01:38,,
