Fuente de tráfico,Visualizaciones,Tiempo de visualización (horas),Duración media de las visualizaciones,Impresiones,Porcentaje de clics de las impresiones (%)
Total,1027,11.0127,0:00:38,33661,1.68
Búsqueda de YouTube,461,5.0863,0:00:39,9518,2.52
Funciones de exploración,220,2.1613,0:00:35,12845,1.3
Vídeos sugeridos,120,1.0122,0:00:30,5231,2.16
Feed de Shorts,119,0.8397,0:00:25,,
Páginas de canal,65,0.468,0:00:25,6027,0.73
Notificaciones,28,1.3083,0:02:48,,
Otras funciones de YouTube,5,0.0647,0:00:46,,
Directa o desconocida,4,0.0406,0:00:36,,
Listas de reproducción,2,0.0147,0:00:26,20,5
Fuentes externas,1,0.0022,0:00:08,,
Página de lista de reproducción,1,0.0003,0:00:00,20,5
Pantallas finales,1,0.0142,0:00:51,,
