Fuente de tráfico,Visualizaciones,Tiempo de visualización (horas),Duración media de las visualizaciones,Impresiones,Porcentaje de clics de las impresiones (%)
Total,2251,177.1279,0:04:43,80506,1.32
Funciones de exploración,1410,99.2268,0:04:13,60462,1.08
Vídeos sugeridos,228,24.5603,0:06:27,4781,3.3
Búsqueda de YouTube,168,12.2056,0:04:21,4416,2.88
Páginas de canal,124,12.0967,0:05:51,9178,1.13
Notificaciones,113,8.5356,0:04:31,,
Pantallas finales,63,7.9857,0:07:36,,
Directa o desconocida,45,2.8003,0:03:44,,
Fuentes externas,33,2.4971,0:04:32,,
Listas de reproducción,32,2.4676,0:04:37,1061,1.89
Otras funciones de YouTube,30,4.7038,0:09:24,,
Página de lista de reproducción,5,0.0484,0:00:34,608,0.49
