Fuente de tráfico,Visualizaciones,Tiempo de visualización (horas),Duración media de las visualizaciones,Impresiones,Porcentaje de clics de las impresiones (%)
Total,828,17.2807,0:01:15,36289,1.1
Funciones de exploración,518,10.3916,0:01:12,26584,1
Páginas de canal,140,2.9913,0:01:16,8539,1.31
Notificaciones,130,2.7531,0:01:16,,
Vídeos sugeridos,17,0.4246,0:01:29,643,2.49
Otras funciones de YouTube,9,0.4056,0:02:42,,
Directa o desconocida,6,0.0413,0:00:24,,
Búsqueda de YouTube,3,0.0895,0:01:47,398,0.5
Listas de reproducción,3,0.1045,0:02:05,51,1.96
Fuentes externas,1,0.0257,0:01:32,,
Pantallas finales,1,0.0535,0:03:12,,
Página de lista de reproducción,,,,74,0
