Ciudades,Nombre de la ciudad,Visualizaciones,Tiempo de visualización (horas),Duración media de las visualizaciones
Total,,2948,222.2494,0:04:31
0x9105c5f619ee3ec7:0x14206cb9cc452e4a,Lima,68,6.593,0:05:49
0x85ce0026db097507:0x54061076265ee841,Ciudad de México,39,3.3384,0:05:08
0x8e3f9bfd2da6cb29:0x239d635520a33914,Bogotá,17,1.8317,0:06:27
0x910e964104fb82f1:0xf8e45b61c55982fa,Huancayo,0,0,
0x91127d88f5b2bee9:0xe9b3cb843a70a16e,Ayacucho,0,0,
0x91424b2773cb5e5d:0x58f3d5dd63505554,José Luis Bustamante y Rivero,0,0,
