Fecha,Tipo de dispositivo,Visualizaciones
2021-11-09,Ordenador,0
2021-11-10,Ordenador,0
2021-11-11,Ordenador,0
2021-11-12,Ordenador,0
2021-11-13,Ordenador,0
2021-11-14,Ordenador,0
2021-11-15,Ordenador,0
2021-11-16,Ordenador,0
2021-11-17,Ordenador,0
2021-11-18,Ordenador,0
2021-11-19,Ordenador,0
2021-11-20,Ordenador,0
2021-11-21,Ordenador,0
2021-11-22,Ordenador,0
2021-11-23,Ordenador,127
2021-11-24,Ordenador,136
2021-11-25,Ordenador,158
2021-11-26,Ordenador,138
2021-11-27,Ordenador,136
2021-11-28,Ordenador,82
2021-11-29,Ordenador,158
2021-11-30,Ordenador,136
2021-12-01,Ordenador,202
2021-12-02,Ordenador,507
2021-12-03,Ordenador,602
2021-12-04,Ordenador,312
2021-12-05,Ordenador,287
2021-12-06,Ordenador,437
2021-12-07,Ordenador,267
2021-12-08,Ordenador,245
2021-12-09,Ordenador,196
2021-12-10,Ordenador,117
2021-12-11,Ordenador,222
2021-12-12,Ordenador,191
2021-12-13,Ordenador,210
2021-12-14,Ordenador,200
2021-12-15,Ordenador,142
2021-12-16,Ordenador,121
2021-12-17,Ordenador,82
2021-12-18,Ordenador,55
2021-12-19,Ordenador,47
2021-12-20,Ordenador,66
2021-12-21,Ordenador,70
2021-12-22,Ordenador,53
2021-12-23,Ordenador,50
2021-12-24,Ordenador,35
2021-12-25,Ordenador,46
2021-12-26,Ordenador,97
2021-12-27,Ordenador,102
2021-12-28,Ordenador,138
2021-12-29,Ordenador,217
2021-12-30,Ordenador,194
2021-12-31,Ordenador,133
2022-01-01,Ordenador,142
2022-01-02,Ordenador,135
2022-01-03,Ordenador,276
2022-01-04,Ordenador,302
2022-01-05,Ordenador,337
2022-01-06,Ordenador,294
2022-01-07,Ordenador,233
2022-01-08,Ordenador,178
2022-01-09,Ordenador,196
2022-01-10,Ordenador,198
2022-01-11,Ordenador,156
2022-01-12,Ordenador,153
2022-01-13,Ordenador,154
2022-01-14,Ordenador,141
2022-01-15,Ordenador,78
2022-01-16,Ordenador,100
2022-01-17,Ordenador,131
2022-01-18,Ordenador,123
2022-01-19,Ordenador,121
2022-01-20,Ordenador,130
2022-01-21,Ordenador,148
2022-01-22,Ordenador,137
2022-01-23,Ordenador,122
2022-01-24,Ordenador,184
2022-01-25,Ordenador,208
2022-01-26,Ordenador,255
2022-01-27,Ordenador,248
2022-01-28,Ordenador,222
2022-01-29,Ordenador,191
2022-01-30,Ordenador,201
2022-01-31,Ordenador,182
2022-02-01,Ordenador,187
2022-02-02,Ordenador,204
2022-02-03,Ordenador,158
2022-02-04,Ordenador,149
2022-02-05,Ordenador,146
2022-02-06,Ordenador,166
2022-02-07,Ordenador,229
2022-02-08,Ordenador,165
2022-02-09,Ordenador,117
2022-02-10,Ordenador,104
2022-02-11,Ordenador,75
2022-02-12,Ordenador,73
2022-02-13,Ordenador,84
2022-02-14,Ordenador,123
2022-02-15,Ordenador,183
2022-02-16,Ordenador,186
2022-02-17,Ordenador,129
2022-02-18,Ordenador,105
2022-02-19,Ordenador,126
2022-02-20,Ordenador,116
2022-02-21,Ordenador,180
2022-02-22,Ordenador,184
2022-02-23,Ordenador,180
2022-02-24,Ordenador,135
2022-02-25,Ordenador,167
2022-02-26,Ordenador,115
2022-02-27,Ordenador,144
2022-02-28,Ordenador,172
2022-03-01,Ordenador,141
2022-03-02,Ordenador,133
2022-03-03,Ordenador,138
2022-03-04,Ordenador,172
2022-03-05,Ordenador,131
2022-03-06,Ordenador,123
2022-03-07,Ordenador,122
2022-03-08,Ordenador,136
2022-03-09,Ordenador,147
2022-03-10,Ordenador,112
2022-03-11,Ordenador,130
2022-03-12,Ordenador,135
2022-03-13,Ordenador,118
2022-03-14,Ordenador,123
2022-03-15,Ordenador,98
2022-03-16,Ordenador,126
2022-03-17,Ordenador,92
2022-03-18,Ordenador,78
2022-03-19,Ordenador,62
2022-03-20,Ordenador,37
2022-03-21,Ordenador,53
2022-03-22,Ordenador,29
2022-03-23,Ordenador,33
2022-03-24,Ordenador,39
2022-03-25,Ordenador,27
2022-03-26,Ordenador,28
2022-03-27,Ordenador,25
2022-03-28,Ordenador,29
2022-03-29,Ordenador,13
2022-03-30,Ordenador,12
2022-03-31,Ordenador,20
2022-04-01,Ordenador,15
2022-04-02,Ordenador,14
2022-04-03,Ordenador,12
2022-04-04,Ordenador,14
2022-04-05,Ordenador,16
2022-04-06,Ordenador,9
2022-04-07,Ordenador,22
2022-04-08,Ordenador,15
2022-04-09,Ordenador,13
2022-04-10,Ordenador,7
2022-04-11,Ordenador,13
2022-04-12,Ordenador,17
2022-04-13,Ordenador,16
2022-04-14,Ordenador,13
2022-04-15,Ordenador,12
2022-04-16,Ordenador,9
2022-04-17,Ordenador,11
2022-04-18,Ordenador,6
2022-04-19,Ordenador,8
2022-04-20,Ordenador,18
2022-04-21,Ordenador,19
2022-04-22,Ordenador,13
2022-04-23,Ordenador,8
2022-04-24,Ordenador,10
2022-04-25,Ordenador,15
2022-04-26,Ordenador,21
2022-04-27,Ordenador,20
2022-04-28,Ordenador,22
2022-04-29,Ordenador,15
2022-04-30,Ordenador,13
2022-05-01,Ordenador,19
2022-05-02,Ordenador,19
2022-05-03,Ordenador,13
2022-05-04,Ordenador,7
2022-05-05,Ordenador,14
2022-05-06,Ordenador,11
2022-05-07,Ordenador,4
2022-05-08,Ordenador,13
2022-05-09,Ordenador,14
2022-05-10,Ordenador,14
2022-05-11,Ordenador,16
2022-05-12,Ordenador,13
2022-05-13,Ordenador,13
2022-05-14,Ordenador,18
2022-05-15,Ordenador,14
2022-05-16,Ordenador,14
2022-05-17,Ordenador,30
2022-05-18,Ordenador,16
2022-05-19,Ordenador,19
2022-05-20,Ordenador,18
2022-05-21,Ordenador,11
2022-05-22,Ordenador,3
2022-05-23,Ordenador,15
2022-05-24,Ordenador,36
2022-05-25,Ordenador,11
2022-05-26,Ordenador,32
2022-05-27,Ordenador,18
2022-05-28,Ordenador,13
2022-05-29,Ordenador,13
2022-05-30,Ordenador,16
2022-05-31,Ordenador,16
2022-06-01,Ordenador,15
2022-06-02,Ordenador,18
2022-06-03,Ordenador,25
2022-06-04,Ordenador,18
2022-06-05,Ordenador,10
2022-06-06,Ordenador,16
2022-06-07,Ordenador,34
2022-06-08,Ordenador,18
2022-06-09,Ordenador,28
2022-06-10,Ordenador,17
2022-06-11,Ordenador,24
2022-06-12,Ordenador,16
2022-06-13,Ordenador,18
2022-06-14,Ordenador,34
2022-06-15,Ordenador,32
2022-06-16,Ordenador,18
2022-06-17,Ordenador,10
2022-06-18,Ordenador,8
2022-06-19,Ordenador,11
2022-06-20,Ordenador,21
2022-06-21,Ordenador,41
2022-06-22,Ordenador,22
2022-06-23,Ordenador,30
2022-06-24,Ordenador,23
2022-06-25,Ordenador,10
2022-06-26,Ordenador,21
2022-06-27,Ordenador,26
2022-06-28,Ordenador,24
2022-06-29,Ordenador,24
2022-06-30,Ordenador,16
2022-07-01,Ordenador,13
2022-07-02,Ordenador,11
2022-07-03,Ordenador,13
2022-07-04,Ordenador,16
2022-07-05,Ordenador,25
2022-07-06,Ordenador,19
2022-07-07,Ordenador,36
2022-07-08,Ordenador,33
2022-07-09,Ordenador,30
2022-07-10,Ordenador,18
2022-07-11,Ordenador,21
2022-07-12,Ordenador,27
2022-07-13,Ordenador,34
2022-07-14,Ordenador,27
2022-07-15,Ordenador,28
2022-07-16,Ordenador,15
2022-07-17,Ordenador,14
2022-07-18,Ordenador,22
2022-07-19,Ordenador,22
2022-07-20,Ordenador,37
2022-07-21,Ordenador,31
2022-07-22,Ordenador,29
2022-07-23,Ordenador,17
2022-07-24,Ordenador,16
2022-07-25,Ordenador,20
2022-07-26,Ordenador,12
2022-07-27,Ordenador,12
2022-07-28,Ordenador,10
2022-07-29,Ordenador,16
2022-07-30,Ordenador,11
2022-07-31,Ordenador,10
2022-08-01,Ordenador,20
2022-08-02,Ordenador,21
2022-08-03,Ordenador,31
2022-08-04,Ordenador,11
2022-08-05,Ordenador,28
2022-08-06,Ordenador,16
2022-08-07,Ordenador,14
2022-08-08,Ordenador,17
2022-08-09,Ordenador,21
2022-08-10,Ordenador,15
2022-08-11,Ordenador,21
2022-08-12,Ordenador,10
2022-08-13,Ordenador,16
2022-08-14,Ordenador,10
2022-08-15,Ordenador,11
2022-08-16,Ordenador,10
2022-08-17,Ordenador,14
2022-08-18,Ordenador,15
2022-08-19,Ordenador,28
2022-08-20,Ordenador,16
2022-08-21,Ordenador,12
2022-08-22,Ordenador,15
2022-08-23,Ordenador,20
2022-08-24,Ordenador,24
2022-08-25,Ordenador,19
2022-08-26,Ordenador,22
2022-08-27,Ordenador,10
2022-08-28,Ordenador,16
2022-08-29,Ordenador,12
2022-08-30,Ordenador,14
2022-08-31,Ordenador,14
2022-09-01,Ordenador,12
2022-09-02,Ordenador,12
2022-09-03,Ordenador,15
2022-09-04,Ordenador,14
2022-09-05,Ordenador,17
2022-09-06,Ordenador,13
2022-09-07,Ordenador,26
2022-09-08,Ordenador,10
2022-09-09,Ordenador,14
2022-09-10,Ordenador,12
2022-09-11,Ordenador,10
2022-09-12,Ordenador,19
2022-09-13,Ordenador,23
2022-09-14,Ordenador,13
2022-09-15,Ordenador,10
2022-09-16,Ordenador,17
2022-09-17,Ordenador,19
2022-09-18,Ordenador,7
2022-09-19,Ordenador,20
2022-09-20,Ordenador,27
2022-09-21,Ordenador,26
2022-09-22,Ordenador,21
2022-09-23,Ordenador,8
2022-09-24,Ordenador,17
2022-09-25,Ordenador,23
2022-09-26,Ordenador,19
2022-09-27,Ordenador,32
2022-09-28,Ordenador,36
2022-09-29,Ordenador,25
2022-09-30,Ordenador,20
2022-10-01,Ordenador,13
2022-10-02,Ordenador,10
2022-10-03,Ordenador,27
2022-10-04,Ordenador,10
2022-10-05,Ordenador,28
2022-10-06,Ordenador,20
2022-10-07,Ordenador,19
2022-10-08,Ordenador,16
2022-10-09,Ordenador,8
2022-10-10,Ordenador,15
2021-11-09,TV,0
2021-11-10,TV,0
2021-11-11,TV,0
2021-11-12,TV,0
2021-11-13,TV,0
2021-11-14,TV,0
2021-11-15,TV,0
2021-11-16,TV,0
2021-11-17,TV,0
2021-11-18,TV,0
2021-11-19,TV,0
2021-11-20,TV,0
2021-11-21,TV,0
2021-11-22,TV,0
2021-11-23,TV,44
2021-11-24,TV,42
2021-11-25,TV,26
2021-11-26,TV,18
2021-11-27,TV,54
2021-11-28,TV,37
2021-11-29,TV,39
2021-11-30,TV,55
2021-12-01,TV,135
2021-12-02,TV,222
2021-12-03,TV,247
2021-12-04,TV,135
2021-12-05,TV,125
2021-12-06,TV,144
2021-12-07,TV,89
2021-12-08,TV,117
2021-12-09,TV,98
2021-12-10,TV,46
2021-12-11,TV,134
2021-12-12,TV,167
2021-12-13,TV,152
2021-12-14,TV,163
2021-12-15,TV,106
2021-12-16,TV,86
2021-12-17,TV,45
2021-12-18,TV,44
2021-12-19,TV,38
2021-12-20,TV,18
2021-12-21,TV,30
2021-12-22,TV,16
2021-12-23,TV,16
2021-12-24,TV,11
2021-12-25,TV,41
2021-12-26,TV,52
2021-12-27,TV,55
2021-12-28,TV,73
2021-12-29,TV,112
2021-12-30,TV,118
2021-12-31,TV,89
2022-01-01,TV,94
2022-01-02,TV,83
2022-01-03,TV,126
2022-01-04,TV,102
2022-01-05,TV,116
2022-01-06,TV,111
2022-01-07,TV,89
2022-01-08,TV,91
2022-01-09,TV,79
2022-01-10,TV,81
2022-01-11,TV,48
2022-01-12,TV,38
2022-01-13,TV,53
2022-01-14,TV,43
2022-01-15,TV,30
2022-01-16,TV,32
2022-01-17,TV,45
2022-01-18,TV,46
2022-01-19,TV,32
2022-01-20,TV,37
2022-01-21,TV,33
2022-01-22,TV,28
2022-01-23,TV,43
2022-01-24,TV,47
2022-01-25,TV,70
2022-01-26,TV,74
2022-01-27,TV,84
2022-01-28,TV,62
2022-01-29,TV,93
2022-01-30,TV,77
2022-01-31,TV,78
2022-02-01,TV,55
2022-02-02,TV,56
2022-02-03,TV,39
2022-02-04,TV,45
2022-02-05,TV,48
2022-02-06,TV,108
2022-02-07,TV,103
2022-02-08,TV,71
2022-02-09,TV,23
2022-02-10,TV,19
2022-02-11,TV,31
2022-02-12,TV,18
2022-02-13,TV,17
2022-02-14,TV,32
2022-02-15,TV,47
2022-02-16,TV,30
2022-02-17,TV,26
2022-02-18,TV,24
2022-02-19,TV,38
2022-02-20,TV,36
2022-02-21,TV,41
2022-02-22,TV,45
2022-02-23,TV,32
2022-02-24,TV,33
2022-02-25,TV,35
2022-02-26,TV,40
2022-02-27,TV,43
2022-02-28,TV,52
2022-03-01,TV,43
2022-03-02,TV,45
2022-03-03,TV,34
2022-03-04,TV,42
2022-03-05,TV,32
2022-03-06,TV,31
2022-03-07,TV,16
2022-03-08,TV,27
2022-03-09,TV,22
2022-03-10,TV,16
2022-03-11,TV,24
2022-03-12,TV,22
2022-03-13,TV,43
2022-03-14,TV,26
2022-03-15,TV,20
2022-03-16,TV,25
2022-03-17,TV,14
2022-03-18,TV,21
2022-03-19,TV,16
2022-03-20,TV,11
2022-03-21,TV,8
2022-03-22,TV,2
2022-03-23,TV,7
2022-03-24,TV,1
2022-03-25,TV,1
2022-03-26,TV,3
2022-03-27,TV,1
2022-03-28,TV,1
2022-03-29,TV,0
2022-03-30,TV,0
2022-03-31,TV,1
2022-04-01,TV,1
2022-04-02,TV,1
2022-04-03,TV,0
2022-04-04,TV,0
2022-04-05,TV,1
2022-04-06,TV,1
2022-04-07,TV,0
2022-04-08,TV,0
2022-04-09,TV,1
2022-04-10,TV,0
2022-04-11,TV,0
2022-04-12,TV,1
2022-04-13,TV,0
2022-04-14,TV,0
2022-04-15,TV,2
2022-04-16,TV,1
2022-04-17,TV,2
2022-04-18,TV,2
2022-04-19,TV,1
2022-04-20,TV,0
2022-04-21,TV,0
2022-04-22,TV,0
2022-04-23,TV,0
2022-04-24,TV,0
2022-04-25,TV,2
2022-04-26,TV,0
2022-04-27,TV,0
2022-04-28,TV,0
2022-04-29,TV,1
2022-04-30,TV,0
2022-05-01,TV,0
2022-05-02,TV,0
2022-05-03,TV,0
2022-05-04,TV,1
2022-05-05,TV,0
2022-05-06,TV,2
2022-05-07,TV,1
2022-05-08,TV,0
2022-05-09,TV,0
2022-05-10,TV,0
2022-05-11,TV,0
2022-05-12,TV,2
2022-05-13,TV,3
2022-05-14,TV,2
2022-05-15,TV,0
2022-05-16,TV,0
2022-05-17,TV,0
2022-05-18,TV,2
2022-05-19,TV,0
2022-05-20,TV,0
2022-05-21,TV,0
2022-05-22,TV,1
2022-05-23,TV,1
2022-05-24,TV,4
2022-05-25,TV,1
2022-05-26,TV,3
2022-05-27,TV,0
2022-05-28,TV,1
2022-05-29,TV,0
2022-05-30,TV,0
2022-05-31,TV,2
2022-06-01,TV,3
2022-06-02,TV,0
2022-06-03,TV,0
2022-06-04,TV,1
2022-06-05,TV,0
2022-06-06,TV,0
2022-06-07,TV,4
2022-06-08,TV,2
2022-06-09,TV,0
2022-06-10,TV,2
2022-06-11,TV,1
2022-06-12,TV,1
2022-06-13,TV,2
2022-06-14,TV,0
2022-06-15,TV,0
2022-06-16,TV,2
2022-06-17,TV,1
2022-06-18,TV,1
2022-06-19,TV,0
2022-06-20,TV,0
2022-06-21,TV,0
2022-06-22,TV,2
2022-06-23,TV,0
2022-06-24,TV,0
2022-06-25,TV,0
2022-06-26,TV,0
2022-06-27,TV,2
2022-06-28,TV,1
2022-06-29,TV,3
2022-06-30,TV,1
2022-07-01,TV,0
2022-07-02,TV,2
2022-07-03,TV,0
2022-07-04,TV,0
2022-07-05,TV,0
2022-07-06,TV,1
2022-07-07,TV,4
2022-07-08,TV,0
2022-07-09,TV,2
2022-07-10,TV,1
2022-07-11,TV,3
2022-07-12,TV,0
2022-07-13,TV,0
2022-07-14,TV,2
2022-07-15,TV,0
2022-07-16,TV,0
2022-07-17,TV,0
2022-07-18,TV,0
2022-07-19,TV,1
2022-07-20,TV,3
2022-07-21,TV,6
2022-07-22,TV,3
2022-07-23,TV,1
2022-07-24,TV,3
2022-07-25,TV,0
2022-07-26,TV,2
2022-07-27,TV,2
2022-07-28,TV,2
2022-07-29,TV,3
2022-07-30,TV,3
2022-07-31,TV,0
2022-08-01,TV,0
2022-08-02,TV,0
2022-08-03,TV,0
2022-08-04,TV,0
2022-08-05,TV,2
2022-08-06,TV,0
2022-08-07,TV,0
2022-08-08,TV,0
2022-08-09,TV,0
2022-08-10,TV,0
2022-08-11,TV,0
2022-08-12,TV,0
2022-08-13,TV,1
2022-08-14,TV,1
2022-08-15,TV,2
2022-08-16,TV,1
2022-08-17,TV,0
2022-08-18,TV,1
2022-08-19,TV,0
2022-08-20,TV,0
2022-08-21,TV,0
2022-08-22,TV,1
2022-08-23,TV,0
2022-08-24,TV,0
2022-08-25,TV,2
2022-08-26,TV,0
2022-08-27,TV,0
2022-08-28,TV,1
2022-08-29,TV,0
2022-08-30,TV,0
2022-08-31,TV,1
2022-09-01,TV,1
2022-09-02,TV,1
2022-09-03,TV,1
2022-09-04,TV,0
2022-09-05,TV,0
2022-09-06,TV,2
2022-09-07,TV,1
2022-09-08,TV,5
2022-09-09,TV,0
2022-09-10,TV,3
2022-09-11,TV,0
2022-09-12,TV,1
2022-09-13,TV,2
2022-09-14,TV,2
2022-09-15,TV,2
2022-09-16,TV,0
2022-09-17,TV,0
2022-09-18,TV,0
2022-09-19,TV,0
2022-09-20,TV,1
2022-09-21,TV,1
2022-09-22,TV,3
2022-09-23,TV,0
2022-09-24,TV,1
2022-09-25,TV,4
2022-09-26,TV,0
2022-09-27,TV,1
2022-09-28,TV,1
2022-09-29,TV,1
2022-09-30,TV,0
2022-10-01,TV,0
2022-10-02,TV,1
2022-10-03,TV,0
2022-10-04,TV,2
2022-10-05,TV,0
2022-10-06,TV,1
2022-10-07,TV,2
2022-10-08,TV,3
2022-10-09,TV,1
2022-10-10,TV,0
2021-11-09,Teléfono móvil,0
2021-11-10,Teléfono móvil,0
2021-11-11,Teléfono móvil,0
2021-11-12,Teléfono móvil,0
2021-11-13,Teléfono móvil,0
2021-11-14,Teléfono móvil,0
2021-11-15,Teléfono móvil,0
2021-11-16,Teléfono móvil,0
2021-11-17,Teléfono móvil,0
2021-11-18,Teléfono móvil,0
2021-11-19,Teléfono móvil,0
2021-11-20,Teléfono móvil,0
2021-11-21,Teléfono móvil,0
2021-11-22,Teléfono móvil,0
2021-11-23,Teléfono móvil,454
2021-11-24,Teléfono móvil,343
2021-11-25,Teléfono móvil,299
2021-11-26,Teléfono móvil,237
2021-11-27,Teléfono móvil,380
2021-11-28,Teléfono móvil,735
2021-11-29,Teléfono móvil,520
2021-11-30,Teléfono móvil,694
2021-12-01,Teléfono móvil,981
2021-12-02,Teléfono móvil,1361
2021-12-03,Teléfono móvil,2225
2021-12-04,Teléfono móvil,1616
2021-12-05,Teléfono móvil,1577
2021-12-06,Teléfono móvil,2065
2021-12-07,Teléfono móvil,2063
2021-12-08,Teléfono móvil,2014
2021-12-09,Teléfono móvil,1540
2021-12-10,Teléfono móvil,965
2021-12-11,Teléfono móvil,1580
2021-12-12,Teléfono móvil,1686
2021-12-13,Teléfono móvil,2125
2021-12-14,Teléfono móvil,2076
2021-12-15,Teléfono móvil,2018
2021-12-16,Teléfono móvil,2140
2021-12-17,Teléfono móvil,1376
2021-12-18,Teléfono móvil,1291
2021-12-19,Teléfono móvil,763
2021-12-20,Teléfono móvil,714
2021-12-21,Teléfono móvil,864
2021-12-22,Teléfono móvil,1030
2021-12-23,Teléfono móvil,682
2021-12-24,Teléfono móvil,1103
2021-12-25,Teléfono móvil,997
2021-12-26,Teléfono móvil,1141
2021-12-27,Teléfono móvil,1197
2021-12-28,Teléfono móvil,1536
2021-12-29,Teléfono móvil,2445
2021-12-30,Teléfono móvil,2186
2021-12-31,Teléfono móvil,1670
2022-01-01,Teléfono móvil,1981
2022-01-02,Teléfono móvil,1121
2022-01-03,Teléfono móvil,1645
2022-01-04,Teléfono móvil,1624
2022-01-05,Teléfono móvil,2179
2022-01-06,Teléfono móvil,2368
2022-01-07,Teléfono móvil,1892
2022-01-08,Teléfono móvil,2170
2022-01-09,Teléfono móvil,2086
2022-01-10,Teléfono móvil,2170
2022-01-11,Teléfono móvil,1738
2022-01-12,Teléfono móvil,979
2022-01-13,Teléfono móvil,1248
2022-01-14,Teléfono móvil,1150
2022-01-15,Teléfono móvil,824
2022-01-16,Teléfono móvil,789
2022-01-17,Teléfono móvil,1051
2022-01-18,Teléfono móvil,1240
2022-01-19,Teléfono móvil,607
2022-01-20,Teléfono móvil,836
2022-01-21,Teléfono móvil,734
2022-01-22,Teléfono móvil,685
2022-01-23,Teléfono móvil,793
2022-01-24,Teléfono móvil,777
2022-01-25,Teléfono móvil,810
2022-01-26,Teléfono móvil,936
2022-01-27,Teléfono móvil,1125
2022-01-28,Teléfono móvil,1157
2022-01-29,Teléfono móvil,1099
2022-01-30,Teléfono móvil,1158
2022-01-31,Teléfono móvil,1053
2022-02-01,Teléfono móvil,799
2022-02-02,Teléfono móvil,744
2022-02-03,Teléfono móvil,749
2022-02-04,Teléfono móvil,618
2022-02-05,Teléfono móvil,792
2022-02-06,Teléfono móvil,1101
2022-02-07,Teléfono móvil,863
2022-02-08,Teléfono móvil,614
2022-02-09,Teléfono móvil,394
2022-02-10,Teléfono móvil,311
2022-02-11,Teléfono móvil,344
2022-02-12,Teléfono móvil,315
2022-02-13,Teléfono móvil,396
2022-02-14,Teléfono móvil,434
2022-02-15,Teléfono móvil,684
2022-02-16,Teléfono móvil,658
2022-02-17,Teléfono móvil,517
2022-02-18,Teléfono móvil,554
2022-02-19,Teléfono móvil,711
2022-02-20,Teléfono móvil,651
2022-02-21,Teléfono móvil,593
2022-02-22,Teléfono móvil,631
2022-02-23,Teléfono móvil,548
2022-02-24,Teléfono móvil,553
2022-02-25,Teléfono móvil,594
2022-02-26,Teléfono móvil,638
2022-02-27,Teléfono móvil,622
2022-02-28,Teléfono móvil,604
2022-03-01,Teléfono móvil,579
2022-03-02,Teléfono móvil,476
2022-03-03,Teléfono móvil,450
2022-03-04,Teléfono móvil,678
2022-03-05,Teléfono móvil,732
2022-03-06,Teléfono móvil,529
2022-03-07,Teléfono móvil,470
2022-03-08,Teléfono móvil,608
2022-03-09,Teléfono móvil,349
2022-03-10,Teléfono móvil,409
2022-03-11,Teléfono móvil,380
2022-03-12,Teléfono móvil,398
2022-03-13,Teléfono móvil,532
2022-03-14,Teléfono móvil,318
2022-03-15,Teléfono móvil,282
2022-03-16,Teléfono móvil,281
2022-03-17,Teléfono móvil,269
2022-03-18,Teléfono móvil,239
2022-03-19,Teléfono móvil,256
2022-03-20,Teléfono móvil,123
2022-03-21,Teléfono móvil,57
2022-03-22,Teléfono móvil,37
2022-03-23,Teléfono móvil,37
2022-03-24,Teléfono móvil,53
2022-03-25,Teléfono móvil,34
2022-03-26,Teléfono móvil,35
2022-03-27,Teléfono móvil,28
2022-03-28,Teléfono móvil,37
2022-03-29,Teléfono móvil,20
2022-03-30,Teléfono móvil,18
2022-03-31,Teléfono móvil,9
2022-04-01,Teléfono móvil,17
2022-04-02,Teléfono móvil,10
2022-04-03,Teléfono móvil,7
2022-04-04,Teléfono móvil,10
2022-04-05,Teléfono móvil,10
2022-04-06,Teléfono móvil,10
2022-04-07,Teléfono móvil,12
2022-04-08,Teléfono móvil,11
2022-04-09,Teléfono móvil,7
2022-04-10,Teléfono móvil,8
2022-04-11,Teléfono móvil,10
2022-04-12,Teléfono móvil,12
2022-04-13,Teléfono móvil,16
2022-04-14,Teléfono móvil,8
2022-04-15,Teléfono móvil,7
2022-04-16,Teléfono móvil,11
2022-04-17,Teléfono móvil,13
2022-04-18,Teléfono móvil,8
2022-04-19,Teléfono móvil,10
2022-04-20,Teléfono móvil,8
2022-04-21,Teléfono móvil,9
2022-04-22,Teléfono móvil,11
2022-04-23,Teléfono móvil,10
2022-04-24,Teléfono móvil,16
2022-04-25,Teléfono móvil,12
2022-04-26,Teléfono móvil,12
2022-04-27,Teléfono móvil,11
2022-04-28,Teléfono móvil,19
2022-04-29,Teléfono móvil,17
2022-04-30,Teléfono móvil,9
2022-05-01,Teléfono móvil,13
2022-05-02,Teléfono móvil,18
2022-05-03,Teléfono móvil,13
2022-05-04,Teléfono móvil,5
2022-05-05,Teléfono móvil,7
2022-05-06,Teléfono móvil,5
2022-05-07,Teléfono móvil,10
2022-05-08,Teléfono móvil,7
2022-05-09,Teléfono móvil,10
2022-05-10,Teléfono móvil,5
2022-05-11,Teléfono móvil,8
2022-05-12,Teléfono móvil,15
2022-05-13,Teléfono móvil,8
2022-05-14,Teléfono móvil,18
2022-05-15,Teléfono móvil,16
2022-05-16,Teléfono móvil,11
2022-05-17,Teléfono móvil,7
2022-05-18,Teléfono móvil,15
2022-05-19,Teléfono móvil,13
2022-05-20,Teléfono móvil,13
2022-05-21,Teléfono móvil,6
2022-05-22,Teléfono móvil,8
2022-05-23,Teléfono móvil,14
2022-05-24,Teléfono móvil,21
2022-05-25,Teléfono móvil,18
2022-05-26,Teléfono móvil,14
2022-05-27,Teléfono móvil,5
2022-05-28,Teléfono móvil,7
2022-05-29,Teléfono móvil,9
2022-05-30,Teléfono móvil,10
2022-05-31,Teléfono móvil,9
2022-06-01,Teléfono móvil,12
2022-06-02,Teléfono móvil,16
2022-06-03,Teléfono móvil,15
2022-06-04,Teléfono móvil,18
2022-06-05,Teléfono móvil,8
2022-06-06,Teléfono móvil,7
2022-06-07,Teléfono móvil,15
2022-06-08,Teléfono móvil,22
2022-06-09,Teléfono móvil,17
2022-06-10,Teléfono móvil,18
2022-06-11,Teléfono móvil,11
2022-06-12,Teléfono móvil,13
2022-06-13,Teléfono móvil,14
2022-06-14,Teléfono móvil,15
2022-06-15,Teléfono móvil,22
2022-06-16,Teléfono móvil,20
2022-06-17,Teléfono móvil,11
2022-06-18,Teléfono móvil,34
2022-06-19,Teléfono móvil,15
2022-06-20,Teléfono móvil,13
2022-06-21,Teléfono móvil,19
2022-06-22,Teléfono móvil,27
2022-06-23,Teléfono móvil,15
2022-06-24,Teléfono móvil,8
2022-06-25,Teléfono móvil,10
2022-06-26,Teléfono móvil,8
2022-06-27,Teléfono móvil,16
2022-06-28,Teléfono móvil,15
2022-06-29,Teléfono móvil,21
2022-06-30,Teléfono móvil,18
2022-07-01,Teléfono móvil,21
2022-07-02,Teléfono móvil,20
2022-07-03,Teléfono móvil,16
2022-07-04,Teléfono móvil,16
2022-07-05,Teléfono móvil,22
2022-07-06,Teléfono móvil,22
2022-07-07,Teléfono móvil,23
2022-07-08,Teléfono móvil,16
2022-07-09,Teléfono móvil,13
2022-07-10,Teléfono móvil,10
2022-07-11,Teléfono móvil,15
2022-07-12,Teléfono móvil,21
2022-07-13,Teléfono móvil,17
2022-07-14,Teléfono móvil,22
2022-07-15,Teléfono móvil,10
2022-07-16,Teléfono móvil,11
2022-07-17,Teléfono móvil,8
2022-07-18,Teléfono móvil,8
2022-07-19,Teléfono móvil,44
2022-07-20,Teléfono móvil,61
2022-07-21,Teléfono móvil,69
2022-07-22,Teléfono móvil,80
2022-07-23,Teléfono móvil,55
2022-07-24,Teléfono móvil,20
2022-07-25,Teléfono móvil,21
2022-07-26,Teléfono móvil,21
2022-07-27,Teléfono móvil,19
2022-07-28,Teléfono móvil,10
2022-07-29,Teléfono móvil,6
2022-07-30,Teléfono móvil,19
2022-07-31,Teléfono móvil,4
2022-08-01,Teléfono móvil,12
2022-08-02,Teléfono móvil,15
2022-08-03,Teléfono móvil,13
2022-08-04,Teléfono móvil,14
2022-08-05,Teléfono móvil,13
2022-08-06,Teléfono móvil,11
2022-08-07,Teléfono móvil,17
2022-08-08,Teléfono móvil,12
2022-08-09,Teléfono móvil,8
2022-08-10,Teléfono móvil,5
2022-08-11,Teléfono móvil,13
2022-08-12,Teléfono móvil,9
2022-08-13,Teléfono móvil,13
2022-08-14,Teléfono móvil,7
2022-08-15,Teléfono móvil,11
2022-08-16,Teléfono móvil,6
2022-08-17,Teléfono móvil,6
2022-08-18,Teléfono móvil,16
2022-08-19,Teléfono móvil,5
2022-08-20,Teléfono móvil,7
2022-08-21,Teléfono móvil,8
2022-08-22,Teléfono móvil,13
2022-08-23,Teléfono móvil,10
2022-08-24,Teléfono móvil,9
2022-08-25,Teléfono móvil,15
2022-08-26,Teléfono móvil,13
2022-08-27,Teléfono móvil,8
2022-08-28,Teléfono móvil,10
2022-08-29,Teléfono móvil,11
2022-08-30,Teléfono móvil,13
2022-08-31,Teléfono móvil,18
2022-09-01,Teléfono móvil,15
2022-09-02,Teléfono móvil,19
2022-09-03,Teléfono móvil,18
2022-09-04,Teléfono móvil,11
2022-09-05,Teléfono móvil,11
2022-09-06,Teléfono móvil,20
2022-09-07,Teléfono móvil,13
2022-09-08,Teléfono móvil,15
2022-09-09,Teléfono móvil,22
2022-09-10,Teléfono móvil,10
2022-09-11,Teléfono móvil,14
2022-09-12,Teléfono móvil,13
2022-09-13,Teléfono móvil,16
2022-09-14,Teléfono móvil,15
2022-09-15,Teléfono móvil,4
2022-09-16,Teléfono móvil,7
2022-09-17,Teléfono móvil,11
2022-09-18,Teléfono móvil,9
2022-09-19,Teléfono móvil,16
2022-09-20,Teléfono móvil,19
2022-09-21,Teléfono móvil,22
2022-09-22,Teléfono móvil,13
2022-09-23,Teléfono móvil,8
2022-09-24,Teléfono móvil,9
2022-09-25,Teléfono móvil,6
2022-09-26,Teléfono móvil,82
2022-09-27,Teléfono móvil,23
2022-09-28,Teléfono móvil,15
2022-09-29,Teléfono móvil,16
2022-09-30,Teléfono móvil,11
2022-10-01,Teléfono móvil,12
2022-10-02,Teléfono móvil,5
2022-10-03,Teléfono móvil,3
2022-10-04,Teléfono móvil,8
2022-10-05,Teléfono móvil,12
2022-10-06,Teléfono móvil,13
2022-10-07,Teléfono móvil,5
2022-10-08,Teléfono móvil,12
2022-10-09,Teléfono móvil,13
2022-10-10,Teléfono móvil,17
2021-11-09,Tablet,0
2021-11-10,Tablet,0
2021-11-11,Tablet,0
2021-11-12,Tablet,0
2021-11-13,Tablet,0
2021-11-14,Tablet,0
2021-11-15,Tablet,0
2021-11-16,Tablet,0
2021-11-17,Tablet,0
2021-11-18,Tablet,0
2021-11-19,Tablet,0
2021-11-20,Tablet,0
2021-11-21,Tablet,0
2021-11-22,Tablet,0
2021-11-23,Tablet,15
2021-11-24,Tablet,3
2021-11-25,Tablet,12
2021-11-26,Tablet,7
2021-11-27,Tablet,5
2021-11-28,Tablet,9
2021-11-29,Tablet,8
2021-11-30,Tablet,13
2021-12-01,Tablet,25
2021-12-02,Tablet,29
2021-12-03,Tablet,73
2021-12-04,Tablet,49
2021-12-05,Tablet,46
2021-12-06,Tablet,48
2021-12-07,Tablet,37
2021-12-08,Tablet,38
2021-12-09,Tablet,19
2021-12-10,Tablet,17
2021-12-11,Tablet,40
2021-12-12,Tablet,21
2021-12-13,Tablet,31
2021-12-14,Tablet,34
2021-12-15,Tablet,28
2021-12-16,Tablet,23
2021-12-17,Tablet,8
2021-12-18,Tablet,12
2021-12-19,Tablet,7
2021-12-20,Tablet,7
2021-12-21,Tablet,5
2021-12-22,Tablet,11
2021-12-23,Tablet,6
2021-12-24,Tablet,8
2021-12-25,Tablet,9
2021-12-26,Tablet,16
2021-12-27,Tablet,15
2021-12-28,Tablet,17
2021-12-29,Tablet,36
2021-12-30,Tablet,35
2021-12-31,Tablet,31
2022-01-01,Tablet,41
2022-01-02,Tablet,8
2022-01-03,Tablet,32
2022-01-04,Tablet,34
2022-01-05,Tablet,30
2022-01-06,Tablet,39
2022-01-07,Tablet,37
2022-01-08,Tablet,24
2022-01-09,Tablet,32
2022-01-10,Tablet,33
2022-01-11,Tablet,39
2022-01-12,Tablet,30
2022-01-13,Tablet,41
2022-01-14,Tablet,20
2022-01-15,Tablet,16
2022-01-16,Tablet,17
2022-01-17,Tablet,16
2022-01-18,Tablet,16
2022-01-19,Tablet,17
2022-01-20,Tablet,12
2022-01-21,Tablet,17
2022-01-22,Tablet,16
2022-01-23,Tablet,16
2022-01-24,Tablet,30
2022-01-25,Tablet,18
2022-01-26,Tablet,20
2022-01-27,Tablet,33
2022-01-28,Tablet,30
2022-01-29,Tablet,37
2022-01-30,Tablet,34
2022-01-31,Tablet,29
2022-02-01,Tablet,34
2022-02-02,Tablet,25
2022-02-03,Tablet,12
2022-02-04,Tablet,17
2022-02-05,Tablet,17
2022-02-06,Tablet,25
2022-02-07,Tablet,26
2022-02-08,Tablet,14
2022-02-09,Tablet,13
2022-02-10,Tablet,11
2022-02-11,Tablet,18
2022-02-12,Tablet,10
2022-02-13,Tablet,8
2022-02-14,Tablet,14
2022-02-15,Tablet,18
2022-02-16,Tablet,16
2022-02-17,Tablet,19
2022-02-18,Tablet,9
2022-02-19,Tablet,20
2022-02-20,Tablet,19
2022-02-21,Tablet,18
2022-02-22,Tablet,24
2022-02-23,Tablet,18
2022-02-24,Tablet,30
2022-02-25,Tablet,16
2022-02-26,Tablet,14
2022-02-27,Tablet,26
2022-02-28,Tablet,19
2022-03-01,Tablet,20
2022-03-02,Tablet,18
2022-03-03,Tablet,17
2022-03-04,Tablet,10
2022-03-05,Tablet,19
2022-03-06,Tablet,10
2022-03-07,Tablet,13
2022-03-08,Tablet,16
2022-03-09,Tablet,7
2022-03-10,Tablet,13
2022-03-11,Tablet,12
2022-03-12,Tablet,8
2022-03-13,Tablet,14
2022-03-14,Tablet,14
2022-03-15,Tablet,8
2022-03-16,Tablet,9
2022-03-17,Tablet,6
2022-03-18,Tablet,6
2022-03-19,Tablet,11
2022-03-20,Tablet,2
2022-03-21,Tablet,1
2022-03-22,Tablet,0
2022-03-23,Tablet,1
2022-03-24,Tablet,0
2022-03-25,Tablet,1
2022-03-26,Tablet,0
2022-03-27,Tablet,2
2022-03-28,Tablet,0
2022-03-29,Tablet,0
2022-03-30,Tablet,0
2022-03-31,Tablet,0
2022-04-01,Tablet,0
2022-04-02,Tablet,0
2022-04-03,Tablet,0
2022-04-04,Tablet,0
2022-04-05,Tablet,0
2022-04-06,Tablet,0
2022-04-07,Tablet,0
2022-04-08,Tablet,0
2022-04-09,Tablet,1
2022-04-10,Tablet,0
2022-04-11,Tablet,0
2022-04-12,Tablet,0
2022-04-13,Tablet,0
2022-04-14,Tablet,0
2022-04-15,Tablet,0
2022-04-16,Tablet,0
2022-04-17,Tablet,0
2022-04-18,Tablet,2
2022-04-19,Tablet,0
2022-04-20,Tablet,0
2022-04-21,Tablet,0
2022-04-22,Tablet,0
2022-04-23,Tablet,0
2022-04-24,Tablet,1
2022-04-25,Tablet,0
2022-04-26,Tablet,0
2022-04-27,Tablet,0
2022-04-28,Tablet,0
2022-04-29,Tablet,0
2022-04-30,Tablet,0
2022-05-01,Tablet,0
2022-05-02,Tablet,0
2022-05-03,Tablet,0
2022-05-04,Tablet,0
2022-05-05,Tablet,0
2022-05-06,Tablet,0
2022-05-07,Tablet,1
2022-05-08,Tablet,0
2022-05-09,Tablet,1
2022-05-10,Tablet,0
2022-05-11,Tablet,1
2022-05-12,Tablet,0
2022-05-13,Tablet,0
2022-05-14,Tablet,0
2022-05-15,Tablet,1
2022-05-16,Tablet,0
2022-05-17,Tablet,0
2022-05-18,Tablet,2
2022-05-19,Tablet,1
2022-05-20,Tablet,0
2022-05-21,Tablet,0
2022-05-22,Tablet,0
2022-05-23,Tablet,1
2022-05-24,Tablet,1
2022-05-25,Tablet,0
2022-05-26,Tablet,0
2022-05-27,Tablet,0
2022-05-28,Tablet,0
2022-05-29,Tablet,0
2022-05-30,Tablet,1
2022-05-31,Tablet,0
2022-06-01,Tablet,0
2022-06-02,Tablet,0
2022-06-03,Tablet,0
2022-06-04,Tablet,2
2022-06-05,Tablet,0
2022-06-06,Tablet,0
2022-06-07,Tablet,0
2022-06-08,Tablet,0
2022-06-09,Tablet,0
2022-06-10,Tablet,0
2022-06-11,Tablet,0
2022-06-12,Tablet,0
2022-06-13,Tablet,0
2022-06-14,Tablet,0
2022-06-15,Tablet,2
2022-06-16,Tablet,3
2022-06-17,Tablet,0
2022-06-18,Tablet,0
2022-06-19,Tablet,0
2022-06-20,Tablet,0
2022-06-21,Tablet,0
2022-06-22,Tablet,0
2022-06-23,Tablet,1
2022-06-24,Tablet,0
2022-06-25,Tablet,0
2022-06-26,Tablet,0
2022-06-27,Tablet,1
2022-06-28,Tablet,2
2022-06-29,Tablet,0
2022-06-30,Tablet,0
2022-07-01,Tablet,0
2022-07-02,Tablet,0
2022-07-03,Tablet,1
2022-07-04,Tablet,0
2022-07-05,Tablet,0
2022-07-06,Tablet,1
2022-07-07,Tablet,0
2022-07-08,Tablet,0
2022-07-09,Tablet,0
2022-07-10,Tablet,0
2022-07-11,Tablet,0
2022-07-12,Tablet,0
2022-07-13,Tablet,0
2022-07-14,Tablet,0
2022-07-15,Tablet,2
2022-07-16,Tablet,0
2022-07-17,Tablet,0
2022-07-18,Tablet,0
2022-07-19,Tablet,2
2022-07-20,Tablet,0
2022-07-21,Tablet,1
2022-07-22,Tablet,1
2022-07-23,Tablet,0
2022-07-24,Tablet,0
2022-07-25,Tablet,3
2022-07-26,Tablet,0
2022-07-27,Tablet,1
2022-07-28,Tablet,0
2022-07-29,Tablet,0
2022-07-30,Tablet,0
2022-07-31,Tablet,0
2022-08-01,Tablet,1
2022-08-02,Tablet,0
2022-08-03,Tablet,2
2022-08-04,Tablet,0
2022-08-05,Tablet,1
2022-08-06,Tablet,0
2022-08-07,Tablet,0
2022-08-08,Tablet,1
2022-08-09,Tablet,0
2022-08-10,Tablet,0
2022-08-11,Tablet,0
2022-08-12,Tablet,0
2022-08-13,Tablet,1
2022-08-14,Tablet,0
2022-08-15,Tablet,0
2022-08-16,Tablet,0
2022-08-17,Tablet,0
2022-08-18,Tablet,1
2022-08-19,Tablet,0
2022-08-20,Tablet,0
2022-08-21,Tablet,0
2022-08-22,Tablet,0
2022-08-23,Tablet,2
2022-08-24,Tablet,0
2022-08-25,Tablet,0
2022-08-26,Tablet,1
2022-08-27,Tablet,0
2022-08-28,Tablet,0
2022-08-29,Tablet,0
2022-08-30,Tablet,0
2022-08-31,Tablet,0
2022-09-01,Tablet,0
2022-09-02,Tablet,0
2022-09-03,Tablet,0
2022-09-04,Tablet,1
2022-09-05,Tablet,0
2022-09-06,Tablet,0
2022-09-07,Tablet,1
2022-09-08,Tablet,1
2022-09-09,Tablet,0
2022-09-10,Tablet,0
2022-09-11,Tablet,0
2022-09-12,Tablet,0
2022-09-13,Tablet,1
2022-09-14,Tablet,0
2022-09-15,Tablet,0
2022-09-16,Tablet,0
2022-09-17,Tablet,1
2022-09-18,Tablet,0
2022-09-19,Tablet,0
2022-09-20,Tablet,0
2022-09-21,Tablet,0
2022-09-22,Tablet,0
2022-09-23,Tablet,0
2022-09-24,Tablet,0
2022-09-25,Tablet,0
2022-09-26,Tablet,0
2022-09-27,Tablet,0
2022-09-28,Tablet,1
2022-09-29,Tablet,0
2022-09-30,Tablet,0
2022-10-01,Tablet,0
2022-10-02,Tablet,0
2022-10-03,Tablet,1
2022-10-04,Tablet,1
2022-10-05,Tablet,0
2022-10-06,Tablet,0
2022-10-07,Tablet,0
2022-10-08,Tablet,0
2022-10-09,Tablet,0
2022-10-10,Tablet,0
