Fuente de tráfico,Visualizaciones,Tiempo de visualización (horas),Duración media de las visualizaciones,Impresiones,Porcentaje de clics de las impresiones (%)
Total,1230,72.6054,0:03:32,35883,1.62
Listas de reproducción,338,15.3913,0:02:43,3110,6.75
Funciones de exploración,302,18.8499,0:03:44,12200,1.26
Notificaciones,192,11.395,0:03:33,,
Páginas de canal,117,9.2324,0:04:44,15735,0.58
Búsqueda de YouTube,75,5.071,0:04:03,1539,4.03
Fuentes externas,69,4.3283,0:03:45,,
Página de lista de reproducción,49,2.9593,0:03:37,1610,2.86
Vídeos sugeridos,35,1.5647,0:02:40,1689,1.18
Otras funciones de YouTube,22,1.9153,0:05:13,,
Directa o desconocida,19,1.3791,0:04:21,,
Pantallas finales,11,0.4856,0:02:38,,
Tarjetas de vídeo y anotaciones,1,0.0336,0:02:00,,
