Fuente de tráfico,Visualizaciones,Tiempo de visualización (horas),Duración media de las visualizaciones,Impresiones,Porcentaje de clics de las impresiones (%)
Total,1190,49.6256,0:02:30,31401,1.51
Funciones de exploración,513,22.1886,0:02:35,18366,1.46
Fuentes externas,167,4.9759,0:01:47,,
Notificaciones,161,6.2854,0:02:20,,
Páginas de canal,108,4.495,0:02:29,6554,1.13
Búsqueda de YouTube,82,3.81,0:02:47,1126,5.95
Listas de reproducción,48,1.3878,0:01:44,2634,1.18
Directa o desconocida,40,1.3971,0:02:05,,
Vídeos sugeridos,37,2.5213,0:04:05,1405,1.92
Otras funciones de YouTube,21,1.5519,0:04:26,,
Página de lista de reproducción,10,0.7238,0:04:20,1316,0.46
Pantallas finales,2,0.1457,0:04:22,,
Tarjetas de vídeo y anotaciones,1,0.143,0:08:34,,
