Fecha,Tipo de dispositivo,Visualizaciones
2021-03-10,Ordenador,0
2021-03-11,Ordenador,0
2021-03-12,Ordenador,0
2021-03-13,Ordenador,0
2021-03-14,Ordenador,0
2021-03-15,Ordenador,0
2021-03-16,Ordenador,0
2021-03-17,Ordenador,0
2021-03-18,Ordenador,0
2021-03-19,Ordenador,0
2021-03-20,Ordenador,0
2021-03-21,Ordenador,0
2021-03-22,Ordenador,0
2021-03-23,Ordenador,0
2021-03-24,Ordenador,0
2021-03-25,Ordenador,0
2021-03-26,Ordenador,0
2021-03-27,Ordenador,0
2021-03-28,Ordenador,0
2021-03-29,Ordenador,0
2021-03-30,Ordenador,0
2021-03-31,Ordenador,0
2021-04-01,Ordenador,0
2021-04-02,Ordenador,0
2021-04-03,Ordenador,0
2021-04-04,Ordenador,0
2021-04-05,Ordenador,0
2021-04-06,Ordenador,0
2021-04-07,Ordenador,0
2021-04-08,Ordenador,0
2021-04-09,Ordenador,0
2021-04-10,Ordenador,0
2021-04-11,Ordenador,0
2021-04-12,Ordenador,0
2021-04-13,Ordenador,0
2021-04-14,Ordenador,0
2021-04-15,Ordenador,0
2021-04-16,Ordenador,0
2021-04-17,Ordenador,0
2021-04-18,Ordenador,0
2021-04-19,Ordenador,0
2021-04-20,Ordenador,0
2021-04-21,Ordenador,0
2021-04-22,Ordenador,0
2021-04-23,Ordenador,0
2021-04-24,Ordenador,0
2021-04-25,Ordenador,0
2021-04-26,Ordenador,0
2021-04-27,Ordenador,0
2021-04-28,Ordenador,0
2021-04-29,Ordenador,0
2021-04-30,Ordenador,0
2021-05-01,Ordenador,0
2021-05-02,Ordenador,0
2021-05-03,Ordenador,55
2021-05-04,Ordenador,57
2021-05-05,Ordenador,36
2021-05-06,Ordenador,11
2021-05-07,Ordenador,10
2021-05-08,Ordenador,8
2021-05-09,Ordenador,6
2021-05-10,Ordenador,4
2021-05-11,Ordenador,8
2021-05-12,Ordenador,5
2021-05-13,Ordenador,4
2021-05-14,Ordenador,12
2021-05-15,Ordenador,6
2021-05-16,Ordenador,5
2021-05-17,Ordenador,9
2021-05-18,Ordenador,12
2021-05-19,Ordenador,17
2021-05-20,Ordenador,26
2021-05-21,Ordenador,11
2021-05-22,Ordenador,9
2021-05-23,Ordenador,8
2021-05-24,Ordenador,11
2021-05-25,Ordenador,17
2021-05-26,Ordenador,17
2021-05-27,Ordenador,26
2021-05-28,Ordenador,17
2021-05-29,Ordenador,8
2021-05-30,Ordenador,11
2021-05-31,Ordenador,22
2021-06-01,Ordenador,18
2021-06-02,Ordenador,12
2021-06-03,Ordenador,15
2021-06-04,Ordenador,12
2021-06-05,Ordenador,25
2021-06-06,Ordenador,10
2021-06-07,Ordenador,21
2021-06-08,Ordenador,27
2021-06-09,Ordenador,36
2021-06-10,Ordenador,31
2021-06-11,Ordenador,35
2021-06-12,Ordenador,25
2021-06-13,Ordenador,12
2021-06-14,Ordenador,27
2021-06-15,Ordenador,31
2021-06-16,Ordenador,24
2021-06-17,Ordenador,38
2021-06-18,Ordenador,35
2021-06-19,Ordenador,25
2021-06-20,Ordenador,15
2021-06-21,Ordenador,33
2021-06-22,Ordenador,30
2021-06-23,Ordenador,30
2021-06-24,Ordenador,27
2021-06-25,Ordenador,41
2021-06-26,Ordenador,21
2021-06-27,Ordenador,8
2021-06-28,Ordenador,44
2021-06-29,Ordenador,26
2021-06-30,Ordenador,42
2021-07-01,Ordenador,36
2021-07-02,Ordenador,23
2021-07-03,Ordenador,35
2021-07-04,Ordenador,30
2021-07-05,Ordenador,22
2021-07-06,Ordenador,34
2021-07-07,Ordenador,46
2021-07-08,Ordenador,45
2021-07-09,Ordenador,36
2021-07-10,Ordenador,34
2021-07-11,Ordenador,24
2021-07-12,Ordenador,53
2021-07-13,Ordenador,48
2021-07-14,Ordenador,50
2021-07-15,Ordenador,51
2021-07-16,Ordenador,53
2021-07-17,Ordenador,34
2021-07-18,Ordenador,23
2021-07-19,Ordenador,44
2021-07-20,Ordenador,29
2021-07-21,Ordenador,51
2021-07-22,Ordenador,40
2021-07-23,Ordenador,44
2021-07-24,Ordenador,36
2021-07-25,Ordenador,10
2021-07-26,Ordenador,55
2021-07-27,Ordenador,47
2021-07-28,Ordenador,41
2021-07-29,Ordenador,56
2021-07-30,Ordenador,38
2021-07-31,Ordenador,25
2021-08-01,Ordenador,31
2021-08-02,Ordenador,63
2021-08-03,Ordenador,57
2021-08-04,Ordenador,52
2021-08-05,Ordenador,53
2021-08-06,Ordenador,44
2021-08-07,Ordenador,36
2021-08-08,Ordenador,28
2021-08-09,Ordenador,60
2021-08-10,Ordenador,54
2021-08-11,Ordenador,46
2021-08-12,Ordenador,64
2021-08-13,Ordenador,60
2021-08-14,Ordenador,33
2021-08-15,Ordenador,26
2021-08-16,Ordenador,50
2021-08-17,Ordenador,51
2021-08-18,Ordenador,63
2021-08-19,Ordenador,52
2021-08-20,Ordenador,53
2021-08-21,Ordenador,41
2021-08-22,Ordenador,24
2021-08-23,Ordenador,58
2021-08-24,Ordenador,58
2021-08-25,Ordenador,53
2021-08-26,Ordenador,68
2021-08-27,Ordenador,54
2021-08-28,Ordenador,38
2021-08-29,Ordenador,27
2021-08-30,Ordenador,42
2021-08-31,Ordenador,56
2021-09-01,Ordenador,43
2021-09-02,Ordenador,52
2021-09-03,Ordenador,52
2021-09-04,Ordenador,43
2021-09-05,Ordenador,27
2021-09-06,Ordenador,65
2021-09-07,Ordenador,67
2021-09-08,Ordenador,68
2021-09-09,Ordenador,65
2021-09-10,Ordenador,51
2021-09-11,Ordenador,40
2021-09-12,Ordenador,39
2021-09-13,Ordenador,78
2021-09-14,Ordenador,68
2021-09-15,Ordenador,49
2021-09-16,Ordenador,54
2021-09-17,Ordenador,50
2021-09-18,Ordenador,43
2021-09-19,Ordenador,39
2021-09-20,Ordenador,57
2021-09-21,Ordenador,67
2021-09-22,Ordenador,57
2021-09-23,Ordenador,76
2021-09-24,Ordenador,44
2021-09-25,Ordenador,34
2021-09-26,Ordenador,14
2021-09-27,Ordenador,66
2021-09-28,Ordenador,58
2021-09-29,Ordenador,68
2021-09-30,Ordenador,77
2021-10-01,Ordenador,63
2021-10-02,Ordenador,41
2021-10-03,Ordenador,33
2021-10-04,Ordenador,53
2021-10-05,Ordenador,67
2021-10-06,Ordenador,61
2021-10-07,Ordenador,55
2021-10-08,Ordenador,42
2021-10-09,Ordenador,28
2021-10-10,Ordenador,33
2021-10-11,Ordenador,64
2021-10-12,Ordenador,69
2021-10-13,Ordenador,52
2021-10-14,Ordenador,68
2021-10-15,Ordenador,64
2021-10-16,Ordenador,31
2021-10-17,Ordenador,23
2021-10-18,Ordenador,36
2021-10-19,Ordenador,63
2021-10-20,Ordenador,49
2021-10-21,Ordenador,50
2021-10-22,Ordenador,58
2021-10-23,Ordenador,34
2021-10-24,Ordenador,27
2021-10-25,Ordenador,60
2021-10-26,Ordenador,74
2021-10-27,Ordenador,82
2021-10-28,Ordenador,68
2021-10-29,Ordenador,49
2021-10-30,Ordenador,31
2021-10-31,Ordenador,24
2021-11-01,Ordenador,37
2021-11-02,Ordenador,55
2021-11-03,Ordenador,68
2021-11-04,Ordenador,57
2021-11-05,Ordenador,52
2021-11-06,Ordenador,40
2021-11-07,Ordenador,34
2021-11-08,Ordenador,47
2021-11-09,Ordenador,71
2021-11-10,Ordenador,63
2021-11-11,Ordenador,78
2021-11-12,Ordenador,51
2021-11-13,Ordenador,34
2021-11-14,Ordenador,26
2021-11-15,Ordenador,57
2021-11-16,Ordenador,55
2021-11-17,Ordenador,41
2021-11-18,Ordenador,83
2021-11-19,Ordenador,47
2021-11-20,Ordenador,42
2021-11-21,Ordenador,26
2021-11-22,Ordenador,56
2021-11-23,Ordenador,70
2021-11-24,Ordenador,61
2021-11-25,Ordenador,49
2021-11-26,Ordenador,63
2021-11-27,Ordenador,35
2021-11-28,Ordenador,31
2021-11-29,Ordenador,60
2021-11-30,Ordenador,64
2021-12-01,Ordenador,68
2021-12-02,Ordenador,63
2021-12-03,Ordenador,41
2021-12-04,Ordenador,29
2021-12-05,Ordenador,28
2021-12-06,Ordenador,62
2021-12-07,Ordenador,39
2021-12-08,Ordenador,71
2021-12-09,Ordenador,48
2021-12-10,Ordenador,54
2021-12-11,Ordenador,44
2021-12-12,Ordenador,24
2021-12-13,Ordenador,41
2021-12-14,Ordenador,54
2021-12-15,Ordenador,46
2021-12-16,Ordenador,65
2021-12-17,Ordenador,44
2021-12-18,Ordenador,23
2021-12-19,Ordenador,27
2021-12-20,Ordenador,41
2021-12-21,Ordenador,38
2021-12-22,Ordenador,50
2021-12-23,Ordenador,15
2021-12-24,Ordenador,13
2021-12-25,Ordenador,10
2021-12-26,Ordenador,14
2021-12-27,Ordenador,29
2021-12-28,Ordenador,37
2021-12-29,Ordenador,30
2021-12-30,Ordenador,33
2021-12-31,Ordenador,18
2022-01-01,Ordenador,12
2022-01-02,Ordenador,24
2022-01-03,Ordenador,37
2022-01-04,Ordenador,37
2022-01-05,Ordenador,48
2022-01-06,Ordenador,29
2022-01-07,Ordenador,42
2022-01-08,Ordenador,32
2022-01-09,Ordenador,27
2022-01-10,Ordenador,45
2022-01-11,Ordenador,41
2022-01-12,Ordenador,46
2022-01-13,Ordenador,43
2022-01-14,Ordenador,49
2022-01-15,Ordenador,35
2022-01-16,Ordenador,34
2022-01-17,Ordenador,62
2022-01-18,Ordenador,60
2022-01-19,Ordenador,44
2022-01-20,Ordenador,48
2022-01-21,Ordenador,56
2022-01-22,Ordenador,45
2022-01-23,Ordenador,31
2022-01-24,Ordenador,55
2022-01-25,Ordenador,57
2022-01-26,Ordenador,48
2022-01-27,Ordenador,58
2022-01-28,Ordenador,48
2022-01-29,Ordenador,32
2022-01-30,Ordenador,25
2022-01-31,Ordenador,53
2022-02-01,Ordenador,37
2022-02-02,Ordenador,74
2022-02-03,Ordenador,58
2022-02-04,Ordenador,67
2022-02-05,Ordenador,40
2022-02-06,Ordenador,16
2022-02-07,Ordenador,50
2022-02-08,Ordenador,54
2022-02-09,Ordenador,58
2022-02-10,Ordenador,50
2022-02-11,Ordenador,69
2022-02-12,Ordenador,45
2022-02-13,Ordenador,48
2022-02-14,Ordenador,68
2022-02-15,Ordenador,71
2022-02-16,Ordenador,72
2022-02-17,Ordenador,50
2022-02-18,Ordenador,61
2022-02-19,Ordenador,49
2022-02-20,Ordenador,36
2022-02-21,Ordenador,66
2022-02-22,Ordenador,80
2022-02-23,Ordenador,51
2022-02-24,Ordenador,65
2022-02-25,Ordenador,49
2022-02-26,Ordenador,39
2022-02-27,Ordenador,32
2022-02-28,Ordenador,45
2022-03-01,Ordenador,61
2022-03-02,Ordenador,59
2022-03-03,Ordenador,53
2022-03-04,Ordenador,43
2022-03-05,Ordenador,43
2022-03-06,Ordenador,37
2022-03-07,Ordenador,50
2022-03-08,Ordenador,64
2022-03-09,Ordenador,67
2022-03-10,Ordenador,59
2022-03-11,Ordenador,62
2022-03-12,Ordenador,48
2022-03-13,Ordenador,42
2022-03-14,Ordenador,59
2022-03-15,Ordenador,58
2022-03-16,Ordenador,60
2022-03-17,Ordenador,64
2022-03-18,Ordenador,54
2022-03-19,Ordenador,41
2022-03-20,Ordenador,27
2022-03-21,Ordenador,51
2022-03-22,Ordenador,70
2022-03-23,Ordenador,63
2022-03-24,Ordenador,63
2022-03-25,Ordenador,51
2022-03-26,Ordenador,41
2022-03-27,Ordenador,28
2022-03-28,Ordenador,69
2022-03-29,Ordenador,58
2022-03-30,Ordenador,41
2022-03-31,Ordenador,67
2022-04-01,Ordenador,47
2022-04-02,Ordenador,38
2022-04-03,Ordenador,35
2022-04-04,Ordenador,64
2022-04-05,Ordenador,64
2022-04-06,Ordenador,50
2022-04-07,Ordenador,70
2022-04-08,Ordenador,41
2022-04-09,Ordenador,38
2022-04-10,Ordenador,29
2022-04-11,Ordenador,58
2022-04-12,Ordenador,39
2022-04-13,Ordenador,62
2022-04-14,Ordenador,28
2022-04-15,Ordenador,28
2022-04-16,Ordenador,28
2022-04-17,Ordenador,19
2022-04-18,Ordenador,48
2022-04-19,Ordenador,63
2022-04-20,Ordenador,70
2022-04-21,Ordenador,54
2022-04-22,Ordenador,64
2022-04-23,Ordenador,32
2022-04-24,Ordenador,23
2022-04-25,Ordenador,60
2022-04-26,Ordenador,52
2022-04-27,Ordenador,50
2022-04-28,Ordenador,62
2022-04-29,Ordenador,58
2022-04-30,Ordenador,41
2022-05-01,Ordenador,27
2022-05-02,Ordenador,62
2022-05-03,Ordenador,65
2022-05-04,Ordenador,71
2022-05-05,Ordenador,51
2022-05-06,Ordenador,46
2022-05-07,Ordenador,25
2022-05-08,Ordenador,26
2022-05-09,Ordenador,57
2022-05-10,Ordenador,64
2022-05-11,Ordenador,68
2022-05-12,Ordenador,74
2022-05-13,Ordenador,68
2022-05-14,Ordenador,48
2022-05-15,Ordenador,42
2022-05-16,Ordenador,55
2022-05-17,Ordenador,54
2022-05-18,Ordenador,53
2022-05-19,Ordenador,55
2022-05-20,Ordenador,45
2022-05-21,Ordenador,47
2022-05-22,Ordenador,30
2022-05-23,Ordenador,60
2022-05-24,Ordenador,53
2022-05-25,Ordenador,49
2022-05-26,Ordenador,65
2022-05-27,Ordenador,54
2022-05-28,Ordenador,31
2022-05-29,Ordenador,37
2022-05-30,Ordenador,55
2022-05-31,Ordenador,51
2022-06-01,Ordenador,68
2022-06-02,Ordenador,68
2022-06-03,Ordenador,48
2022-06-04,Ordenador,34
2022-06-05,Ordenador,32
2022-06-06,Ordenador,41
2022-06-07,Ordenador,70
2022-06-08,Ordenador,54
2022-06-09,Ordenador,46
2022-06-10,Ordenador,81
2022-06-11,Ordenador,39
2022-06-12,Ordenador,31
2022-06-13,Ordenador,75
2022-06-14,Ordenador,62
2022-06-15,Ordenador,67
2022-06-16,Ordenador,58
2022-06-17,Ordenador,48
2022-06-18,Ordenador,40
2022-06-19,Ordenador,18
2022-06-20,Ordenador,51
2022-06-21,Ordenador,56
2022-06-22,Ordenador,44
2022-06-23,Ordenador,59
2022-06-24,Ordenador,52
2022-06-25,Ordenador,22
2022-06-26,Ordenador,27
2022-06-27,Ordenador,45
2022-06-28,Ordenador,51
2022-06-29,Ordenador,41
2022-06-30,Ordenador,54
2022-07-01,Ordenador,39
2022-07-02,Ordenador,19
2022-07-03,Ordenador,33
2022-07-04,Ordenador,52
2022-07-05,Ordenador,57
2022-07-06,Ordenador,48
2022-07-07,Ordenador,39
2022-07-08,Ordenador,34
2022-07-09,Ordenador,27
2022-07-10,Ordenador,31
2022-07-11,Ordenador,59
2022-07-12,Ordenador,55
2022-07-13,Ordenador,46
2022-07-14,Ordenador,46
2022-07-15,Ordenador,49
2022-07-16,Ordenador,40
2022-07-17,Ordenador,27
2022-07-18,Ordenador,52
2022-07-19,Ordenador,52
2022-07-20,Ordenador,70
2022-07-21,Ordenador,45
2022-07-22,Ordenador,52
2022-07-23,Ordenador,46
2022-07-24,Ordenador,31
2022-07-25,Ordenador,57
2022-07-26,Ordenador,46
2022-07-27,Ordenador,61
2022-07-28,Ordenador,55
2022-07-29,Ordenador,47
2022-07-30,Ordenador,30
2022-07-31,Ordenador,24
2022-08-01,Ordenador,55
2022-08-02,Ordenador,46
2022-08-03,Ordenador,73
2022-08-04,Ordenador,48
2022-08-05,Ordenador,49
2022-08-06,Ordenador,38
2022-08-07,Ordenador,36
2022-08-08,Ordenador,48
2022-08-09,Ordenador,50
2022-08-10,Ordenador,65
2022-08-11,Ordenador,50
2022-08-12,Ordenador,64
2022-08-13,Ordenador,42
2022-08-14,Ordenador,20
2022-08-15,Ordenador,39
2022-08-16,Ordenador,70
2022-08-17,Ordenador,52
2022-08-18,Ordenador,45
2022-08-19,Ordenador,48
2022-08-20,Ordenador,40
2022-08-21,Ordenador,32
2022-08-22,Ordenador,55
2022-08-23,Ordenador,50
2022-08-24,Ordenador,62
2022-08-25,Ordenador,59
2022-08-26,Ordenador,53
2022-08-27,Ordenador,50
2022-08-28,Ordenador,36
2022-08-29,Ordenador,55
2022-08-30,Ordenador,47
2022-08-31,Ordenador,46
2022-09-01,Ordenador,39
2022-09-02,Ordenador,55
2022-09-03,Ordenador,33
2022-09-04,Ordenador,37
2022-09-05,Ordenador,56
2022-09-06,Ordenador,59
2022-09-07,Ordenador,58
2022-09-08,Ordenador,66
2022-09-09,Ordenador,48
2022-09-10,Ordenador,48
2022-09-11,Ordenador,33
2022-09-12,Ordenador,54
2022-09-13,Ordenador,62
2022-09-14,Ordenador,51
2022-09-15,Ordenador,45
2022-09-16,Ordenador,42
2022-09-17,Ordenador,33
2022-09-18,Ordenador,24
2022-09-19,Ordenador,53
2022-09-20,Ordenador,59
2022-09-21,Ordenador,51
2022-09-22,Ordenador,55
2022-09-23,Ordenador,47
2022-09-24,Ordenador,35
2022-09-25,Ordenador,40
2022-09-26,Ordenador,56
2022-09-27,Ordenador,53
2022-09-28,Ordenador,65
2022-09-29,Ordenador,50
2022-09-30,Ordenador,50
2022-10-01,Ordenador,24
2022-10-02,Ordenador,27
2022-10-03,Ordenador,67
2022-10-04,Ordenador,58
2022-10-05,Ordenador,66
2022-10-06,Ordenador,42
2022-10-07,Ordenador,43
2022-10-08,Ordenador,30
2022-10-09,Ordenador,30
2022-10-10,Ordenador,54
2022-10-11,Ordenador,44
2022-10-12,Ordenador,52
2022-10-13,Ordenador,55
2022-10-14,Ordenador,52
2022-10-15,Ordenador,43
2022-10-16,Ordenador,24
2022-10-17,Ordenador,53
2022-10-18,Ordenador,75
2022-10-19,Ordenador,61
2022-10-20,Ordenador,52
2022-10-21,Ordenador,45
2022-10-22,Ordenador,32
2022-10-23,Ordenador,28
2022-10-24,Ordenador,66
2022-10-25,Ordenador,63
2022-10-26,Ordenador,54
2022-10-27,Ordenador,53
2022-10-28,Ordenador,50
2022-10-29,Ordenador,43
2022-10-30,Ordenador,25
2021-03-10,TV,0
2021-03-11,TV,0
2021-03-12,TV,0
2021-03-13,TV,0
2021-03-14,TV,0
2021-03-15,TV,0
2021-03-16,TV,0
2021-03-17,TV,0
2021-03-18,TV,0
2021-03-19,TV,0
2021-03-20,TV,0
2021-03-21,TV,0
2021-03-22,TV,0
2021-03-23,TV,0
2021-03-24,TV,0
2021-03-25,TV,0
2021-03-26,TV,0
2021-03-27,TV,0
2021-03-28,TV,0
2021-03-29,TV,0
2021-03-30,TV,0
2021-03-31,TV,0
2021-04-01,TV,0
2021-04-02,TV,0
2021-04-03,TV,0
2021-04-04,TV,0
2021-04-05,TV,0
2021-04-06,TV,0
2021-04-07,TV,0
2021-04-08,TV,0
2021-04-09,TV,0
2021-04-10,TV,0
2021-04-11,TV,0
2021-04-12,TV,0
2021-04-13,TV,0
2021-04-14,TV,0
2021-04-15,TV,0
2021-04-16,TV,0
2021-04-17,TV,0
2021-04-18,TV,0
2021-04-19,TV,0
2021-04-20,TV,0
2021-04-21,TV,0
2021-04-22,TV,0
2021-04-23,TV,0
2021-04-24,TV,0
2021-04-25,TV,0
2021-04-26,TV,0
2021-04-27,TV,0
2021-04-28,TV,0
2021-04-29,TV,0
2021-04-30,TV,0
2021-05-01,TV,0
2021-05-02,TV,0
2021-05-03,TV,14
2021-05-04,TV,9
2021-05-05,TV,7
2021-05-06,TV,4
2021-05-07,TV,0
2021-05-08,TV,2
2021-05-09,TV,2
2021-05-10,TV,1
2021-05-11,TV,0
2021-05-12,TV,0
2021-05-13,TV,0
2021-05-14,TV,0
2021-05-15,TV,0
2021-05-16,TV,0
2021-05-17,TV,0
2021-05-18,TV,0
2021-05-19,TV,0
2021-05-20,TV,4
2021-05-21,TV,1
2021-05-22,TV,1
2021-05-23,TV,0
2021-05-24,TV,0
2021-05-25,TV,0
2021-05-26,TV,0
2021-05-27,TV,1
2021-05-28,TV,1
2021-05-29,TV,0
2021-05-30,TV,0
2021-05-31,TV,0
2021-06-01,TV,1
2021-06-02,TV,0
2021-06-03,TV,0
2021-06-04,TV,0
2021-06-05,TV,0
2021-06-06,TV,0
2021-06-07,TV,0
2021-06-08,TV,0
2021-06-09,TV,0
2021-06-10,TV,0
2021-06-11,TV,0
2021-06-12,TV,0
2021-06-13,TV,0
2021-06-14,TV,0
2021-06-15,TV,0
2021-06-16,TV,0
2021-06-17,TV,0
2021-06-18,TV,0
2021-06-19,TV,0
2021-06-20,TV,0
2021-06-21,TV,0
2021-06-22,TV,0
2021-06-23,TV,0
2021-06-24,TV,1
2021-06-25,TV,0
2021-06-26,TV,0
2021-06-27,TV,0
2021-06-28,TV,1
2021-06-29,TV,0
2021-06-30,TV,2
2021-07-01,TV,0
2021-07-02,TV,0
2021-07-03,TV,0
2021-07-04,TV,0
2021-07-05,TV,1
2021-07-06,TV,0
2021-07-07,TV,0
2021-07-08,TV,0
2021-07-09,TV,1
2021-07-10,TV,0
2021-07-11,TV,2
2021-07-12,TV,0
2021-07-13,TV,0
2021-07-14,TV,0
2021-07-15,TV,0
2021-07-16,TV,0
2021-07-17,TV,0
2021-07-18,TV,1
2021-07-19,TV,1
2021-07-20,TV,0
2021-07-21,TV,1
2021-07-22,TV,0
2021-07-23,TV,0
2021-07-24,TV,0
2021-07-25,TV,1
2021-07-26,TV,0
2021-07-27,TV,1
2021-07-28,TV,0
2021-07-29,TV,0
2021-07-30,TV,0
2021-07-31,TV,0
2021-08-01,TV,0
2021-08-02,TV,0
2021-08-03,TV,0
2021-08-04,TV,0
2021-08-05,TV,0
2021-08-06,TV,0
2021-08-07,TV,0
2021-08-08,TV,2
2021-08-09,TV,0
2021-08-10,TV,0
2021-08-11,TV,1
2021-08-12,TV,0
2021-08-13,TV,0
2021-08-14,TV,0
2021-08-15,TV,0
2021-08-16,TV,0
2021-08-17,TV,0
2021-08-18,TV,0
2021-08-19,TV,1
2021-08-20,TV,0
2021-08-21,TV,1
2021-08-22,TV,1
2021-08-23,TV,1
2021-08-24,TV,0
2021-08-25,TV,0
2021-08-26,TV,0
2021-08-27,TV,0
2021-08-28,TV,0
2021-08-29,TV,0
2021-08-30,TV,0
2021-08-31,TV,0
2021-09-01,TV,1
2021-09-02,TV,0
2021-09-03,TV,0
2021-09-04,TV,1
2021-09-05,TV,1
2021-09-06,TV,0
2021-09-07,TV,0
2021-09-08,TV,0
2021-09-09,TV,0
2021-09-10,TV,0
2021-09-11,TV,2
2021-09-12,TV,0
2021-09-13,TV,3
2021-09-14,TV,0
2021-09-15,TV,3
2021-09-16,TV,0
2021-09-17,TV,1
2021-09-18,TV,1
2021-09-19,TV,2
2021-09-20,TV,0
2021-09-21,TV,1
2021-09-22,TV,1
2021-09-23,TV,1
2021-09-24,TV,0
2021-09-25,TV,0
2021-09-26,TV,0
2021-09-27,TV,2
2021-09-28,TV,2
2021-09-29,TV,1
2021-09-30,TV,2
2021-10-01,TV,0
2021-10-02,TV,0
2021-10-03,TV,1
2021-10-04,TV,1
2021-10-05,TV,0
2021-10-06,TV,0
2021-10-07,TV,1
2021-10-08,TV,2
2021-10-09,TV,2
2021-10-10,TV,0
2021-10-11,TV,1
2021-10-12,TV,0
2021-10-13,TV,0
2021-10-14,TV,0
2021-10-15,TV,0
2021-10-16,TV,0
2021-10-17,TV,0
2021-10-18,TV,2
2021-10-19,TV,0
2021-10-20,TV,2
2021-10-21,TV,2
2021-10-22,TV,0
2021-10-23,TV,2
2021-10-24,TV,1
2021-10-25,TV,1
2021-10-26,TV,2
2021-10-27,TV,1
2021-10-28,TV,3
2021-10-29,TV,1
2021-10-30,TV,0
2021-10-31,TV,0
2021-11-01,TV,0
2021-11-02,TV,1
2021-11-03,TV,0
2021-11-04,TV,0
2021-11-05,TV,1
2021-11-06,TV,0
2021-11-07,TV,0
2021-11-08,TV,3
2021-11-09,TV,0
2021-11-10,TV,1
2021-11-11,TV,1
2021-11-12,TV,1
2021-11-13,TV,2
2021-11-14,TV,0
2021-11-15,TV,0
2021-11-16,TV,0
2021-11-17,TV,1
2021-11-18,TV,3
2021-11-19,TV,1
2021-11-20,TV,0
2021-11-21,TV,0
2021-11-22,TV,3
2021-11-23,TV,0
2021-11-24,TV,1
2021-11-25,TV,0
2021-11-26,TV,0
2021-11-27,TV,0
2021-11-28,TV,0
2021-11-29,TV,1
2021-11-30,TV,1
2021-12-01,TV,0
2021-12-02,TV,1
2021-12-03,TV,0
2021-12-04,TV,0
2021-12-05,TV,2
2021-12-06,TV,2
2021-12-07,TV,0
2021-12-08,TV,0
2021-12-09,TV,0
2021-12-10,TV,1
2021-12-11,TV,2
2021-12-12,TV,0
2021-12-13,TV,0
2021-12-14,TV,0
2021-12-15,TV,0
2021-12-16,TV,1
2021-12-17,TV,1
2021-12-18,TV,0
2021-12-19,TV,0
2021-12-20,TV,0
2021-12-21,TV,0
2021-12-22,TV,0
2021-12-23,TV,0
2021-12-24,TV,0
2021-12-25,TV,2
2021-12-26,TV,0
2021-12-27,TV,0
2021-12-28,TV,1
2021-12-29,TV,1
2021-12-30,TV,1
2021-12-31,TV,0
2022-01-01,TV,1
2022-01-02,TV,0
2022-01-03,TV,0
2022-01-04,TV,0
2022-01-05,TV,0
2022-01-06,TV,0
2022-01-07,TV,0
2022-01-08,TV,1
2022-01-09,TV,1
2022-01-10,TV,0
2022-01-11,TV,0
2022-01-12,TV,2
2022-01-13,TV,0
2022-01-14,TV,0
2022-01-15,TV,0
2022-01-16,TV,0
2022-01-17,TV,0
2022-01-18,TV,2
2022-01-19,TV,1
2022-01-20,TV,3
2022-01-21,TV,0
2022-01-22,TV,0
2022-01-23,TV,0
2022-01-24,TV,4
2022-01-25,TV,0
2022-01-26,TV,0
2022-01-27,TV,1
2022-01-28,TV,0
2022-01-29,TV,0
2022-01-30,TV,1
2022-01-31,TV,0
2022-02-01,TV,2
2022-02-02,TV,0
2022-02-03,TV,2
2022-02-04,TV,1
2022-02-05,TV,0
2022-02-06,TV,0
2022-02-07,TV,0
2022-02-08,TV,0
2022-02-09,TV,1
2022-02-10,TV,0
2022-02-11,TV,0
2022-02-12,TV,0
2022-02-13,TV,3
2022-02-14,TV,1
2022-02-15,TV,1
2022-02-16,TV,2
2022-02-17,TV,0
2022-02-18,TV,2
2022-02-19,TV,0
2022-02-20,TV,0
2022-02-21,TV,0
2022-02-22,TV,0
2022-02-23,TV,0
2022-02-24,TV,0
2022-02-25,TV,1
2022-02-26,TV,0
2022-02-27,TV,1
2022-02-28,TV,0
2022-03-01,TV,0
2022-03-02,TV,0
2022-03-03,TV,0
2022-03-04,TV,1
2022-03-05,TV,3
2022-03-06,TV,1
2022-03-07,TV,1
2022-03-08,TV,1
2022-03-09,TV,0
2022-03-10,TV,3
2022-03-11,TV,0
2022-03-12,TV,1
2022-03-13,TV,0
2022-03-14,TV,1
2022-03-15,TV,1
2022-03-16,TV,1
2022-03-17,TV,0
2022-03-18,TV,1
2022-03-19,TV,1
2022-03-20,TV,1
2022-03-21,TV,0
2022-03-22,TV,1
2022-03-23,TV,1
2022-03-24,TV,0
2022-03-25,TV,0
2022-03-26,TV,0
2022-03-27,TV,1
2022-03-28,TV,0
2022-03-29,TV,0
2022-03-30,TV,0
2022-03-31,TV,1
2022-04-01,TV,1
2022-04-02,TV,0
2022-04-03,TV,0
2022-04-04,TV,1
2022-04-05,TV,1
2022-04-06,TV,0
2022-04-07,TV,0
2022-04-08,TV,0
2022-04-09,TV,0
2022-04-10,TV,1
2022-04-11,TV,0
2022-04-12,TV,0
2022-04-13,TV,0
2022-04-14,TV,0
2022-04-15,TV,2
2022-04-16,TV,0
2022-04-17,TV,1
2022-04-18,TV,0
2022-04-19,TV,0
2022-04-20,TV,0
2022-04-21,TV,0
2022-04-22,TV,0
2022-04-23,TV,1
2022-04-24,TV,1
2022-04-25,TV,1
2022-04-26,TV,0
2022-04-27,TV,0
2022-04-28,TV,1
2022-04-29,TV,0
2022-04-30,TV,0
2022-05-01,TV,1
2022-05-02,TV,0
2022-05-03,TV,1
2022-05-04,TV,0
2022-05-05,TV,3
2022-05-06,TV,1
2022-05-07,TV,0
2022-05-08,TV,2
2022-05-09,TV,0
2022-05-10,TV,1
2022-05-11,TV,0
2022-05-12,TV,0
2022-05-13,TV,0
2022-05-14,TV,0
2022-05-15,TV,0
2022-05-16,TV,0
2022-05-17,TV,1
2022-05-18,TV,1
2022-05-19,TV,1
2022-05-20,TV,1
2022-05-21,TV,0
2022-05-22,TV,0
2022-05-23,TV,0
2022-05-24,TV,4
2022-05-25,TV,0
2022-05-26,TV,0
2022-05-27,TV,1
2022-05-28,TV,0
2022-05-29,TV,0
2022-05-30,TV,0
2022-05-31,TV,2
2022-06-01,TV,0
2022-06-02,TV,3
2022-06-03,TV,0
2022-06-04,TV,0
2022-06-05,TV,0
2022-06-06,TV,0
2022-06-07,TV,0
2022-06-08,TV,1
2022-06-09,TV,0
2022-06-10,TV,0
2022-06-11,TV,0
2022-06-12,TV,1
2022-06-13,TV,3
2022-06-14,TV,1
2022-06-15,TV,1
2022-06-16,TV,0
2022-06-17,TV,1
2022-06-18,TV,0
2022-06-19,TV,1
2022-06-20,TV,0
2022-06-21,TV,0
2022-06-22,TV,0
2022-06-23,TV,0
2022-06-24,TV,1
2022-06-25,TV,3
2022-06-26,TV,1
2022-06-27,TV,0
2022-06-28,TV,1
2022-06-29,TV,0
2022-06-30,TV,0
2022-07-01,TV,2
2022-07-02,TV,0
2022-07-03,TV,3
2022-07-04,TV,0
2022-07-05,TV,1
2022-07-06,TV,0
2022-07-07,TV,0
2022-07-08,TV,1
2022-07-09,TV,3
2022-07-10,TV,2
2022-07-11,TV,0
2022-07-12,TV,0
2022-07-13,TV,0
2022-07-14,TV,0
2022-07-15,TV,0
2022-07-16,TV,0
2022-07-17,TV,1
2022-07-18,TV,0
2022-07-19,TV,0
2022-07-20,TV,2
2022-07-21,TV,0
2022-07-22,TV,1
2022-07-23,TV,0
2022-07-24,TV,1
2022-07-25,TV,2
2022-07-26,TV,1
2022-07-27,TV,1
2022-07-28,TV,1
2022-07-29,TV,1
2022-07-30,TV,0
2022-07-31,TV,1
2022-08-01,TV,0
2022-08-02,TV,0
2022-08-03,TV,0
2022-08-04,TV,0
2022-08-05,TV,1
2022-08-06,TV,0
2022-08-07,TV,0
2022-08-08,TV,0
2022-08-09,TV,0
2022-08-10,TV,0
2022-08-11,TV,2
2022-08-12,TV,0
2022-08-13,TV,0
2022-08-14,TV,0
2022-08-15,TV,0
2022-08-16,TV,2
2022-08-17,TV,1
2022-08-18,TV,2
2022-08-19,TV,0
2022-08-20,TV,0
2022-08-21,TV,0
2022-08-22,TV,3
2022-08-23,TV,1
2022-08-24,TV,1
2022-08-25,TV,0
2022-08-26,TV,0
2022-08-27,TV,0
2022-08-28,TV,1
2022-08-29,TV,0
2022-08-30,TV,0
2022-08-31,TV,2
2022-09-01,TV,2
2022-09-02,TV,0
2022-09-03,TV,1
2022-09-04,TV,3
2022-09-05,TV,2
2022-09-06,TV,0
2022-09-07,TV,0
2022-09-08,TV,0
2022-09-09,TV,2
2022-09-10,TV,1
2022-09-11,TV,0
2022-09-12,TV,0
2022-09-13,TV,3
2022-09-14,TV,1
2022-09-15,TV,2
2022-09-16,TV,0
2022-09-17,TV,4
2022-09-18,TV,0
2022-09-19,TV,0
2022-09-20,TV,1
2022-09-21,TV,1
2022-09-22,TV,2
2022-09-23,TV,0
2022-09-24,TV,0
2022-09-25,TV,0
2022-09-26,TV,1
2022-09-27,TV,0
2022-09-28,TV,1
2022-09-29,TV,0
2022-09-30,TV,1
2022-10-01,TV,0
2022-10-02,TV,0
2022-10-03,TV,0
2022-10-04,TV,1
2022-10-05,TV,1
2022-10-06,TV,1
2022-10-07,TV,2
2022-10-08,TV,0
2022-10-09,TV,2
2022-10-10,TV,1
2022-10-11,TV,1
2022-10-12,TV,2
2022-10-13,TV,2
2022-10-14,TV,1
2022-10-15,TV,0
2022-10-16,TV,3
2022-10-17,TV,1
2022-10-18,TV,0
2022-10-19,TV,1
2022-10-20,TV,1
2022-10-21,TV,0
2022-10-22,TV,3
2022-10-23,TV,0
2022-10-24,TV,0
2022-10-25,TV,1
2022-10-26,TV,0
2022-10-27,TV,0
2022-10-28,TV,0
2022-10-29,TV,0
2022-10-30,TV,0
2021-03-10,Teléfono móvil,0
2021-03-11,Teléfono móvil,0
2021-03-12,Teléfono móvil,0
2021-03-13,Teléfono móvil,0
2021-03-14,Teléfono móvil,0
2021-03-15,Teléfono móvil,0
2021-03-16,Teléfono móvil,0
2021-03-17,Teléfono móvil,0
2021-03-18,Teléfono móvil,0
2021-03-19,Teléfono móvil,0
2021-03-20,Teléfono móvil,0
2021-03-21,Teléfono móvil,0
2021-03-22,Teléfono móvil,0
2021-03-23,Teléfono móvil,0
2021-03-24,Teléfono móvil,0
2021-03-25,Teléfono móvil,0
2021-03-26,Teléfono móvil,0
2021-03-27,Teléfono móvil,0
2021-03-28,Teléfono móvil,0
2021-03-29,Teléfono móvil,0
2021-03-30,Teléfono móvil,0
2021-03-31,Teléfono móvil,0
2021-04-01,Teléfono móvil,0
2021-04-02,Teléfono móvil,0
2021-04-03,Teléfono móvil,0
2021-04-04,Teléfono móvil,0
2021-04-05,Teléfono móvil,0
2021-04-06,Teléfono móvil,0
2021-04-07,Teléfono móvil,0
2021-04-08,Teléfono móvil,0
2021-04-09,Teléfono móvil,0
2021-04-10,Teléfono móvil,0
2021-04-11,Teléfono móvil,0
2021-04-12,Teléfono móvil,0
2021-04-13,Teléfono móvil,0
2021-04-14,Teléfono móvil,0
2021-04-15,Teléfono móvil,0
2021-04-16,Teléfono móvil,0
2021-04-17,Teléfono móvil,0
2021-04-18,Teléfono móvil,0
2021-04-19,Teléfono móvil,0
2021-04-20,Teléfono móvil,0
2021-04-21,Teléfono móvil,0
2021-04-22,Teléfono móvil,0
2021-04-23,Teléfono móvil,0
2021-04-24,Teléfono móvil,0
2021-04-25,Teléfono móvil,0
2021-04-26,Teléfono móvil,0
2021-04-27,Teléfono móvil,0
2021-04-28,Teléfono móvil,0
2021-04-29,Teléfono móvil,0
2021-04-30,Teléfono móvil,0
2021-05-01,Teléfono móvil,0
2021-05-02,Teléfono móvil,0
2021-05-03,Teléfono móvil,197
2021-05-04,Teléfono móvil,135
2021-05-05,Teléfono móvil,61
2021-05-06,Teléfono móvil,26
2021-05-07,Teléfono móvil,10
2021-05-08,Teléfono móvil,12
2021-05-09,Teléfono móvil,17
2021-05-10,Teléfono móvil,6
2021-05-11,Teléfono móvil,2
2021-05-12,Teléfono móvil,5
2021-05-13,Teléfono móvil,5
2021-05-14,Teléfono móvil,7
2021-05-15,Teléfono móvil,5
2021-05-16,Teléfono móvil,4
2021-05-17,Teléfono móvil,8
2021-05-18,Teléfono móvil,7
2021-05-19,Teléfono móvil,8
2021-05-20,Teléfono móvil,22
2021-05-21,Teléfono móvil,11
2021-05-22,Teléfono móvil,5
2021-05-23,Teléfono móvil,6
2021-05-24,Teléfono móvil,6
2021-05-25,Teléfono móvil,20
2021-05-26,Teléfono móvil,18
2021-05-27,Teléfono móvil,13
2021-05-28,Teléfono móvil,24
2021-05-29,Teléfono móvil,9
2021-05-30,Teléfono móvil,12
2021-05-31,Teléfono móvil,11
2021-06-01,Teléfono móvil,16
2021-06-02,Teléfono móvil,16
2021-06-03,Teléfono móvil,13
2021-06-04,Teléfono móvil,18
2021-06-05,Teléfono móvil,16
2021-06-06,Teléfono móvil,17
2021-06-07,Teléfono móvil,18
2021-06-08,Teléfono móvil,20
2021-06-09,Teléfono móvil,31
2021-06-10,Teléfono móvil,15
2021-06-11,Teléfono móvil,19
2021-06-12,Teléfono móvil,13
2021-06-13,Teléfono móvil,13
2021-06-14,Teléfono móvil,22
2021-06-15,Teléfono móvil,16
2021-06-16,Teléfono móvil,21
2021-06-17,Teléfono móvil,15
2021-06-18,Teléfono móvil,20
2021-06-19,Teléfono móvil,11
2021-06-20,Teléfono móvil,8
2021-06-21,Teléfono móvil,17
2021-06-22,Teléfono móvil,32
2021-06-23,Teléfono móvil,25
2021-06-24,Teléfono móvil,27
2021-06-25,Teléfono móvil,20
2021-06-26,Teléfono móvil,9
2021-06-27,Teléfono móvil,13
2021-06-28,Teléfono móvil,20
2021-06-29,Teléfono móvil,18
2021-06-30,Teléfono móvil,22
2021-07-01,Teléfono móvil,29
2021-07-02,Teléfono móvil,12
2021-07-03,Teléfono móvil,14
2021-07-04,Teléfono móvil,10
2021-07-05,Teléfono móvil,22
2021-07-06,Teléfono móvil,21
2021-07-07,Teléfono móvil,27
2021-07-08,Teléfono móvil,32
2021-07-09,Teléfono móvil,30
2021-07-10,Teléfono móvil,17
2021-07-11,Teléfono móvil,14
2021-07-12,Teléfono móvil,20
2021-07-13,Teléfono móvil,20
2021-07-14,Teléfono móvil,42
2021-07-15,Teléfono móvil,19
2021-07-16,Teléfono móvil,29
2021-07-17,Teléfono móvil,16
2021-07-18,Teléfono móvil,17
2021-07-19,Teléfono móvil,25
2021-07-20,Teléfono móvil,14
2021-07-21,Teléfono móvil,22
2021-07-22,Teléfono móvil,27
2021-07-23,Teléfono móvil,26
2021-07-24,Teléfono móvil,32
2021-07-25,Teléfono móvil,15
2021-07-26,Teléfono móvil,29
2021-07-27,Teléfono móvil,30
2021-07-28,Teléfono móvil,21
2021-07-29,Teléfono móvil,22
2021-07-30,Teléfono móvil,20
2021-07-31,Teléfono móvil,11
2021-08-01,Teléfono móvil,16
2021-08-02,Teléfono móvil,29
2021-08-03,Teléfono móvil,21
2021-08-04,Teléfono móvil,43
2021-08-05,Teléfono móvil,29
2021-08-06,Teléfono móvil,15
2021-08-07,Teléfono móvil,28
2021-08-08,Teléfono móvil,11
2021-08-09,Teléfono móvil,32
2021-08-10,Teléfono móvil,42
2021-08-11,Teléfono móvil,35
2021-08-12,Teléfono móvil,42
2021-08-13,Teléfono móvil,40
2021-08-14,Teléfono móvil,29
2021-08-15,Teléfono móvil,20
2021-08-16,Teléfono móvil,32
2021-08-17,Teléfono móvil,26
2021-08-18,Teléfono móvil,22
2021-08-19,Teléfono móvil,28
2021-08-20,Teléfono móvil,31
2021-08-21,Teléfono móvil,22
2021-08-22,Teléfono móvil,22
2021-08-23,Teléfono móvil,24
2021-08-24,Teléfono móvil,31
2021-08-25,Teléfono móvil,21
2021-08-26,Teléfono móvil,30
2021-08-27,Teléfono móvil,19
2021-08-28,Teléfono móvil,18
2021-08-29,Teléfono móvil,11
2021-08-30,Teléfono móvil,30
2021-08-31,Teléfono móvil,45
2021-09-01,Teléfono móvil,29
2021-09-02,Teléfono móvil,35
2021-09-03,Teléfono móvil,27
2021-09-04,Teléfono móvil,31
2021-09-05,Teléfono móvil,22
2021-09-06,Teléfono móvil,24
2021-09-07,Teléfono móvil,40
2021-09-08,Teléfono móvil,37
2021-09-09,Teléfono móvil,43
2021-09-10,Teléfono móvil,38
2021-09-11,Teléfono móvil,22
2021-09-12,Teléfono móvil,32
2021-09-13,Teléfono móvil,33
2021-09-14,Teléfono móvil,45
2021-09-15,Teléfono móvil,28
2021-09-16,Teléfono móvil,32
2021-09-17,Teléfono móvil,26
2021-09-18,Teléfono móvil,28
2021-09-19,Teléfono móvil,19
2021-09-20,Teléfono móvil,37
2021-09-21,Teléfono móvil,39
2021-09-22,Teléfono móvil,43
2021-09-23,Teléfono móvil,30
2021-09-24,Teléfono móvil,27
2021-09-25,Teléfono móvil,23
2021-09-26,Teléfono móvil,14
2021-09-27,Teléfono móvil,34
2021-09-28,Teléfono móvil,39
2021-09-29,Teléfono móvil,38
2021-09-30,Teléfono móvil,30
2021-10-01,Teléfono móvil,44
2021-10-02,Teléfono móvil,20
2021-10-03,Teléfono móvil,21
2021-10-04,Teléfono móvil,36
2021-10-05,Teléfono móvil,40
2021-10-06,Teléfono móvil,36
2021-10-07,Teléfono móvil,38
2021-10-08,Teléfono móvil,29
2021-10-09,Teléfono móvil,16
2021-10-10,Teléfono móvil,15
2021-10-11,Teléfono móvil,40
2021-10-12,Teléfono móvil,43
2021-10-13,Teléfono móvil,29
2021-10-14,Teléfono móvil,30
2021-10-15,Teléfono móvil,28
2021-10-16,Teléfono móvil,32
2021-10-17,Teléfono móvil,9
2021-10-18,Teléfono móvil,25
2021-10-19,Teléfono móvil,23
2021-10-20,Teléfono móvil,39
2021-10-21,Teléfono móvil,29
2021-10-22,Teléfono móvil,30
2021-10-23,Teléfono móvil,23
2021-10-24,Teléfono móvil,28
2021-10-25,Teléfono móvil,36
2021-10-26,Teléfono móvil,42
2021-10-27,Teléfono móvil,28
2021-10-28,Teléfono móvil,44
2021-10-29,Teléfono móvil,34
2021-10-30,Teléfono móvil,14
2021-10-31,Teléfono móvil,15
2021-11-01,Teléfono móvil,43
2021-11-02,Teléfono móvil,31
2021-11-03,Teléfono móvil,47
2021-11-04,Teléfono móvil,35
2021-11-05,Teléfono móvil,31
2021-11-06,Teléfono móvil,18
2021-11-07,Teléfono móvil,22
2021-11-08,Teléfono móvil,31
2021-11-09,Teléfono móvil,36
2021-11-10,Teléfono móvil,33
2021-11-11,Teléfono móvil,49
2021-11-12,Teléfono móvil,31
2021-11-13,Teléfono móvil,15
2021-11-14,Teléfono móvil,15
2021-11-15,Teléfono móvil,35
2021-11-16,Teléfono móvil,38
2021-11-17,Teléfono móvil,36
2021-11-18,Teléfono móvil,38
2021-11-19,Teléfono móvil,38
2021-11-20,Teléfono móvil,30
2021-11-21,Teléfono móvil,22
2021-11-22,Teléfono móvil,41
2021-11-23,Teléfono móvil,34
2021-11-24,Teléfono móvil,31
2021-11-25,Teléfono móvil,34
2021-11-26,Teléfono móvil,33
2021-11-27,Teléfono móvil,18
2021-11-28,Teléfono móvil,30
2021-11-29,Teléfono móvil,42
2021-11-30,Teléfono móvil,29
2021-12-01,Teléfono móvil,25
2021-12-02,Teléfono móvil,37
2021-12-03,Teléfono móvil,29
2021-12-04,Teléfono móvil,16
2021-12-05,Teléfono móvil,24
2021-12-06,Teléfono móvil,28
2021-12-07,Teléfono móvil,34
2021-12-08,Teléfono móvil,39
2021-12-09,Teléfono móvil,46
2021-12-10,Teléfono móvil,28
2021-12-11,Teléfono móvil,22
2021-12-12,Teléfono móvil,19
2021-12-13,Teléfono móvil,25
2021-12-14,Teléfono móvil,35
2021-12-15,Teléfono móvil,31
2021-12-16,Teléfono móvil,23
2021-12-17,Teléfono móvil,27
2021-12-18,Teléfono móvil,21
2021-12-19,Teléfono móvil,24
2021-12-20,Teléfono móvil,30
2021-12-21,Teléfono móvil,30
2021-12-22,Teléfono móvil,34
2021-12-23,Teléfono móvil,22
2021-12-24,Teléfono móvil,14
2021-12-25,Teléfono móvil,6
2021-12-26,Teléfono móvil,5
2021-12-27,Teléfono móvil,23
2021-12-28,Teléfono móvil,17
2021-12-29,Teléfono móvil,17
2021-12-30,Teléfono móvil,21
2021-12-31,Teléfono móvil,12
2022-01-01,Teléfono móvil,6
2022-01-02,Teléfono móvil,12
2022-01-03,Teléfono móvil,24
2022-01-04,Teléfono móvil,25
2022-01-05,Teléfono móvil,26
2022-01-06,Teléfono móvil,30
2022-01-07,Teléfono móvil,23
2022-01-08,Teléfono móvil,26
2022-01-09,Teléfono móvil,2
2022-01-10,Teléfono móvil,29
2022-01-11,Teléfono móvil,25
2022-01-12,Teléfono móvil,33
2022-01-13,Teléfono móvil,32
2022-01-14,Teléfono móvil,28
2022-01-15,Teléfono móvil,18
2022-01-16,Teléfono móvil,22
2022-01-17,Teléfono móvil,27
2022-01-18,Teléfono móvil,27
2022-01-19,Teléfono móvil,37
2022-01-20,Teléfono móvil,38
2022-01-21,Teléfono móvil,36
2022-01-22,Teléfono móvil,26
2022-01-23,Teléfono móvil,16
2022-01-24,Teléfono móvil,28
2022-01-25,Teléfono móvil,34
2022-01-26,Teléfono móvil,42
2022-01-27,Teléfono móvil,32
2022-01-28,Teléfono móvil,28
2022-01-29,Teléfono móvil,27
2022-01-30,Teléfono móvil,15
2022-01-31,Teléfono móvil,32
2022-02-01,Teléfono móvil,44
2022-02-02,Teléfono móvil,38
2022-02-03,Teléfono móvil,36
2022-02-04,Teléfono móvil,30
2022-02-05,Teléfono móvil,23
2022-02-06,Teléfono móvil,22
2022-02-07,Teléfono móvil,41
2022-02-08,Teléfono móvil,44
2022-02-09,Teléfono móvil,41
2022-02-10,Teléfono móvil,52
2022-02-11,Teléfono móvil,40
2022-02-12,Teléfono móvil,19
2022-02-13,Teléfono móvil,15
2022-02-14,Teléfono móvil,42
2022-02-15,Teléfono móvil,48
2022-02-16,Teléfono móvil,36
2022-02-17,Teléfono móvil,36
2022-02-18,Teléfono móvil,31
2022-02-19,Teléfono móvil,41
2022-02-20,Teléfono móvil,24
2022-02-21,Teléfono móvil,48
2022-02-22,Teléfono móvil,48
2022-02-23,Teléfono móvil,42
2022-02-24,Teléfono móvil,32
2022-02-25,Teléfono móvil,38
2022-02-26,Teléfono móvil,28
2022-02-27,Teléfono móvil,27
2022-02-28,Teléfono móvil,36
2022-03-01,Teléfono móvil,42
2022-03-02,Teléfono móvil,49
2022-03-03,Teléfono móvil,48
2022-03-04,Teléfono móvil,27
2022-03-05,Teléfono móvil,22
2022-03-06,Teléfono móvil,18
2022-03-07,Teléfono móvil,36
2022-03-08,Teléfono móvil,39
2022-03-09,Teléfono móvil,34
2022-03-10,Teléfono móvil,36
2022-03-11,Teléfono móvil,38
2022-03-12,Teléfono móvil,27
2022-03-13,Teléfono móvil,17
2022-03-14,Teléfono móvil,36
2022-03-15,Teléfono móvil,34
2022-03-16,Teléfono móvil,46
2022-03-17,Teléfono móvil,46
2022-03-18,Teléfono móvil,23
2022-03-19,Teléfono móvil,26
2022-03-20,Teléfono móvil,24
2022-03-21,Teléfono móvil,41
2022-03-22,Teléfono móvil,43
2022-03-23,Teléfono móvil,49
2022-03-24,Teléfono móvil,36
2022-03-25,Teléfono móvil,37
2022-03-26,Teléfono móvil,28
2022-03-27,Teléfono móvil,21
2022-03-28,Teléfono móvil,45
2022-03-29,Teléfono móvil,42
2022-03-30,Teléfono móvil,57
2022-03-31,Teléfono móvil,50
2022-04-01,Teléfono móvil,41
2022-04-02,Teléfono móvil,44
2022-04-03,Teléfono móvil,26
2022-04-04,Teléfono móvil,28
2022-04-05,Teléfono móvil,39
2022-04-06,Teléfono móvil,43
2022-04-07,Teléfono móvil,35
2022-04-08,Teléfono móvil,33
2022-04-09,Teléfono móvil,28
2022-04-10,Teléfono móvil,20
2022-04-11,Teléfono móvil,36
2022-04-12,Teléfono móvil,44
2022-04-13,Teléfono móvil,35
2022-04-14,Teléfono móvil,20
2022-04-15,Teléfono móvil,21
2022-04-16,Teléfono móvil,17
2022-04-17,Teléfono móvil,19
2022-04-18,Teléfono móvil,37
2022-04-19,Teléfono móvil,43
2022-04-20,Teléfono móvil,47
2022-04-21,Teléfono móvil,38
2022-04-22,Teléfono móvil,49
2022-04-23,Teléfono móvil,29
2022-04-24,Teléfono móvil,24
2022-04-25,Teléfono móvil,42
2022-04-26,Teléfono móvil,43
2022-04-27,Teléfono móvil,48
2022-04-28,Teléfono móvil,36
2022-04-29,Teléfono móvil,31
2022-04-30,Teléfono móvil,16
2022-05-01,Teléfono móvil,17
2022-05-02,Teléfono móvil,29
2022-05-03,Teléfono móvil,46
2022-05-04,Teléfono móvil,53
2022-05-05,Teléfono móvil,39
2022-05-06,Teléfono móvil,34
2022-05-07,Teléfono móvil,37
2022-05-08,Teléfono móvil,27
2022-05-09,Teléfono móvil,26
2022-05-10,Teléfono móvil,42
2022-05-11,Teléfono móvil,55
2022-05-12,Teléfono móvil,34
2022-05-13,Teléfono móvil,33
2022-05-14,Teléfono móvil,31
2022-05-15,Teléfono móvil,20
2022-05-16,Teléfono móvil,37
2022-05-17,Teléfono móvil,38
2022-05-18,Teléfono móvil,42
2022-05-19,Teléfono móvil,48
2022-05-20,Teléfono móvil,39
2022-05-21,Teléfono móvil,32
2022-05-22,Teléfono móvil,19
2022-05-23,Teléfono móvil,36
2022-05-24,Teléfono móvil,43
2022-05-25,Teléfono móvil,46
2022-05-26,Teléfono móvil,36
2022-05-27,Teléfono móvil,29
2022-05-28,Teléfono móvil,17
2022-05-29,Teléfono móvil,25
2022-05-30,Teléfono móvil,38
2022-05-31,Teléfono móvil,36
2022-06-01,Teléfono móvil,31
2022-06-02,Teléfono móvil,35
2022-06-03,Teléfono móvil,36
2022-06-04,Teléfono móvil,19
2022-06-05,Teléfono móvil,27
2022-06-06,Teléfono móvil,42
2022-06-07,Teléfono móvil,47
2022-06-08,Teléfono móvil,35
2022-06-09,Teléfono móvil,37
2022-06-10,Teléfono móvil,33
2022-06-11,Teléfono móvil,22
2022-06-12,Teléfono móvil,29
2022-06-13,Teléfono móvil,39
2022-06-14,Teléfono móvil,48
2022-06-15,Teléfono móvil,48
2022-06-16,Teléfono móvil,31
2022-06-17,Teléfono móvil,43
2022-06-18,Teléfono móvil,25
2022-06-19,Teléfono móvil,18
2022-06-20,Teléfono móvil,33
2022-06-21,Teléfono móvil,31
2022-06-22,Teléfono móvil,26
2022-06-23,Teléfono móvil,56
2022-06-24,Teléfono móvil,31
2022-06-25,Teléfono móvil,19
2022-06-26,Teléfono móvil,18
2022-06-27,Teléfono móvil,23
2022-06-28,Teléfono móvil,35
2022-06-29,Teléfono móvil,38
2022-06-30,Teléfono móvil,33
2022-07-01,Teléfono móvil,26
2022-07-02,Teléfono móvil,23
2022-07-03,Teléfono móvil,16
2022-07-04,Teléfono móvil,28
2022-07-05,Teléfono móvil,38
2022-07-06,Teléfono móvil,32
2022-07-07,Teléfono móvil,43
2022-07-08,Teléfono móvil,22
2022-07-09,Teléfono móvil,16
2022-07-10,Teléfono móvil,18
2022-07-11,Teléfono móvil,30
2022-07-12,Teléfono móvil,35
2022-07-13,Teléfono móvil,35
2022-07-14,Teléfono móvil,48
2022-07-15,Teléfono móvil,28
2022-07-16,Teléfono móvil,17
2022-07-17,Teléfono móvil,18
2022-07-18,Teléfono móvil,34
2022-07-19,Teléfono móvil,38
2022-07-20,Teléfono móvil,37
2022-07-21,Teléfono móvil,41
2022-07-22,Teléfono móvil,30
2022-07-23,Teléfono móvil,29
2022-07-24,Teléfono móvil,24
2022-07-25,Teléfono móvil,30
2022-07-26,Teléfono móvil,38
2022-07-27,Teléfono móvil,30
2022-07-28,Teléfono móvil,34
2022-07-29,Teléfono móvil,36
2022-07-30,Teléfono móvil,27
2022-07-31,Teléfono móvil,12
2022-08-01,Teléfono móvil,39
2022-08-02,Teléfono móvil,41
2022-08-03,Teléfono móvil,43
2022-08-04,Teléfono móvil,34
2022-08-05,Teléfono móvil,31
2022-08-06,Teléfono móvil,24
2022-08-07,Teléfono móvil,18
2022-08-08,Teléfono móvil,38
2022-08-09,Teléfono móvil,35
2022-08-10,Teléfono móvil,39
2022-08-11,Teléfono móvil,28
2022-08-12,Teléfono móvil,27
2022-08-13,Teléfono móvil,17
2022-08-14,Teléfono móvil,30
2022-08-15,Teléfono móvil,39
2022-08-16,Teléfono móvil,44
2022-08-17,Teléfono móvil,35
2022-08-18,Teléfono móvil,37
2022-08-19,Teléfono móvil,35
2022-08-20,Teléfono móvil,20
2022-08-21,Teléfono móvil,21
2022-08-22,Teléfono móvil,46
2022-08-23,Teléfono móvil,30
2022-08-24,Teléfono móvil,29
2022-08-25,Teléfono móvil,49
2022-08-26,Teléfono móvil,28
2022-08-27,Teléfono móvil,22
2022-08-28,Teléfono móvil,25
2022-08-29,Teléfono móvil,29
2022-08-30,Teléfono móvil,31
2022-08-31,Teléfono móvil,48
2022-09-01,Teléfono móvil,32
2022-09-02,Teléfono móvil,23
2022-09-03,Teléfono móvil,31
2022-09-04,Teléfono móvil,24
2022-09-05,Teléfono móvil,30
2022-09-06,Teléfono móvil,30
2022-09-07,Teléfono móvil,33
2022-09-08,Teléfono móvil,23
2022-09-09,Teléfono móvil,25
2022-09-10,Teléfono móvil,19
2022-09-11,Teléfono móvil,26
2022-09-12,Teléfono móvil,43
2022-09-13,Teléfono móvil,32
2022-09-14,Teléfono móvil,34
2022-09-15,Teléfono móvil,26
2022-09-16,Teléfono móvil,34
2022-09-17,Teléfono móvil,31
2022-09-18,Teléfono móvil,22
2022-09-19,Teléfono móvil,36
2022-09-20,Teléfono móvil,38
2022-09-21,Teléfono móvil,27
2022-09-22,Teléfono móvil,41
2022-09-23,Teléfono móvil,31
2022-09-24,Teléfono móvil,28
2022-09-25,Teléfono móvil,16
2022-09-26,Teléfono móvil,38
2022-09-27,Teléfono móvil,39
2022-09-28,Teléfono móvil,36
2022-09-29,Teléfono móvil,40
2022-09-30,Teléfono móvil,30
2022-10-01,Teléfono móvil,30
2022-10-02,Teléfono móvil,15
2022-10-03,Teléfono móvil,38
2022-10-04,Teléfono móvil,37
2022-10-05,Teléfono móvil,25
2022-10-06,Teléfono móvil,40
2022-10-07,Teléfono móvil,22
2022-10-08,Teléfono móvil,14
2022-10-09,Teléfono móvil,27
2022-10-10,Teléfono móvil,23
2022-10-11,Teléfono móvil,51
2022-10-12,Teléfono móvil,21
2022-10-13,Teléfono móvil,50
2022-10-14,Teléfono móvil,36
2022-10-15,Teléfono móvil,24
2022-10-16,Teléfono móvil,16
2022-10-17,Teléfono móvil,35
2022-10-18,Teléfono móvil,39
2022-10-19,Teléfono móvil,38
2022-10-20,Teléfono móvil,32
2022-10-21,Teléfono móvil,29
2022-10-22,Teléfono móvil,20
2022-10-23,Teléfono móvil,15
2022-10-24,Teléfono móvil,46
2022-10-25,Teléfono móvil,36
2022-10-26,Teléfono móvil,37
2022-10-27,Teléfono móvil,36
2022-10-28,Teléfono móvil,26
2022-10-29,Teléfono móvil,30
2022-10-30,Teléfono móvil,17
2021-03-10,Tablet,0
2021-03-11,Tablet,0
2021-03-12,Tablet,0
2021-03-13,Tablet,0
2021-03-14,Tablet,0
2021-03-15,Tablet,0
2021-03-16,Tablet,0
2021-03-17,Tablet,0
2021-03-18,Tablet,0
2021-03-19,Tablet,0
2021-03-20,Tablet,0
2021-03-21,Tablet,0
2021-03-22,Tablet,0
2021-03-23,Tablet,0
2021-03-24,Tablet,0
2021-03-25,Tablet,0
2021-03-26,Tablet,0
2021-03-27,Tablet,0
2021-03-28,Tablet,0
2021-03-29,Tablet,0
2021-03-30,Tablet,0
2021-03-31,Tablet,0
2021-04-01,Tablet,0
2021-04-02,Tablet,0
2021-04-03,Tablet,0
2021-04-04,Tablet,0
2021-04-05,Tablet,0
2021-04-06,Tablet,0
2021-04-07,Tablet,0
2021-04-08,Tablet,0
2021-04-09,Tablet,0
2021-04-10,Tablet,0
2021-04-11,Tablet,0
2021-04-12,Tablet,0
2021-04-13,Tablet,0
2021-04-14,Tablet,0
2021-04-15,Tablet,0
2021-04-16,Tablet,0
2021-04-17,Tablet,0
2021-04-18,Tablet,0
2021-04-19,Tablet,0
2021-04-20,Tablet,0
2021-04-21,Tablet,0
2021-04-22,Tablet,0
2021-04-23,Tablet,0
2021-04-24,Tablet,0
2021-04-25,Tablet,0
2021-04-26,Tablet,0
2021-04-27,Tablet,0
2021-04-28,Tablet,0
2021-04-29,Tablet,0
2021-04-30,Tablet,0
2021-05-01,Tablet,0
2021-05-02,Tablet,0
2021-05-03,Tablet,3
2021-05-04,Tablet,7
2021-05-05,Tablet,3
2021-05-06,Tablet,3
2021-05-07,Tablet,0
2021-05-08,Tablet,1
2021-05-09,Tablet,0
2021-05-10,Tablet,0
2021-05-11,Tablet,0
2021-05-12,Tablet,0
2021-05-13,Tablet,0
2021-05-14,Tablet,0
2021-05-15,Tablet,1
2021-05-16,Tablet,3
2021-05-17,Tablet,0
2021-05-18,Tablet,0
2021-05-19,Tablet,0
2021-05-20,Tablet,0
2021-05-21,Tablet,0
2021-05-22,Tablet,0
2021-05-23,Tablet,0
2021-05-24,Tablet,0
2021-05-25,Tablet,0
2021-05-26,Tablet,0
2021-05-27,Tablet,2
2021-05-28,Tablet,0
2021-05-29,Tablet,0
2021-05-30,Tablet,0
2021-05-31,Tablet,0
2021-06-01,Tablet,0
2021-06-02,Tablet,0
2021-06-03,Tablet,1
2021-06-04,Tablet,0
2021-06-05,Tablet,0
2021-06-06,Tablet,0
2021-06-07,Tablet,0
2021-06-08,Tablet,0
2021-06-09,Tablet,0
2021-06-10,Tablet,0
2021-06-11,Tablet,0
2021-06-12,Tablet,0
2021-06-13,Tablet,0
2021-06-14,Tablet,0
2021-06-15,Tablet,0
2021-06-16,Tablet,0
2021-06-17,Tablet,0
2021-06-18,Tablet,0
2021-06-19,Tablet,0
2021-06-20,Tablet,2
2021-06-21,Tablet,0
2021-06-22,Tablet,0
2021-06-23,Tablet,0
2021-06-24,Tablet,0
2021-06-25,Tablet,0
2021-06-26,Tablet,0
2021-06-27,Tablet,0
2021-06-28,Tablet,0
2021-06-29,Tablet,0
2021-06-30,Tablet,0
2021-07-01,Tablet,0
2021-07-02,Tablet,0
2021-07-03,Tablet,0
2021-07-04,Tablet,0
2021-07-05,Tablet,0
2021-07-06,Tablet,0
2021-07-07,Tablet,0
2021-07-08,Tablet,0
2021-07-09,Tablet,1
2021-07-10,Tablet,0
2021-07-11,Tablet,0
2021-07-12,Tablet,0
2021-07-13,Tablet,0
2021-07-14,Tablet,3
2021-07-15,Tablet,0
2021-07-16,Tablet,0
2021-07-17,Tablet,0
2021-07-18,Tablet,0
2021-07-19,Tablet,0
2021-07-20,Tablet,0
2021-07-21,Tablet,0
2021-07-22,Tablet,0
2021-07-23,Tablet,0
2021-07-24,Tablet,1
2021-07-25,Tablet,0
2021-07-26,Tablet,0
2021-07-27,Tablet,1
2021-07-28,Tablet,1
2021-07-29,Tablet,0
2021-07-30,Tablet,0
2021-07-31,Tablet,0
2021-08-01,Tablet,1
2021-08-02,Tablet,0
2021-08-03,Tablet,1
2021-08-04,Tablet,0
2021-08-05,Tablet,1
2021-08-06,Tablet,0
2021-08-07,Tablet,0
2021-08-08,Tablet,0
2021-08-09,Tablet,4
2021-08-10,Tablet,1
2021-08-11,Tablet,2
2021-08-12,Tablet,1
2021-08-13,Tablet,0
2021-08-14,Tablet,0
2021-08-15,Tablet,0
2021-08-16,Tablet,3
2021-08-17,Tablet,0
2021-08-18,Tablet,1
2021-08-19,Tablet,0
2021-08-20,Tablet,2
2021-08-21,Tablet,0
2021-08-22,Tablet,1
2021-08-23,Tablet,1
2021-08-24,Tablet,1
2021-08-25,Tablet,0
2021-08-26,Tablet,0
2021-08-27,Tablet,0
2021-08-28,Tablet,0
2021-08-29,Tablet,0
2021-08-30,Tablet,0
2021-08-31,Tablet,1
2021-09-01,Tablet,0
2021-09-02,Tablet,2
2021-09-03,Tablet,0
2021-09-04,Tablet,0
2021-09-05,Tablet,0
2021-09-06,Tablet,1
2021-09-07,Tablet,1
2021-09-08,Tablet,0
2021-09-09,Tablet,0
2021-09-10,Tablet,0
2021-09-11,Tablet,1
2021-09-12,Tablet,1
2021-09-13,Tablet,0
2021-09-14,Tablet,0
2021-09-15,Tablet,1
2021-09-16,Tablet,2
2021-09-17,Tablet,0
2021-09-18,Tablet,1
2021-09-19,Tablet,0
2021-09-20,Tablet,0
2021-09-21,Tablet,2
2021-09-22,Tablet,0
2021-09-23,Tablet,1
2021-09-24,Tablet,2
2021-09-25,Tablet,0
2021-09-26,Tablet,0
2021-09-27,Tablet,0
2021-09-28,Tablet,2
2021-09-29,Tablet,0
2021-09-30,Tablet,0
2021-10-01,Tablet,0
2021-10-02,Tablet,2
2021-10-03,Tablet,0
2021-10-04,Tablet,1
2021-10-05,Tablet,0
2021-10-06,Tablet,1
2021-10-07,Tablet,0
2021-10-08,Tablet,0
2021-10-09,Tablet,0
2021-10-10,Tablet,1
2021-10-11,Tablet,1
2021-10-12,Tablet,1
2021-10-13,Tablet,0
2021-10-14,Tablet,1
2021-10-15,Tablet,0
2021-10-16,Tablet,1
2021-10-17,Tablet,1
2021-10-18,Tablet,0
2021-10-19,Tablet,0
2021-10-20,Tablet,0
2021-10-21,Tablet,0
2021-10-22,Tablet,1
2021-10-23,Tablet,1
2021-10-24,Tablet,0
2021-10-25,Tablet,1
2021-10-26,Tablet,1
2021-10-27,Tablet,1
2021-10-28,Tablet,1
2021-10-29,Tablet,0
2021-10-30,Tablet,1
2021-10-31,Tablet,0
2021-11-01,Tablet,0
2021-11-02,Tablet,0
2021-11-03,Tablet,0
2021-11-04,Tablet,0
2021-11-05,Tablet,1
2021-11-06,Tablet,0
2021-11-07,Tablet,0
2021-11-08,Tablet,1
2021-11-09,Tablet,0
2021-11-10,Tablet,3
2021-11-11,Tablet,0
2021-11-12,Tablet,1
2021-11-13,Tablet,1
2021-11-14,Tablet,1
2021-11-15,Tablet,1
2021-11-16,Tablet,0
2021-11-17,Tablet,1
2021-11-18,Tablet,0
2021-11-19,Tablet,0
2021-11-20,Tablet,0
2021-11-21,Tablet,0
2021-11-22,Tablet,0
2021-11-23,Tablet,1
2021-11-24,Tablet,1
2021-11-25,Tablet,0
2021-11-26,Tablet,1
2021-11-27,Tablet,0
2021-11-28,Tablet,0
2021-11-29,Tablet,0
2021-11-30,Tablet,0
2021-12-01,Tablet,1
2021-12-02,Tablet,0
2021-12-03,Tablet,0
2021-12-04,Tablet,0
2021-12-05,Tablet,0
2021-12-06,Tablet,0
2021-12-07,Tablet,0
2021-12-08,Tablet,0
2021-12-09,Tablet,1
2021-12-10,Tablet,0
2021-12-11,Tablet,0
2021-12-12,Tablet,0
2021-12-13,Tablet,0
2021-12-14,Tablet,0
2021-12-15,Tablet,0
2021-12-16,Tablet,0
2021-12-17,Tablet,0
2021-12-18,Tablet,0
2021-12-19,Tablet,1
2021-12-20,Tablet,0
2021-12-21,Tablet,0
2021-12-22,Tablet,0
2021-12-23,Tablet,2
2021-12-24,Tablet,0
2021-12-25,Tablet,0
2021-12-26,Tablet,0
2021-12-27,Tablet,0
2021-12-28,Tablet,0
2021-12-29,Tablet,1
2021-12-30,Tablet,0
2021-12-31,Tablet,0
2022-01-01,Tablet,0
2022-01-02,Tablet,1
2022-01-03,Tablet,0
2022-01-04,Tablet,0
2022-01-05,Tablet,0
2022-01-06,Tablet,1
2022-01-07,Tablet,0
2022-01-08,Tablet,0
2022-01-09,Tablet,0
2022-01-10,Tablet,0
2022-01-11,Tablet,0
2022-01-12,Tablet,0
2022-01-13,Tablet,1
2022-01-14,Tablet,2
2022-01-15,Tablet,0
2022-01-16,Tablet,0
2022-01-17,Tablet,0
2022-01-18,Tablet,0
2022-01-19,Tablet,0
2022-01-20,Tablet,2
2022-01-21,Tablet,1
2022-01-22,Tablet,0
2022-01-23,Tablet,0
2022-01-24,Tablet,0
2022-01-25,Tablet,0
2022-01-26,Tablet,2
2022-01-27,Tablet,0
2022-01-28,Tablet,0
2022-01-29,Tablet,0
2022-01-30,Tablet,0
2022-01-31,Tablet,1
2022-02-01,Tablet,0
2022-02-02,Tablet,0
2022-02-03,Tablet,0
2022-02-04,Tablet,0
2022-02-05,Tablet,0
2022-02-06,Tablet,0
2022-02-07,Tablet,0
2022-02-08,Tablet,0
2022-02-09,Tablet,0
2022-02-10,Tablet,2
2022-02-11,Tablet,0
2022-02-12,Tablet,1
2022-02-13,Tablet,0
2022-02-14,Tablet,0
2022-02-15,Tablet,1
2022-02-16,Tablet,0
2022-02-17,Tablet,0
2022-02-18,Tablet,0
2022-02-19,Tablet,1
2022-02-20,Tablet,1
2022-02-21,Tablet,0
2022-02-22,Tablet,0
2022-02-23,Tablet,0
2022-02-24,Tablet,1
2022-02-25,Tablet,0
2022-02-26,Tablet,1
2022-02-27,Tablet,0
2022-02-28,Tablet,0
2022-03-01,Tablet,0
2022-03-02,Tablet,2
2022-03-03,Tablet,0
2022-03-04,Tablet,1
2022-03-05,Tablet,3
2022-03-06,Tablet,0
2022-03-07,Tablet,1
2022-03-08,Tablet,0
2022-03-09,Tablet,0
2022-03-10,Tablet,0
2022-03-11,Tablet,1
2022-03-12,Tablet,0
2022-03-13,Tablet,0
2022-03-14,Tablet,0
2022-03-15,Tablet,0
2022-03-16,Tablet,0
2022-03-17,Tablet,0
2022-03-18,Tablet,0
2022-03-19,Tablet,0
2022-03-20,Tablet,0
2022-03-21,Tablet,2
2022-03-22,Tablet,0
2022-03-23,Tablet,3
2022-03-24,Tablet,0
2022-03-25,Tablet,0
2022-03-26,Tablet,0
2022-03-27,Tablet,1
2022-03-28,Tablet,1
2022-03-29,Tablet,1
2022-03-30,Tablet,1
2022-03-31,Tablet,3
2022-04-01,Tablet,1
2022-04-02,Tablet,0
2022-04-03,Tablet,0
2022-04-04,Tablet,0
2022-04-05,Tablet,0
2022-04-06,Tablet,2
2022-04-07,Tablet,0
2022-04-08,Tablet,1
2022-04-09,Tablet,0
2022-04-10,Tablet,1
2022-04-11,Tablet,1
2022-04-12,Tablet,1
2022-04-13,Tablet,0
2022-04-14,Tablet,0
2022-04-15,Tablet,0
2022-04-16,Tablet,0
2022-04-17,Tablet,0
2022-04-18,Tablet,0
2022-04-19,Tablet,2
2022-04-20,Tablet,1
2022-04-21,Tablet,0
2022-04-22,Tablet,0
2022-04-23,Tablet,1
2022-04-24,Tablet,1
2022-04-25,Tablet,0
2022-04-26,Tablet,0
2022-04-27,Tablet,0
2022-04-28,Tablet,0
2022-04-29,Tablet,0
2022-04-30,Tablet,0
2022-05-01,Tablet,0
2022-05-02,Tablet,0
2022-05-03,Tablet,0
2022-05-04,Tablet,1
2022-05-05,Tablet,0
2022-05-06,Tablet,0
2022-05-07,Tablet,1
2022-05-08,Tablet,0
2022-05-09,Tablet,0
2022-05-10,Tablet,0
2022-05-11,Tablet,0
2022-05-12,Tablet,0
2022-05-13,Tablet,1
2022-05-14,Tablet,1
2022-05-15,Tablet,0
2022-05-16,Tablet,0
2022-05-17,Tablet,0
2022-05-18,Tablet,0
2022-05-19,Tablet,0
2022-05-20,Tablet,0
2022-05-21,Tablet,0
2022-05-22,Tablet,0
2022-05-23,Tablet,0
2022-05-24,Tablet,0
2022-05-25,Tablet,0
2022-05-26,Tablet,0
2022-05-27,Tablet,0
2022-05-28,Tablet,0
2022-05-29,Tablet,0
2022-05-30,Tablet,0
2022-05-31,Tablet,0
2022-06-01,Tablet,0
2022-06-02,Tablet,0
2022-06-03,Tablet,0
2022-06-04,Tablet,0
2022-06-05,Tablet,0
2022-06-06,Tablet,1
2022-06-07,Tablet,0
2022-06-08,Tablet,0
2022-06-09,Tablet,0
2022-06-10,Tablet,1
2022-06-11,Tablet,0
2022-06-12,Tablet,0
2022-06-13,Tablet,1
2022-06-14,Tablet,0
2022-06-15,Tablet,0
2022-06-16,Tablet,1
2022-06-17,Tablet,0
2022-06-18,Tablet,1
2022-06-19,Tablet,0
2022-06-20,Tablet,1
2022-06-21,Tablet,0
2022-06-22,Tablet,1
2022-06-23,Tablet,0
2022-06-24,Tablet,1
2022-06-25,Tablet,0
2022-06-26,Tablet,0
2022-06-27,Tablet,0
2022-06-28,Tablet,1
2022-06-29,Tablet,0
2022-06-30,Tablet,0
2022-07-01,Tablet,1
2022-07-02,Tablet,1
2022-07-03,Tablet,0
2022-07-04,Tablet,0
2022-07-05,Tablet,0
2022-07-06,Tablet,1
2022-07-07,Tablet,1
2022-07-08,Tablet,0
2022-07-09,Tablet,1
2022-07-10,Tablet,1
2022-07-11,Tablet,0
2022-07-12,Tablet,0
2022-07-13,Tablet,0
2022-07-14,Tablet,0
2022-07-15,Tablet,0
2022-07-16,Tablet,0
2022-07-17,Tablet,0
2022-07-18,Tablet,0
2022-07-19,Tablet,0
2022-07-20,Tablet,0
2022-07-21,Tablet,0
2022-07-22,Tablet,1
2022-07-23,Tablet,0
2022-07-24,Tablet,1
2022-07-25,Tablet,0
2022-07-26,Tablet,0
2022-07-27,Tablet,0
2022-07-28,Tablet,0
2022-07-29,Tablet,1
2022-07-30,Tablet,0
2022-07-31,Tablet,0
2022-08-01,Tablet,0
2022-08-02,Tablet,0
2022-08-03,Tablet,0
2022-08-04,Tablet,0
2022-08-05,Tablet,1
2022-08-06,Tablet,0
2022-08-07,Tablet,0
2022-08-08,Tablet,0
2022-08-09,Tablet,0
2022-08-10,Tablet,0
2022-08-11,Tablet,1
2022-08-12,Tablet,0
2022-08-13,Tablet,0
2022-08-14,Tablet,0
2022-08-15,Tablet,0
2022-08-16,Tablet,0
2022-08-17,Tablet,0
2022-08-18,Tablet,1
2022-08-19,Tablet,0
2022-08-20,Tablet,1
2022-08-21,Tablet,0
2022-08-22,Tablet,0
2022-08-23,Tablet,0
2022-08-24,Tablet,1
2022-08-25,Tablet,0
2022-08-26,Tablet,0
2022-08-27,Tablet,1
2022-08-28,Tablet,0
2022-08-29,Tablet,0
2022-08-30,Tablet,0
2022-08-31,Tablet,0
2022-09-01,Tablet,1
2022-09-02,Tablet,0
2022-09-03,Tablet,0
2022-09-04,Tablet,1
2022-09-05,Tablet,0
2022-09-06,Tablet,0
2022-09-07,Tablet,0
2022-09-08,Tablet,1
2022-09-09,Tablet,0
2022-09-10,Tablet,1
2022-09-11,Tablet,0
2022-09-12,Tablet,0
2022-09-13,Tablet,0
2022-09-14,Tablet,1
2022-09-15,Tablet,1
2022-09-16,Tablet,0
2022-09-17,Tablet,0
2022-09-18,Tablet,0
2022-09-19,Tablet,0
2022-09-20,Tablet,1
2022-09-21,Tablet,0
2022-09-22,Tablet,3
2022-09-23,Tablet,0
2022-09-24,Tablet,0
2022-09-25,Tablet,0
2022-09-26,Tablet,0
2022-09-27,Tablet,0
2022-09-28,Tablet,0
2022-09-29,Tablet,0
2022-09-30,Tablet,1
2022-10-01,Tablet,1
2022-10-02,Tablet,0
2022-10-03,Tablet,0
2022-10-04,Tablet,0
2022-10-05,Tablet,0
2022-10-06,Tablet,0
2022-10-07,Tablet,1
2022-10-08,Tablet,0
2022-10-09,Tablet,0
2022-10-10,Tablet,2
2022-10-11,Tablet,0
2022-10-12,Tablet,0
2022-10-13,Tablet,0
2022-10-14,Tablet,1
2022-10-15,Tablet,2
2022-10-16,Tablet,0
2022-10-17,Tablet,0
2022-10-18,Tablet,0
2022-10-19,Tablet,0
2022-10-20,Tablet,0
2022-10-21,Tablet,0
2022-10-22,Tablet,0
2022-10-23,Tablet,0
2022-10-24,Tablet,0
2022-10-25,Tablet,0
2022-10-26,Tablet,0
2022-10-27,Tablet,0
2022-10-28,Tablet,0
2022-10-29,Tablet,1
2022-10-30,Tablet,0
