Fuente de tráfico,Visualizaciones,Tiempo de visualización (horas),Duración media de las visualizaciones,Impresiones,Porcentaje de clics de las impresiones (%)
Total,986,7.2706,0:00:26,25137,1.6
Búsqueda de YouTube,224,1.6921,0:00:27,6025,2.01
Feed de Shorts,219,0.9431,0:00:15,,
Funciones de exploración,195,1.2768,0:00:23,8241,1.09
Vídeos sugeridos,176,1.15,0:00:23,5604,2.89
Páginas de canal,81,1.6178,0:01:11,5064,0.51
Fuentes externas,41,0.2719,0:00:23,,
Notificaciones,23,0.2131,0:00:33,,
Directa o desconocida,12,0.031,0:00:09,,
Otras funciones de YouTube,10,0.0422,0:00:15,,
Listas de reproducción,4,0.0275,0:00:24,113,1.77
Página de lista de reproducción,1,0.005,0:00:18,90,1.11
