Fuente de tráfico,Visualizaciones,Tiempo de visualización (horas),Duración media de las visualizaciones,Impresiones,Porcentaje de clics de las impresiones (%)
Total,13756,424.2588,0:01:51,581541,0.87
Funciones de exploración,12115,322.3533,0:01:35,546526,0.8
Vídeos sugeridos,340,17.2027,0:03:02,12485,1.73
Páginas de canal,282,22.1164,0:04:42,10853,2.1
Fuentes externas,211,9.1782,0:02:36,,
Búsqueda de YouTube,160,12.7397,0:04:46,3336,3.33
Notificaciones,157,9.2166,0:03:31,,
Listas de reproducción,148,10.7111,0:04:20,4003,2.3
Otras funciones de YouTube,126,9.1564,0:04:21,,
Directa o desconocida,124,6.5619,0:03:10,,
Página de lista de reproducción,67,3.9651,0:03:33,4338,1.22
Pantallas finales,24,0.9427,0:02:21,,
Tarjetas de vídeo y anotaciones,2,0.1146,0:03:26,,
