Fuente de tráfico,Visualizaciones,Tiempo de visualización (horas),Duración media de las visualizaciones,Impresiones,Porcentaje de clics de las impresiones (%)
Total,637,2.7719,0:00:15,13382,1.06
Feed de Shorts,319,1.1796,0:00:13,,
Funciones de exploración,143,0.6876,0:00:17,5888,0.99
Páginas de canal,79,0.4262,0:00:19,4621,0.56
Vídeos sugeridos,64,0.3188,0:00:17,2548,2.24
Directa o desconocida,11,0.0461,0:00:15,,
Notificaciones,10,0.0667,0:00:24,,
Búsqueda de YouTube,4,0.015,0:00:13,208,0.48
Otras funciones de YouTube,4,0.0079,0:00:07,,
Fuentes externas,1,0.0094,0:00:34,,
Listas de reproducción,1,0.0094,0:00:33,58,0
Pantallas finales,1,0.0051,0:00:18,,
Página de lista de reproducción,,,,59,0
