Fuente de tráfico,Visualizaciones,Tiempo de visualización (horas),Duración media de las visualizaciones,Impresiones,Porcentaje de clics de las impresiones (%)
Total,4034,357.6949,0:05:19,81427,2.32
Funciones de exploración,1675,135.0073,0:04:50,46474,1.77
Páginas de canal,802,64.8555,0:04:51,11915,2.94
Vídeos sugeridos,506,56.4539,0:06:41,13789,2.78
Búsqueda de YouTube,375,37.1122,0:05:56,7484,4.04
Notificaciones,202,15.9922,0:04:45,,
Fuentes externas,168,14.4847,0:05:10,,
Directa o desconocida,135,11.3895,0:05:03,,
Otras funciones de YouTube,80,13.1204,0:09:50,,
Pantallas finales,36,4.6571,0:07:45,,
Listas de reproducción,29,1.9597,0:04:03,1085,1.84
Página de lista de reproducción,25,2.6588,0:06:22,680,2.35
Tarjetas de vídeo y anotaciones,1,0.0036,0:00:13,,
