Fuente de tráfico,Visualizaciones,Tiempo de visualización (horas),Duración media de las visualizaciones,Impresiones,Porcentaje de clics de las impresiones (%)
Total,1609,70.5007,0:02:37,27635,2.91
Funciones de exploración,601,24.2107,0:02:25,13311,2.32
Búsqueda de YouTube,383,15.8118,0:02:28,4695,7.18
Notificaciones,208,9.0021,0:02:35,,
Páginas de canal,125,6.2741,0:03:00,6351,1.37
Vídeos sugeridos,95,6.1409,0:03:52,1379,3.19
Fuentes externas,75,3.7122,0:02:58,,
Otras funciones de YouTube,40,1.9498,0:02:55,,
Listas de reproducción,39,1.5963,0:02:27,1352,1.85
Directa o desconocida,26,0.9721,0:02:14,,
Página de lista de reproducción,7,0.06,0:00:30,547,0.55
Pantallas finales,6,0.3686,0:03:41,,
Tarjetas de vídeo y anotaciones,4,0.4022,0:06:01,,
