Fuente de tráfico,Visualizaciones,Tiempo de visualización (horas),Duración media de las visualizaciones,Impresiones,Porcentaje de clics de las impresiones (%)
Total,151522,5615.8666,0:02:13,7914266,0.71
Funciones de exploración,131107,3680.0951,0:01:41,7525692,0.59
Búsqueda de YouTube,10613,1006.9413,0:05:41,163683,5.09
Vídeos sugeridos,5018,532.7331,0:06:22,195341,1.85
Directa o desconocida,1544,106.7042,0:04:08,,
Otras funciones de YouTube,1485,140.273,0:05:40,,
Fuentes externas,744,53.9752,0:04:21,,
Listas de reproducción,285,18.2194,0:03:50,6045,1.54
Páginas de canal,279,35.6382,0:07:39,10336,2.2
Notificaciones,215,20.8794,0:05:49,,
Página de lista de reproducción,173,11.5815,0:04:01,13169,1.12
Pantallas finales,57,8.6591,0:09:06,,
Tarjetas de vídeo y anotaciones,2,0.1671,0:05:00,,
