Fuente de tráfico,Visualizaciones,Tiempo de visualización (horas),Duración media de las visualizaciones,Impresiones,Porcentaje de clics de las impresiones (%)
Total,2475,131.3804,0:03:11,87214,1.23
Funciones de exploración,1600,75.8308,0:02:50,67639,1.03
Notificaciones,186,12.584,0:04:03,,
Páginas de canal,157,11.3449,0:04:20,9808,1.38
Búsqueda de YouTube,148,9.8376,0:03:59,4124,2.79
Vídeos sugeridos,131,8.5383,0:03:54,3482,2.79
Fuentes externas,96,4.4908,0:02:48,,
Listas de reproducción,43,1.838,0:02:33,1464,1.3
Directa o desconocida,34,1.4355,0:02:31,,
Otras funciones de YouTube,34,2.0016,0:03:31,,
Pantallas finales,25,2.4832,0:05:57,,
Tarjetas de vídeo y anotaciones,13,0.1127,0:00:31,,
Página de lista de reproducción,8,0.883,0:06:37,697,1.15
