Ciudades,Nombre de la ciudad,Visualizaciones,Tiempo de visualización (horas),Duración media de las visualizaciones
Total,,13756,424.2588,0:01:51
0x9105c5f619ee3ec7:0x14206cb9cc452e4a,Lima,1170,32.2455,0:01:39
0x85ce0026db097507:0x54061076265ee841,Ciudad de México,393,11.2528,0:01:43
0x8e3f9bfd2da6cb29:0x239d635520a33914,Bogotá,302,8.315,0:01:39
0x915edf0a04f5a40f:0x57dbfc76b4458ab3,La Paz,121,2.862,0:01:25
0x9662c5410425af2f:0x8475d53c400f0931,Santiago,104,3.0696,0:01:46
0x902d13cbe855805f:0x8015a492f4fca473,Guayaquil,101,2.1141,0:01:15
0x93f1e81ca7c01a63:0x5c8b0a53a467611b,Santa Cruz de la Sierra,94,1.6874,0:01:04
0x8eaf89f1107ea5ab:0xd6c587b82715c164,Santo Domingo,91,2.017,0:01:19
0x91d59a4002427c9f:0x44b991e158ef5572,Quito,81,1.5843,0:01:10
0x8589a180655c3345:0x4a72c7815b867b25,Ciudad de Guatemala,76,1.262,0:00:59
0x91ad3d7fe3fae92d:0xd3bc7d125d4e8508,Trujillo,50,1.0523,0:01:15
0x8f71560dd907880b:0x6c5ef4a2144f4c6a,Managua,37,1.0957,0:01:46
0x8c2a58adcd824807:0x93dd2eae0a998483,Caracas,32,1.5304,0:02:52
0x95bcca3b4ef90cbd:0xa0b3812e88e88e87,Buenos Aires,30,1.0363,0:02:04
0x8faca8f1dbe80363:0xaba25df1f042c10e,Panamá,25,0.6407,0:01:32
0x311d6032280d61f3:0x10100b25de24820,Bangkok,23,0.1741,0:00:27
0x8eaf86f1f07bf257:0x79a94f00155fb584,Santo Domingo Este,20,0.8681,0:02:36
0x8f633067b411775d:0x1f75978893fb5c96,San Salvador,20,0.3053,0:00:54
0x85d1f21c72f777a1:0x4cd4540a42b26680,Ecatepec de Morelos,15,0.3167,0:01:16
0x91424a487785b9b3:0xa3c4a612b9942036,Arequipa,15,0.8761,0:03:30
0x85cfc0bd5ebc7a3b:0x48a6461de494ad95,Heroica Puebla de Zaragoza,14,0.4587,0:01:57
0x8f56715cab450d17:0x5dfc155715abeb09,Mérida,14,0.3132,0:01:20
0x8428b18cb52fd39b:0xd63d9302bf865750,Guadalajara,13,0.2752,0:01:16
0x8f6337182189204d:0xbf7ef4556bd0bb44,Soyapango,12,0.0968,0:00:29
0x93e373e0d9e4ab27:0xa2719ae9532c3e65,Cochabamba,12,0.0621,0:00:18
0xd422997800a3c81:0xc436dec1618c2269,Madrid,12,0.295,0:01:28
0x317529292e8d3dd1:0xf15f5aad773c112b,Ciudad Ho Chi Minh (Saigón),10,0.0749,0:00:26
0x842bbeffd6e6e721:0x606d95ec61a54327,León,10,0.4266,0:02:33
0x8fa0e342c50d15c5:0xe6746a6a9f11b882,San José,10,0.2119,0:01:16
0x945da8076e69dbf5:0xaceb7a46bf1936c9,Asunción,0,0,
