Fuente de tráfico,Visualizaciones,Tiempo de visualización (horas),Duración media de las visualizaciones,Impresiones,Porcentaje de clics de las impresiones (%)
Total,3571,240.4057,0:04:02,111927,1.45
Funciones de exploración,2232,115.4943,0:03:06,88287,1.1
Vídeos sugeridos,371,36.8156,0:05:57,7324,3.7
Búsqueda de YouTube,279,25.5995,0:05:30,6091,3.63
Notificaciones,201,13.5286,0:04:02,,
Páginas de canal,157,16.3246,0:06:14,8415,1.56
Directa o desconocida,106,9.4432,0:05:20,,
Fuentes externas,92,9.4423,0:06:09,,
Otras funciones de YouTube,57,5.7859,0:06:05,,
Listas de reproducción,40,3.6539,0:05:28,1163,2.24
Pantallas finales,29,3.3811,0:06:59,,
Página de lista de reproducción,7,0.9367,0:08:01,647,0.62
