Ciudades,Nombre de la ciudad,Visualizaciones,Tiempo de visualización (horas),Duración media de las visualizaciones
Total,,6466,570.5199,0:05:17
0x9105c5f619ee3ec7:0x14206cb9cc452e4a,Lima,254,16.1555,0:03:48
0x3109513dc76a6be3:0x9c010ee85ab525bb,Nom Pen,104,1.4289,0:00:49
0x8e3f9bfd2da6cb29:0x239d635520a33914,Bogotá,78,7.4957,0:05:45
0x85ce0026db097507:0x54061076265ee841,Ciudad de México,55,4.6281,0:05:02
0x85cfc0bd5ebc7a3b:0x48a6461de494ad95,Heroica Puebla de Zaragoza,12,0.4969,0:02:29
0x915edf0a04f5a40f:0x57dbfc76b4458ab3,La Paz,12,0.7217,0:03:36
0x91d59a4002427c9f:0x44b991e158ef5572,Quito,11,0.6765,0:03:41
0x959f80ffc63bf7d3:0x6b321b2e355bec99,Montevideo,11,0.011,0:00:03
0x842aa20005acfb79:0xed2ee29afe18257,San Luis Potosí,0,0,
0x842ac1a6259587eb:0xfa67a16b73e15ed0,Villa de Reyes,0,0,
0x916dd5d826598431:0x2aa996cc2318315d,Cusco,0,0,
0x94dce35351cdb3dd:0x6d2f6ba5bacbe809,Curitiba,0,0,
0x9662c5410425af2f:0x8475d53c400f0931,Santiago,0,0,
