Ciudades,Nombre de la ciudad,Visualizaciones,Tiempo de visualización (horas),Duración media de las visualizaciones
Total,,41179,1429.967,0:02:05
0x9105c5f619ee3ec7:0x14206cb9cc452e4a,Lima,1485,49.8854,0:02:00
0x8e3f9bfd2da6cb29:0x239d635520a33914,Bogotá,78,2.5058,0:01:55
0x85ce0026db097507:0x54061076265ee841,Ciudad de México,20,0.6824,0:02:02
0x8428b18cb52fd39b:0xd63d9302bf865750,Guadalajara,0,0,
0x8e38c491115f4d5f:0xe0cae43859d2401e,Ibagué,0,0,
0x8ef42d44d12ae605:0x2633844581b917b2,Barranquilla,0,0,
0x904ceeb7e64db45b:0x564189ba6d8546e8,José Leonardo Ortiz,0,0,
0x910e964104fb82f1:0xf8e45b61c55982fa,Huancayo,0,0,
0x916d2bc7ff979013:0x7622e6cfe777add5,Andahuaylas,0,0,
0x91ad3d7fe3fae92d:0xd3bc7d125d4e8508,Trujillo,0,0,
0x945da8076e69dbf5:0xaceb7a46bf1936c9,Asunción,0,0,
0x95a32e38e45f5777:0x6a86dac21334524f,Quilmes,0,0,
0x95bcce76604543e7:0x6d080d87c13cc6eb,Ingeniero Budge,0,0,
0x95bf0deaa538bdeb:0x9d21f4202189f16c,9 de Julio,0,0,
