Fuente de tráfico,Visualizaciones,Tiempo de visualización (horas),Duración media de las visualizaciones,Impresiones,Porcentaje de clics de las impresiones (%)
Total,1881,111.3451,0:03:33,64399,1.26
Funciones de exploración,1111,52.2005,0:02:49,49947,0.97
Notificaciones,156,9.6254,0:03:42,,
Páginas de canal,144,13.7936,0:05:44,6547,1.76
Vídeos sugeridos,139,13.9755,0:06:01,3233,2.94
Búsqueda de YouTube,125,9.2624,0:04:26,3557,3.04
Fuentes externas,76,3.1399,0:02:28,,
Directa o desconocida,52,2.882,0:03:19,,
Otras funciones de YouTube,36,3.9991,0:06:39,,
Listas de reproducción,27,1.4612,0:03:14,719,1.11
Página de lista de reproducción,9,0.3653,0:02:26,396,1.01
Pantallas finales,6,0.6401,0:06:24,,
