Fuente de tráfico,Visualizaciones,Tiempo de visualización (horas),Duración media de las visualizaciones,Impresiones,Porcentaje de clics de las impresiones (%)
Total,2390,170.4774,0:04:16,79546,1.53
Funciones de exploración,1251,79.1634,0:03:47,52920,1.14
Búsqueda de YouTube,271,17.8959,0:03:57,5453,4.11
Vídeos sugeridos,227,18.7034,0:04:56,6163,2.77
Notificaciones,211,14.7644,0:04:11,,
Páginas de canal,159,16.6695,0:06:17,9662,1.29
Listas de reproducción,104,8.691,0:05:00,3589,1.73
Fuentes externas,53,3.3837,0:03:49,,
Directa o desconocida,48,4.5199,0:05:38,,
Página de lista de reproducción,36,2.6744,0:04:27,1759,1.76
Otras funciones de YouTube,30,4.0119,0:08:01,,
