Fuente de tráfico,Visualizaciones,Tiempo de visualización (horas),Duración media de las visualizaciones,Impresiones,Porcentaje de clics de las impresiones (%)
Total,1867,84.2964,0:02:42,70943,1.11
Funciones de exploración,1179,47.9024,0:02:26,55300,1.06
Notificaciones,218,11.6338,0:03:12,,
Vídeos sugeridos,117,6.4182,0:03:17,3596,1.86
Páginas de canal,105,5.3767,0:03:04,7292,1
Fuentes externas,78,3.226,0:02:28,,
Directa o desconocida,48,1.2541,0:01:34,,
Búsqueda de YouTube,43,2.7725,0:03:52,1242,2.58
Listas de reproducción,31,1.7885,0:03:27,2260,0.8
Otras funciones de YouTube,26,2.2956,0:05:17,,
Pantallas finales,12,0.7941,0:03:58,,
Página de lista de reproducción,10,0.8345,0:05:00,1253,0.72
