Fuente de tráfico,Visualizaciones,Tiempo de visualización (horas),Duración media de las visualizaciones,Impresiones,Porcentaje de clics de las impresiones (%)
Total,951,41.2375,0:02:36,31688,1.13
Funciones de exploración,541,20.8889,0:02:19,23380,0.97
Notificaciones,167,9.1489,0:03:17,,
Páginas de canal,109,4.2375,0:02:19,6147,1.11
Búsqueda de YouTube,52,1.9008,0:02:11,1388,3.17
Directa o desconocida,23,0.7421,0:01:56,,
Página de lista de reproducción,16,1.5169,0:05:41,90,15.56
Otras funciones de YouTube,13,0.8108,0:03:44,,
Vídeos sugeridos,11,0.3725,0:02:01,597,0.84
Tarjetas de vídeo y anotaciones,7,1.0373,0:08:53,,
Fuentes externas,5,0.1771,0:02:07,,
Pantallas finales,4,0.1008,0:01:30,,
Listas de reproducción,3,0.304,0:06:04,86,1.16
