Fuente de tráfico,Visualizaciones,Tiempo de visualización (horas),Duración media de las visualizaciones,Impresiones,Porcentaje de clics de las impresiones (%)
Total,3381,203.4507,0:03:36,148209,0.93
Funciones de exploración,2379,105.1081,0:02:39,131549,0.72
Vídeos sugeridos,194,20.9494,0:06:28,4495,3.11
Páginas de canal,176,22.2413,0:07:34,6599,2.17
Notificaciones,172,13.2637,0:04:37,,
Búsqueda de YouTube,149,13.8958,0:05:35,3651,3.26
Fuentes externas,127,9.0883,0:04:17,,
Directa o desconocida,97,5.8811,0:03:38,,
Otras funciones de YouTube,39,7.3858,0:11:21,,
Listas de reproducción,27,2.3496,0:05:13,1228,1.38
Página de lista de reproducción,11,1.3689,0:07:27,687,1.31
Pantallas finales,10,1.9188,0:11:30,,
