Fuente de tráfico,Visualizaciones,Tiempo de visualización (horas),Duración media de las visualizaciones,Impresiones,Porcentaje de clics de las impresiones (%)
Total,1377,47.2637,0:02:03,40883,1.55
Funciones de exploración,519,11.516,0:01:19,27024,0.62
Búsqueda de YouTube,455,18.1885,0:02:23,5712,6.65
Notificaciones,172,9.647,0:03:21,,
Fuentes externas,79,3.1013,0:02:21,,
Páginas de canal,72,1.3808,0:01:09,6796,0.91
Directa o desconocida,28,0.4403,0:00:56,,
Vídeos sugeridos,26,1.521,0:03:30,1044,1.63
Listas de reproducción,10,0.5635,0:03:22,158,2.53
Otras funciones de YouTube,6,0.139,0:01:23,,
Página de lista de reproducción,4,0.7031,0:10:32,149,2.68
Pantallas finales,4,0.0588,0:00:52,,
Tarjetas de vídeo y anotaciones,2,0.0045,0:00:08,,
