Ciudades,Nombre de la ciudad,Visualizaciones,Tiempo de visualización (horas),Duración media de las visualizaciones
Total,,4511,238.5745,0:03:10
0x9105c5f619ee3ec7:0x14206cb9cc452e4a,Lima,280,15.7626,0:03:22
0x85ce0026db097507:0x54061076265ee841,Ciudad de México,96,5.0896,0:03:10
0x8e3f9bfd2da6cb29:0x239d635520a33914,Bogotá,59,2.6618,0:02:42
0x2e69f3e945e34b9d:0x5371bf0fdad786a2,Yakarta,22,0.7638,0:02:04
0x915edf0a04f5a40f:0x57dbfc76b4458ab3,La Paz,12,0.5963,0:02:58
0x91ad3d7fe3fae92d:0xd3bc7d125d4e8508,Trujillo,12,0.3688,0:01:50
