Fuente de tráfico,Visualizaciones,Tiempo de visualización (horas),Duración media de las visualizaciones,Impresiones,Porcentaje de clics de las impresiones (%)
Total,2181,113.9934,0:03:08,35105,3.59
Búsqueda de YouTube,855,40.2103,0:02:49,6683,10.73
Funciones de exploración,600,31.5267,0:03:09,15295,2.39
Fuentes externas,295,15.2854,0:03:06,,
Páginas de canal,126,7.6787,0:03:39,9909,1.03
Notificaciones,122,8.2246,0:04:02,,
Vídeos sugeridos,107,6.5748,0:03:41,3109,2.41
Directa o desconocida,34,0.9299,0:01:38,,
Otras funciones de YouTube,32,2.6992,0:05:03,,
Listas de reproducción,6,0.6988,0:06:59,50,2
Página de lista de reproducción,2,0.1031,0:03:05,59,1.69
Pantallas finales,2,0.0619,0:01:51,,
