Fuente de tráfico,Visualizaciones,Tiempo de visualización (horas),Duración media de las visualizaciones,Impresiones,Porcentaje de clics de las impresiones (%)
Total,2099,59.92,0:01:42,26470,3.66
Búsqueda de YouTube,931,28.2528,0:01:49,7526,10.2
Fuentes externas,530,16.278,0:01:50,,
Funciones de exploración,344,6.651,0:01:09,12104,1.1
Notificaciones,157,4.4904,0:01:42,,
Páginas de canal,49,1.3223,0:01:37,5867,0.73
Directa o desconocida,47,1.1576,0:01:28,,
Vídeos sugeridos,24,0.963,0:02:24,921,2.39
Otras funciones de YouTube,11,0.5826,0:03:10,,
Listas de reproducción,4,0.1549,0:02:19,32,6.25
Página de lista de reproducción,2,0.0675,0:02:01,20,10
