Fuente de tráfico,Visualizaciones,Tiempo de visualización (horas),Duración media de las visualizaciones,Impresiones,Porcentaje de clics de las impresiones (%)
Total,2948,222.2494,0:04:31,90605,1.54
Funciones de exploración,1391,93.0745,0:04:00,46933,1.41
Vídeos sugeridos,596,51.3083,0:05:09,29868,1.51
Páginas de canal,315,25.0427,0:04:46,10098,1.61
Notificaciones,196,14.6044,0:04:28,,
Fuentes externas,145,10.2378,0:04:14,,
Búsqueda de YouTube,108,7.6393,0:04:14,1920,4.32
Directa o desconocida,99,9.4674,0:05:44,,
Listas de reproducción,37,3.9451,0:06:23,1119,2.14
Otras funciones de YouTube,28,3.0964,0:06:38,,
Pantallas finales,22,2.6642,0:07:15,,
Página de lista de reproducción,11,1.1692,0:06:22,667,1.2
