Fecha,Tipo de dispositivo,Visualizaciones
2021-11-18,Ordenador,0
2021-11-19,Ordenador,0
2021-11-20,Ordenador,0
2021-11-21,Ordenador,0
2021-11-22,Ordenador,0
2021-11-23,Ordenador,0
2021-11-24,Ordenador,0
2021-11-25,Ordenador,0
2021-11-26,Ordenador,0
2021-11-27,Ordenador,0
2021-11-28,Ordenador,0
2021-11-29,Ordenador,0
2021-11-30,Ordenador,0
2021-12-01,Ordenador,0
2021-12-02,Ordenador,109
2021-12-03,Ordenador,139
2021-12-04,Ordenador,96
2021-12-05,Ordenador,74
2021-12-06,Ordenador,75
2021-12-07,Ordenador,55
2021-12-08,Ordenador,42
2021-12-09,Ordenador,58
2021-12-10,Ordenador,74
2021-12-11,Ordenador,77
2021-12-12,Ordenador,156
2021-12-13,Ordenador,215
2021-12-14,Ordenador,155
2021-12-15,Ordenador,91
2021-12-16,Ordenador,71
2021-12-17,Ordenador,16
2021-12-18,Ordenador,23
2021-12-19,Ordenador,1
2021-12-20,Ordenador,7
2021-12-21,Ordenador,6
2021-12-22,Ordenador,5
2021-12-23,Ordenador,2
2021-12-24,Ordenador,1
2021-12-25,Ordenador,3
2021-12-26,Ordenador,0
2021-12-27,Ordenador,0
2021-12-28,Ordenador,7
2021-12-29,Ordenador,4
2021-12-30,Ordenador,6
2021-12-31,Ordenador,3
2022-01-01,Ordenador,4
2022-01-02,Ordenador,3
2022-01-03,Ordenador,3
2022-01-04,Ordenador,1
2022-01-05,Ordenador,2
2022-01-06,Ordenador,2
2022-01-07,Ordenador,2
2022-01-08,Ordenador,3
2022-01-09,Ordenador,3
2022-01-10,Ordenador,5
2022-01-11,Ordenador,3
2022-01-12,Ordenador,0
2022-01-13,Ordenador,2
2022-01-14,Ordenador,0
2022-01-15,Ordenador,2
2022-01-16,Ordenador,1
2022-01-17,Ordenador,2
2022-01-18,Ordenador,1
2022-01-19,Ordenador,0
2022-01-20,Ordenador,1
2022-01-21,Ordenador,2
2022-01-22,Ordenador,3
2022-01-23,Ordenador,7
2022-01-24,Ordenador,6
2022-01-25,Ordenador,6
2022-01-26,Ordenador,11
2022-01-27,Ordenador,7
2022-01-28,Ordenador,9
2022-01-29,Ordenador,6
2022-01-30,Ordenador,4
2022-01-31,Ordenador,7
2022-02-01,Ordenador,2
2022-02-02,Ordenador,0
2022-02-03,Ordenador,11
2022-02-04,Ordenador,1
2022-02-05,Ordenador,3
2022-02-06,Ordenador,2
2022-02-07,Ordenador,2
2022-02-08,Ordenador,2
2022-02-09,Ordenador,2
2022-02-10,Ordenador,4
2022-02-11,Ordenador,4
2022-02-12,Ordenador,0
2022-02-13,Ordenador,2
2022-02-14,Ordenador,2
2022-02-15,Ordenador,3
2022-02-16,Ordenador,0
2022-02-17,Ordenador,3
2022-02-18,Ordenador,2
2022-02-19,Ordenador,2
2022-02-20,Ordenador,2
2022-02-21,Ordenador,3
2022-02-22,Ordenador,1
2022-02-23,Ordenador,2
2022-02-24,Ordenador,1
2022-02-25,Ordenador,1
2022-02-26,Ordenador,0
2022-02-27,Ordenador,3
2022-02-28,Ordenador,2
2022-03-01,Ordenador,1
2022-03-02,Ordenador,1
2022-03-03,Ordenador,1
2022-03-04,Ordenador,1
2022-03-05,Ordenador,0
2022-03-06,Ordenador,1
2022-03-07,Ordenador,0
2022-03-08,Ordenador,0
2022-03-09,Ordenador,0
2022-03-10,Ordenador,2
2022-03-11,Ordenador,0
2022-03-12,Ordenador,3
2022-03-13,Ordenador,2
2022-03-14,Ordenador,3
2022-03-15,Ordenador,2
2022-03-16,Ordenador,5
2022-03-17,Ordenador,0
2022-03-18,Ordenador,2
2022-03-19,Ordenador,2
2022-03-20,Ordenador,0
2022-03-21,Ordenador,5
2022-03-22,Ordenador,0
2022-03-23,Ordenador,3
2022-03-24,Ordenador,2
2022-03-25,Ordenador,0
2022-03-26,Ordenador,0
2022-03-27,Ordenador,1
2022-03-28,Ordenador,1
2022-03-29,Ordenador,0
2022-03-30,Ordenador,0
2022-03-31,Ordenador,2
2022-04-01,Ordenador,1
2022-04-02,Ordenador,1
2022-04-03,Ordenador,0
2022-04-04,Ordenador,1
2022-04-05,Ordenador,1
2022-04-06,Ordenador,0
2022-04-07,Ordenador,0
2022-04-08,Ordenador,1
2022-04-09,Ordenador,0
2022-04-10,Ordenador,0
2022-04-11,Ordenador,0
2022-04-12,Ordenador,0
2022-04-13,Ordenador,0
2022-04-14,Ordenador,1
2022-04-15,Ordenador,2
2022-04-16,Ordenador,0
2022-04-17,Ordenador,0
2022-04-18,Ordenador,3
2022-04-19,Ordenador,0
2022-04-20,Ordenador,1
2022-04-21,Ordenador,2
2022-04-22,Ordenador,0
2022-04-23,Ordenador,2
2022-04-24,Ordenador,1
2022-04-25,Ordenador,0
2022-04-26,Ordenador,1
2022-04-27,Ordenador,2
2022-04-28,Ordenador,2
2022-04-29,Ordenador,0
2022-04-30,Ordenador,0
2022-05-01,Ordenador,1
2022-05-02,Ordenador,2
2022-05-03,Ordenador,1
2022-05-04,Ordenador,0
2022-05-05,Ordenador,3
2022-05-06,Ordenador,1
2022-05-07,Ordenador,1
2022-05-08,Ordenador,1
2022-05-09,Ordenador,1
2022-05-10,Ordenador,0
2022-05-11,Ordenador,0
2022-05-12,Ordenador,2
2022-05-13,Ordenador,2
2022-05-14,Ordenador,0
2022-05-15,Ordenador,0
2022-05-16,Ordenador,0
2022-05-17,Ordenador,0
2022-05-18,Ordenador,2
2022-05-19,Ordenador,0
2022-05-20,Ordenador,2
2022-05-21,Ordenador,1
2022-05-22,Ordenador,1
2022-05-23,Ordenador,1
2022-05-24,Ordenador,1
2022-05-25,Ordenador,0
2022-05-26,Ordenador,1
2022-05-27,Ordenador,0
2022-05-28,Ordenador,0
2022-05-29,Ordenador,0
2022-05-30,Ordenador,4
2022-05-31,Ordenador,1
2022-06-01,Ordenador,0
2022-06-02,Ordenador,0
2022-06-03,Ordenador,2
2022-06-04,Ordenador,1
2022-06-05,Ordenador,1
2022-06-06,Ordenador,0
2022-06-07,Ordenador,1
2022-06-08,Ordenador,0
2022-06-09,Ordenador,3
2022-06-10,Ordenador,0
2022-06-11,Ordenador,0
2022-06-12,Ordenador,0
2022-06-13,Ordenador,0
2022-06-14,Ordenador,2
2022-06-15,Ordenador,0
2022-06-16,Ordenador,1
2022-06-17,Ordenador,1
2022-06-18,Ordenador,1
2022-06-19,Ordenador,0
2022-06-20,Ordenador,3
2022-06-21,Ordenador,2
2022-06-22,Ordenador,0
2022-06-23,Ordenador,1
2022-06-24,Ordenador,0
2022-06-25,Ordenador,0
2022-06-26,Ordenador,0
2022-06-27,Ordenador,2
2022-06-28,Ordenador,0
2022-06-29,Ordenador,4
2022-06-30,Ordenador,1
2022-07-01,Ordenador,4
2022-07-02,Ordenador,2
2022-07-03,Ordenador,0
2022-07-04,Ordenador,0
2022-07-05,Ordenador,0
2022-07-06,Ordenador,3
2022-07-07,Ordenador,0
2022-07-08,Ordenador,1
2022-07-09,Ordenador,0
2022-07-10,Ordenador,1
2022-07-11,Ordenador,0
2022-07-12,Ordenador,0
2022-07-13,Ordenador,0
2022-07-14,Ordenador,0
2022-07-15,Ordenador,1
2022-07-16,Ordenador,0
2022-07-17,Ordenador,0
2022-07-18,Ordenador,0
2022-07-19,Ordenador,2
2022-07-20,Ordenador,2
2022-07-21,Ordenador,1
2022-07-22,Ordenador,0
2022-07-23,Ordenador,0
2022-07-24,Ordenador,0
2022-07-25,Ordenador,1
2022-07-26,Ordenador,1
2022-07-27,Ordenador,0
2022-07-28,Ordenador,2
2022-07-29,Ordenador,0
2022-07-30,Ordenador,0
2022-07-31,Ordenador,2
2022-08-01,Ordenador,0
2022-08-02,Ordenador,1
2022-08-03,Ordenador,0
2022-08-04,Ordenador,1
2022-08-05,Ordenador,0
2022-08-06,Ordenador,0
2022-08-07,Ordenador,0
2022-08-08,Ordenador,0
2022-08-09,Ordenador,0
2022-08-10,Ordenador,0
2022-08-11,Ordenador,1
2022-08-12,Ordenador,0
2022-08-13,Ordenador,2
2022-08-14,Ordenador,1
2022-08-15,Ordenador,1
2022-08-16,Ordenador,0
2022-08-17,Ordenador,0
2022-08-18,Ordenador,1
2022-08-19,Ordenador,0
2022-08-20,Ordenador,0
2022-08-21,Ordenador,0
2022-08-22,Ordenador,2
2022-08-23,Ordenador,1
2022-08-24,Ordenador,1
2022-08-25,Ordenador,1
2022-08-26,Ordenador,0
2022-08-27,Ordenador,1
2022-08-28,Ordenador,1
2022-08-29,Ordenador,0
2022-08-30,Ordenador,1
2022-08-31,Ordenador,0
2022-09-01,Ordenador,0
2022-09-02,Ordenador,0
2022-09-03,Ordenador,1
2022-09-04,Ordenador,0
2022-09-05,Ordenador,0
2022-09-06,Ordenador,0
2022-09-07,Ordenador,0
2022-09-08,Ordenador,0
2022-09-09,Ordenador,0
2022-09-10,Ordenador,0
2022-09-11,Ordenador,0
2022-09-12,Ordenador,2
2022-09-13,Ordenador,0
2022-09-14,Ordenador,0
2022-09-15,Ordenador,0
2022-09-16,Ordenador,0
2022-09-17,Ordenador,0
2022-09-18,Ordenador,1
2022-09-19,Ordenador,0
2022-09-20,Ordenador,2
2022-09-21,Ordenador,1
2022-09-22,Ordenador,1
2022-09-23,Ordenador,0
2022-09-24,Ordenador,0
2022-09-25,Ordenador,2
2022-09-26,Ordenador,0
2022-09-27,Ordenador,0
2022-09-28,Ordenador,1
2022-09-29,Ordenador,1
2022-09-30,Ordenador,3
2022-10-01,Ordenador,2
2022-10-02,Ordenador,0
2022-10-03,Ordenador,0
2022-10-04,Ordenador,1
2022-10-05,Ordenador,1
2022-10-06,Ordenador,0
2022-10-07,Ordenador,0
2022-10-08,Ordenador,1
2022-10-09,Ordenador,1
2022-10-10,Ordenador,0
2022-10-11,Ordenador,1
2021-11-18,TV,0
2021-11-19,TV,0
2021-11-20,TV,0
2021-11-21,TV,0
2021-11-22,TV,0
2021-11-23,TV,0
2021-11-24,TV,0
2021-11-25,TV,0
2021-11-26,TV,0
2021-11-27,TV,0
2021-11-28,TV,0
2021-11-29,TV,0
2021-11-30,TV,0
2021-12-01,TV,0
2021-12-02,TV,35
2021-12-03,TV,48
2021-12-04,TV,37
2021-12-05,TV,46
2021-12-06,TV,62
2021-12-07,TV,25
2021-12-08,TV,53
2021-12-09,TV,51
2021-12-10,TV,60
2021-12-11,TV,65
2021-12-12,TV,94
2021-12-13,TV,137
2021-12-14,TV,76
2021-12-15,TV,68
2021-12-16,TV,32
2021-12-17,TV,15
2021-12-18,TV,18
2021-12-19,TV,8
2021-12-20,TV,14
2021-12-21,TV,1
2021-12-22,TV,1
2021-12-23,TV,0
2021-12-24,TV,0
2021-12-25,TV,0
2021-12-26,TV,0
2021-12-27,TV,1
2021-12-28,TV,2
2021-12-29,TV,0
2021-12-30,TV,0
2021-12-31,TV,0
2022-01-01,TV,2
2022-01-02,TV,0
2022-01-03,TV,0
2022-01-04,TV,2
2022-01-05,TV,1
2022-01-06,TV,0
2022-01-07,TV,0
2022-01-08,TV,0
2022-01-09,TV,2
2022-01-10,TV,0
2022-01-11,TV,0
2022-01-12,TV,0
2022-01-13,TV,0
2022-01-14,TV,0
2022-01-15,TV,0
2022-01-16,TV,0
2022-01-17,TV,0
2022-01-18,TV,0
2022-01-19,TV,0
2022-01-20,TV,0
2022-01-21,TV,1
2022-01-22,TV,0
2022-01-23,TV,0
2022-01-24,TV,0
2022-01-25,TV,1
2022-01-26,TV,2
2022-01-27,TV,0
2022-01-28,TV,3
2022-01-29,TV,2
2022-01-30,TV,0
2022-01-31,TV,0
2022-02-01,TV,0
2022-02-02,TV,0
2022-02-03,TV,1
2022-02-04,TV,0
2022-02-05,TV,0
2022-02-06,TV,0
2022-02-07,TV,0
2022-02-08,TV,0
2022-02-09,TV,0
2022-02-10,TV,0
2022-02-11,TV,0
2022-02-12,TV,0
2022-02-13,TV,0
2022-02-14,TV,2
2022-02-15,TV,1
2022-02-16,TV,0
2022-02-17,TV,0
2022-02-18,TV,0
2022-02-19,TV,0
2022-02-20,TV,0
2022-02-21,TV,0
2022-02-22,TV,1
2022-02-23,TV,0
2022-02-24,TV,0
2022-02-25,TV,0
2022-02-26,TV,0
2022-02-27,TV,0
2022-02-28,TV,0
2022-03-01,TV,0
2022-03-02,TV,1
2022-03-03,TV,1
2022-03-04,TV,0
2022-03-05,TV,0
2022-03-06,TV,0
2022-03-07,TV,0
2022-03-08,TV,0
2022-03-09,TV,0
2022-03-10,TV,3
2022-03-11,TV,0
2022-03-12,TV,1
2022-03-13,TV,0
2022-03-14,TV,0
2022-03-15,TV,0
2022-03-16,TV,0
2022-03-17,TV,0
2022-03-18,TV,0
2022-03-19,TV,0
2022-03-20,TV,0
2022-03-21,TV,0
2022-03-22,TV,0
2022-03-23,TV,0
2022-03-24,TV,0
2022-03-25,TV,0
2022-03-26,TV,0
2022-03-27,TV,0
2022-03-28,TV,0
2022-03-29,TV,0
2022-03-30,TV,0
2022-03-31,TV,0
2022-04-01,TV,0
2022-04-02,TV,0
2022-04-03,TV,0
2022-04-04,TV,2
2022-04-05,TV,0
2022-04-06,TV,0
2022-04-07,TV,0
2022-04-08,TV,0
2022-04-09,TV,0
2022-04-10,TV,0
2022-04-11,TV,0
2022-04-12,TV,0
2022-04-13,TV,0
2022-04-14,TV,1
2022-04-15,TV,0
2022-04-16,TV,0
2022-04-17,TV,0
2022-04-18,TV,0
2022-04-19,TV,0
2022-04-20,TV,0
2022-04-21,TV,0
2022-04-22,TV,0
2022-04-23,TV,0
2022-04-24,TV,0
2022-04-25,TV,0
2022-04-26,TV,0
2022-04-27,TV,0
2022-04-28,TV,0
2022-04-29,TV,0
2022-04-30,TV,0
2022-05-01,TV,0
2022-05-02,TV,0
2022-05-03,TV,0
2022-05-04,TV,0
2022-05-05,TV,0
2022-05-06,TV,0
2022-05-07,TV,0
2022-05-08,TV,0
2022-05-09,TV,0
2022-05-10,TV,0
2022-05-11,TV,0
2022-05-12,TV,0
2022-05-13,TV,0
2022-05-14,TV,0
2022-05-15,TV,0
2022-05-16,TV,0
2022-05-17,TV,0
2022-05-18,TV,0
2022-05-19,TV,0
2022-05-20,TV,0
2022-05-21,TV,0
2022-05-22,TV,0
2022-05-23,TV,0
2022-05-24,TV,0
2022-05-25,TV,0
2022-05-26,TV,0
2022-05-27,TV,0
2022-05-28,TV,0
2022-05-29,TV,0
2022-05-30,TV,0
2022-05-31,TV,0
2022-06-01,TV,0
2022-06-02,TV,0
2022-06-03,TV,0
2022-06-04,TV,0
2022-06-05,TV,0
2022-06-06,TV,0
2022-06-07,TV,0
2022-06-08,TV,0
2022-06-09,TV,0
2022-06-10,TV,0
2022-06-11,TV,0
2022-06-12,TV,0
2022-06-13,TV,0
2022-06-14,TV,0
2022-06-15,TV,0
2022-06-16,TV,0
2022-06-17,TV,0
2022-06-18,TV,0
2022-06-19,TV,1
2022-06-20,TV,0
2022-06-21,TV,0
2022-06-22,TV,0
2022-06-23,TV,0
2022-06-24,TV,0
2022-06-25,TV,0
2022-06-26,TV,0
2022-06-27,TV,0
2022-06-28,TV,0
2022-06-29,TV,0
2022-06-30,TV,0
2022-07-01,TV,0
2022-07-02,TV,0
2022-07-03,TV,0
2022-07-04,TV,0
2022-07-05,TV,0
2022-07-06,TV,0
2022-07-07,TV,0
2022-07-08,TV,0
2022-07-09,TV,0
2022-07-10,TV,0
2022-07-11,TV,0
2022-07-12,TV,0
2022-07-13,TV,0
2022-07-14,TV,0
2022-07-15,TV,0
2022-07-16,TV,0
2022-07-17,TV,0
2022-07-18,TV,0
2022-07-19,TV,0
2022-07-20,TV,0
2022-07-21,TV,0
2022-07-22,TV,0
2022-07-23,TV,0
2022-07-24,TV,0
2022-07-25,TV,0
2022-07-26,TV,0
2022-07-27,TV,0
2022-07-28,TV,0
2022-07-29,TV,0
2022-07-30,TV,0
2022-07-31,TV,0
2022-08-01,TV,0
2022-08-02,TV,0
2022-08-03,TV,0
2022-08-04,TV,0
2022-08-05,TV,0
2022-08-06,TV,0
2022-08-07,TV,0
2022-08-08,TV,0
2022-08-09,TV,0
2022-08-10,TV,0
2022-08-11,TV,0
2022-08-12,TV,0
2022-08-13,TV,0
2022-08-14,TV,1
2022-08-15,TV,0
2022-08-16,TV,0
2022-08-17,TV,0
2022-08-18,TV,0
2022-08-19,TV,0
2022-08-20,TV,0
2022-08-21,TV,0
2022-08-22,TV,0
2022-08-23,TV,0
2022-08-24,TV,0
2022-08-25,TV,0
2022-08-26,TV,0
2022-08-27,TV,0
2022-08-28,TV,0
2022-08-29,TV,0
2022-08-30,TV,0
2022-08-31,TV,0
2022-09-01,TV,0
2022-09-02,TV,0
2022-09-03,TV,0
2022-09-04,TV,1
2022-09-05,TV,0
2022-09-06,TV,0
2022-09-07,TV,0
2022-09-08,TV,0
2022-09-09,TV,0
2022-09-10,TV,0
2022-09-11,TV,1
2022-09-12,TV,0
2022-09-13,TV,0
2022-09-14,TV,0
2022-09-15,TV,0
2022-09-16,TV,0
2022-09-17,TV,0
2022-09-18,TV,0
2022-09-19,TV,0
2022-09-20,TV,2
2022-09-21,TV,0
2022-09-22,TV,0
2022-09-23,TV,0
2022-09-24,TV,0
2022-09-25,TV,0
2022-09-26,TV,0
2022-09-27,TV,0
2022-09-28,TV,0
2022-09-29,TV,0
2022-09-30,TV,0
2022-10-01,TV,0
2022-10-02,TV,0
2022-10-03,TV,0
2022-10-04,TV,0
2022-10-05,TV,0
2022-10-06,TV,0
2022-10-07,TV,0
2022-10-08,TV,0
2022-10-09,TV,0
2022-10-10,TV,0
2022-10-11,TV,0
2021-11-18,Teléfono móvil,0
2021-11-19,Teléfono móvil,0
2021-11-20,Teléfono móvil,0
2021-11-21,Teléfono móvil,0
2021-11-22,Teléfono móvil,0
2021-11-23,Teléfono móvil,0
2021-11-24,Teléfono móvil,0
2021-11-25,Teléfono móvil,0
2021-11-26,Teléfono móvil,0
2021-11-27,Teléfono móvil,0
2021-11-28,Teléfono móvil,0
2021-11-29,Teléfono móvil,0
2021-11-30,Teléfono móvil,0
2021-12-01,Teléfono móvil,0
2021-12-02,Teléfono móvil,369
2021-12-03,Teléfono móvil,421
2021-12-04,Teléfono móvil,304
2021-12-05,Teléfono móvil,409
2021-12-06,Teléfono móvil,401
2021-12-07,Teléfono móvil,211
2021-12-08,Teléfono móvil,453
2021-12-09,Teléfono móvil,500
2021-12-10,Teléfono móvil,707
2021-12-11,Teléfono móvil,850
2021-12-12,Teléfono móvil,1023
2021-12-13,Teléfono móvil,1450
2021-12-14,Teléfono móvil,1263
2021-12-15,Teléfono móvil,683
2021-12-16,Teléfono móvil,527
2021-12-17,Teléfono móvil,314
2021-12-18,Teléfono móvil,196
2021-12-19,Teléfono móvil,68
2021-12-20,Teléfono móvil,32
2021-12-21,Teléfono móvil,16
2021-12-22,Teléfono móvil,7
2021-12-23,Teléfono móvil,6
2021-12-24,Teléfono móvil,4
2021-12-25,Teléfono móvil,3
2021-12-26,Teléfono móvil,6
2021-12-27,Teléfono móvil,7
2021-12-28,Teléfono móvil,1
2021-12-29,Teléfono móvil,5
2021-12-30,Teléfono móvil,6
2021-12-31,Teléfono móvil,0
2022-01-01,Teléfono móvil,4
2022-01-02,Teléfono móvil,5
2022-01-03,Teléfono móvil,5
2022-01-04,Teléfono móvil,4
2022-01-05,Teléfono móvil,8
2022-01-06,Teléfono móvil,6
2022-01-07,Teléfono móvil,6
2022-01-08,Teléfono móvil,3
2022-01-09,Teléfono móvil,6
2022-01-10,Teléfono móvil,2
2022-01-11,Teléfono móvil,1
2022-01-12,Teléfono móvil,2
2022-01-13,Teléfono móvil,2
2022-01-14,Teléfono móvil,5
2022-01-15,Teléfono móvil,2
2022-01-16,Teléfono móvil,0
2022-01-17,Teléfono móvil,4
2022-01-18,Teléfono móvil,4
2022-01-19,Teléfono móvil,1
2022-01-20,Teléfono móvil,1
2022-01-21,Teléfono móvil,0
2022-01-22,Teléfono móvil,2
2022-01-23,Teléfono móvil,2
2022-01-24,Teléfono móvil,1
2022-01-25,Teléfono móvil,2
2022-01-26,Teléfono móvil,8
2022-01-27,Teléfono móvil,12
2022-01-28,Teléfono móvil,3
2022-01-29,Teléfono móvil,7
2022-01-30,Teléfono móvil,6
2022-01-31,Teléfono móvil,11
2022-02-01,Teléfono móvil,3
2022-02-02,Teléfono móvil,3
2022-02-03,Teléfono móvil,3
2022-02-04,Teléfono móvil,1
2022-02-05,Teléfono móvil,6
2022-02-06,Teléfono móvil,4
2022-02-07,Teléfono móvil,3
2022-02-08,Teléfono móvil,1
2022-02-09,Teléfono móvil,0
2022-02-10,Teléfono móvil,4
2022-02-11,Teléfono móvil,2
2022-02-12,Teléfono móvil,0
2022-02-13,Teléfono móvil,1
2022-02-14,Teléfono móvil,3
2022-02-15,Teléfono móvil,6
2022-02-16,Teléfono móvil,4
2022-02-17,Teléfono móvil,1
2022-02-18,Teléfono móvil,2
2022-02-19,Teléfono móvil,2
2022-02-20,Teléfono móvil,1
2022-02-21,Teléfono móvil,3
2022-02-22,Teléfono móvil,1
2022-02-23,Teléfono móvil,1
2022-02-24,Teléfono móvil,1
2022-02-25,Teléfono móvil,4
2022-02-26,Teléfono móvil,2
2022-02-27,Teléfono móvil,2
2022-02-28,Teléfono móvil,2
2022-03-01,Teléfono móvil,2
2022-03-02,Teléfono móvil,0
2022-03-03,Teléfono móvil,1
2022-03-04,Teléfono móvil,1
2022-03-05,Teléfono móvil,2
2022-03-06,Teléfono móvil,3
2022-03-07,Teléfono móvil,2
2022-03-08,Teléfono móvil,1
2022-03-09,Teléfono móvil,1
2022-03-10,Teléfono móvil,4
2022-03-11,Teléfono móvil,0
2022-03-12,Teléfono móvil,3
2022-03-13,Teléfono móvil,0
2022-03-14,Teléfono móvil,0
2022-03-15,Teléfono móvil,0
2022-03-16,Teléfono móvil,0
2022-03-17,Teléfono móvil,1
2022-03-18,Teléfono móvil,1
2022-03-19,Teléfono móvil,1
2022-03-20,Teléfono móvil,0
2022-03-21,Teléfono móvil,0
2022-03-22,Teléfono móvil,2
2022-03-23,Teléfono móvil,0
2022-03-24,Teléfono móvil,1
2022-03-25,Teléfono móvil,0
2022-03-26,Teléfono móvil,0
2022-03-27,Teléfono móvil,1
2022-03-28,Teléfono móvil,1
2022-03-29,Teléfono móvil,0
2022-03-30,Teléfono móvil,0
2022-03-31,Teléfono móvil,0
2022-04-01,Teléfono móvil,0
2022-04-02,Teléfono móvil,0
2022-04-03,Teléfono móvil,0
2022-04-04,Teléfono móvil,0
2022-04-05,Teléfono móvil,1
2022-04-06,Teléfono móvil,3
2022-04-07,Teléfono móvil,0
2022-04-08,Teléfono móvil,0
2022-04-09,Teléfono móvil,0
2022-04-10,Teléfono móvil,0
2022-04-11,Teléfono móvil,0
2022-04-12,Teléfono móvil,0
2022-04-13,Teléfono móvil,0
2022-04-14,Teléfono móvil,2
2022-04-15,Teléfono móvil,1
2022-04-16,Teléfono móvil,2
2022-04-17,Teléfono móvil,1
2022-04-18,Teléfono móvil,1
2022-04-19,Teléfono móvil,1
2022-04-20,Teléfono móvil,2
2022-04-21,Teléfono móvil,1
2022-04-22,Teléfono móvil,1
2022-04-23,Teléfono móvil,0
2022-04-24,Teléfono móvil,0
2022-04-25,Teléfono móvil,1
2022-04-26,Teléfono móvil,0
2022-04-27,Teléfono móvil,1
2022-04-28,Teléfono móvil,0
2022-04-29,Teléfono móvil,1
2022-04-30,Teléfono móvil,0
2022-05-01,Teléfono móvil,1
2022-05-02,Teléfono móvil,0
2022-05-03,Teléfono móvil,1
2022-05-04,Teléfono móvil,2
2022-05-05,Teléfono móvil,1
2022-05-06,Teléfono móvil,1
2022-05-07,Teléfono móvil,1
2022-05-08,Teléfono móvil,1
2022-05-09,Teléfono móvil,0
2022-05-10,Teléfono móvil,0
2022-05-11,Teléfono móvil,0
2022-05-12,Teléfono móvil,0
2022-05-13,Teléfono móvil,0
2022-05-14,Teléfono móvil,1
2022-05-15,Teléfono móvil,1
2022-05-16,Teléfono móvil,0
2022-05-17,Teléfono móvil,0
2022-05-18,Teléfono móvil,0
2022-05-19,Teléfono móvil,0
2022-05-20,Teléfono móvil,1
2022-05-21,Teléfono móvil,1
2022-05-22,Teléfono móvil,0
2022-05-23,Teléfono móvil,0
2022-05-24,Teléfono móvil,0
2022-05-25,Teléfono móvil,0
2022-05-26,Teléfono móvil,0
2022-05-27,Teléfono móvil,0
2022-05-28,Teléfono móvil,1
2022-05-29,Teléfono móvil,0
2022-05-30,Teléfono móvil,1
2022-05-31,Teléfono móvil,2
2022-06-01,Teléfono móvil,0
2022-06-02,Teléfono móvil,1
2022-06-03,Teléfono móvil,0
2022-06-04,Teléfono móvil,2
2022-06-05,Teléfono móvil,0
2022-06-06,Teléfono móvil,2
2022-06-07,Teléfono móvil,1
2022-06-08,Teléfono móvil,1
2022-06-09,Teléfono móvil,1
2022-06-10,Teléfono móvil,0
2022-06-11,Teléfono móvil,0
2022-06-12,Teléfono móvil,1
2022-06-13,Teléfono móvil,1
2022-06-14,Teléfono móvil,1
2022-06-15,Teléfono móvil,0
2022-06-16,Teléfono móvil,0
2022-06-17,Teléfono móvil,0
2022-06-18,Teléfono móvil,0
2022-06-19,Teléfono móvil,0
2022-06-20,Teléfono móvil,0
2022-06-21,Teléfono móvil,0
2022-06-22,Teléfono móvil,2
2022-06-23,Teléfono móvil,0
2022-06-24,Teléfono móvil,0
2022-06-25,Teléfono móvil,0
2022-06-26,Teléfono móvil,0
2022-06-27,Teléfono móvil,0
2022-06-28,Teléfono móvil,0
2022-06-29,Teléfono móvil,1
2022-06-30,Teléfono móvil,0
2022-07-01,Teléfono móvil,0
2022-07-02,Teléfono móvil,1
2022-07-03,Teléfono móvil,1
2022-07-04,Teléfono móvil,0
2022-07-05,Teléfono móvil,0
2022-07-06,Teléfono móvil,1
2022-07-07,Teléfono móvil,0
2022-07-08,Teléfono móvil,1
2022-07-09,Teléfono móvil,0
2022-07-10,Teléfono móvil,0
2022-07-11,Teléfono móvil,1
2022-07-12,Teléfono móvil,1
2022-07-13,Teléfono móvil,0
2022-07-14,Teléfono móvil,0
2022-07-15,Teléfono móvil,0
2022-07-16,Teléfono móvil,0
2022-07-17,Teléfono móvil,1
2022-07-18,Teléfono móvil,0
2022-07-19,Teléfono móvil,0
2022-07-20,Teléfono móvil,0
2022-07-21,Teléfono móvil,0
2022-07-22,Teléfono móvil,0
2022-07-23,Teléfono móvil,0
2022-07-24,Teléfono móvil,2
2022-07-25,Teléfono móvil,0
2022-07-26,Teléfono móvil,0
2022-07-27,Teléfono móvil,0
2022-07-28,Teléfono móvil,2
2022-07-29,Teléfono móvil,3
2022-07-30,Teléfono móvil,0
2022-07-31,Teléfono móvil,1
2022-08-01,Teléfono móvil,1
2022-08-02,Teléfono móvil,2
2022-08-03,Teléfono móvil,0
2022-08-04,Teléfono móvil,0
2022-08-05,Teléfono móvil,1
2022-08-06,Teléfono móvil,0
2022-08-07,Teléfono móvil,0
2022-08-08,Teléfono móvil,1
2022-08-09,Teléfono móvil,0
2022-08-10,Teléfono móvil,0
2022-08-11,Teléfono móvil,1
2022-08-12,Teléfono móvil,0
2022-08-13,Teléfono móvil,2
2022-08-14,Teléfono móvil,0
2022-08-15,Teléfono móvil,0
2022-08-16,Teléfono móvil,1
2022-08-17,Teléfono móvil,0
2022-08-18,Teléfono móvil,0
2022-08-19,Teléfono móvil,0
2022-08-20,Teléfono móvil,0
2022-08-21,Teléfono móvil,2
2022-08-22,Teléfono móvil,2
2022-08-23,Teléfono móvil,0
2022-08-24,Teléfono móvil,1
2022-08-25,Teléfono móvil,0
2022-08-26,Teléfono móvil,0
2022-08-27,Teléfono móvil,0
2022-08-28,Teléfono móvil,0
2022-08-29,Teléfono móvil,0
2022-08-30,Teléfono móvil,0
2022-08-31,Teléfono móvil,0
2022-09-01,Teléfono móvil,0
2022-09-02,Teléfono móvil,2
2022-09-03,Teléfono móvil,1
2022-09-04,Teléfono móvil,0
2022-09-05,Teléfono móvil,0
2022-09-06,Teléfono móvil,0
2022-09-07,Teléfono móvil,0
2022-09-08,Teléfono móvil,0
2022-09-09,Teléfono móvil,0
2022-09-10,Teléfono móvil,0
2022-09-11,Teléfono móvil,0
2022-09-12,Teléfono móvil,1
2022-09-13,Teléfono móvil,0
2022-09-14,Teléfono móvil,0
2022-09-15,Teléfono móvil,0
2022-09-16,Teléfono móvil,0
2022-09-17,Teléfono móvil,0
2022-09-18,Teléfono móvil,0
2022-09-19,Teléfono móvil,1
2022-09-20,Teléfono móvil,1
2022-09-21,Teléfono móvil,0
2022-09-22,Teléfono móvil,3
2022-09-23,Teléfono móvil,0
2022-09-24,Teléfono móvil,0
2022-09-25,Teléfono móvil,0
2022-09-26,Teléfono móvil,0
2022-09-27,Teléfono móvil,1
2022-09-28,Teléfono móvil,2
2022-09-29,Teléfono móvil,0
2022-09-30,Teléfono móvil,0
2022-10-01,Teléfono móvil,1
2022-10-02,Teléfono móvil,0
2022-10-03,Teléfono móvil,0
2022-10-04,Teléfono móvil,1
2022-10-05,Teléfono móvil,0
2022-10-06,Teléfono móvil,0
2022-10-07,Teléfono móvil,0
2022-10-08,Teléfono móvil,1
2022-10-09,Teléfono móvil,0
2022-10-10,Teléfono móvil,0
2022-10-11,Teléfono móvil,0
2021-11-18,Tablet,0
2021-11-19,Tablet,0
2021-11-20,Tablet,0
2021-11-21,Tablet,0
2021-11-22,Tablet,0
2021-11-23,Tablet,0
2021-11-24,Tablet,0
2021-11-25,Tablet,0
2021-11-26,Tablet,0
2021-11-27,Tablet,0
2021-11-28,Tablet,0
2021-11-29,Tablet,0
2021-11-30,Tablet,0
2021-12-01,Tablet,0
2021-12-02,Tablet,13
2021-12-03,Tablet,8
2021-12-04,Tablet,5
2021-12-05,Tablet,17
2021-12-06,Tablet,9
2021-12-07,Tablet,10
2021-12-08,Tablet,6
2021-12-09,Tablet,7
2021-12-10,Tablet,8
2021-12-11,Tablet,12
2021-12-12,Tablet,32
2021-12-13,Tablet,64
2021-12-14,Tablet,39
2021-12-15,Tablet,22
2021-12-16,Tablet,10
2021-12-17,Tablet,4
2021-12-18,Tablet,5
2021-12-19,Tablet,1
2021-12-20,Tablet,3
2021-12-21,Tablet,2
2021-12-22,Tablet,1
2021-12-23,Tablet,0
2021-12-24,Tablet,0
2021-12-25,Tablet,0
2021-12-26,Tablet,0
2021-12-27,Tablet,0
2021-12-28,Tablet,0
2021-12-29,Tablet,0
2021-12-30,Tablet,0
2021-12-31,Tablet,0
2022-01-01,Tablet,0
2022-01-02,Tablet,0
2022-01-03,Tablet,0
2022-01-04,Tablet,3
2022-01-05,Tablet,0
2022-01-06,Tablet,0
2022-01-07,Tablet,1
2022-01-08,Tablet,1
2022-01-09,Tablet,0
2022-01-10,Tablet,0
2022-01-11,Tablet,0
2022-01-12,Tablet,0
2022-01-13,Tablet,0
2022-01-14,Tablet,0
2022-01-15,Tablet,0
2022-01-16,Tablet,0
2022-01-17,Tablet,0
2022-01-18,Tablet,0
2022-01-19,Tablet,0
2022-01-20,Tablet,0
2022-01-21,Tablet,0
2022-01-22,Tablet,0
2022-01-23,Tablet,0
2022-01-24,Tablet,0
2022-01-25,Tablet,0
2022-01-26,Tablet,0
2022-01-27,Tablet,0
2022-01-28,Tablet,0
2022-01-29,Tablet,0
2022-01-30,Tablet,0
2022-01-31,Tablet,0
2022-02-01,Tablet,0
2022-02-02,Tablet,0
2022-02-03,Tablet,0
2022-02-04,Tablet,0
2022-02-05,Tablet,0
2022-02-06,Tablet,0
2022-02-07,Tablet,0
2022-02-08,Tablet,1
2022-02-09,Tablet,0
2022-02-10,Tablet,0
2022-02-11,Tablet,0
2022-02-12,Tablet,1
2022-02-13,Tablet,1
2022-02-14,Tablet,0
2022-02-15,Tablet,0
2022-02-16,Tablet,0
2022-02-17,Tablet,0
2022-02-18,Tablet,0
2022-02-19,Tablet,0
2022-02-20,Tablet,0
2022-02-21,Tablet,0
2022-02-22,Tablet,0
2022-02-23,Tablet,0
2022-02-24,Tablet,0
2022-02-25,Tablet,0
2022-02-26,Tablet,0
2022-02-27,Tablet,0
2022-02-28,Tablet,0
2022-03-01,Tablet,0
2022-03-02,Tablet,0
2022-03-03,Tablet,0
2022-03-04,Tablet,0
2022-03-05,Tablet,0
2022-03-06,Tablet,1
2022-03-07,Tablet,0
2022-03-08,Tablet,0
2022-03-09,Tablet,0
2022-03-10,Tablet,0
2022-03-11,Tablet,0
2022-03-12,Tablet,0
2022-03-13,Tablet,1
2022-03-14,Tablet,2
2022-03-15,Tablet,0
2022-03-16,Tablet,0
2022-03-17,Tablet,0
2022-03-18,Tablet,0
2022-03-19,Tablet,0
2022-03-20,Tablet,0
2022-03-21,Tablet,0
2022-03-22,Tablet,0
2022-03-23,Tablet,0
2022-03-24,Tablet,0
2022-03-25,Tablet,0
2022-03-26,Tablet,0
2022-03-27,Tablet,0
2022-03-28,Tablet,0
2022-03-29,Tablet,0
2022-03-30,Tablet,0
2022-03-31,Tablet,0
2022-04-01,Tablet,0
2022-04-02,Tablet,0
2022-04-03,Tablet,0
2022-04-04,Tablet,0
2022-04-05,Tablet,0
2022-04-06,Tablet,0
2022-04-07,Tablet,0
2022-04-08,Tablet,0
2022-04-09,Tablet,0
2022-04-10,Tablet,0
2022-04-11,Tablet,0
2022-04-12,Tablet,0
2022-04-13,Tablet,0
2022-04-14,Tablet,0
2022-04-15,Tablet,0
2022-04-16,Tablet,0
2022-04-17,Tablet,0
2022-04-18,Tablet,0
2022-04-19,Tablet,0
2022-04-20,Tablet,0
2022-04-21,Tablet,0
2022-04-22,Tablet,0
2022-04-23,Tablet,0
2022-04-24,Tablet,0
2022-04-25,Tablet,0
2022-04-26,Tablet,0
2022-04-27,Tablet,0
2022-04-28,Tablet,0
2022-04-29,Tablet,0
2022-04-30,Tablet,0
2022-05-01,Tablet,0
2022-05-02,Tablet,0
2022-05-03,Tablet,0
2022-05-04,Tablet,0
2022-05-05,Tablet,1
2022-05-06,Tablet,0
2022-05-07,Tablet,0
2022-05-08,Tablet,0
2022-05-09,Tablet,0
2022-05-10,Tablet,0
2022-05-11,Tablet,0
2022-05-12,Tablet,0
2022-05-13,Tablet,0
2022-05-14,Tablet,1
2022-05-15,Tablet,0
2022-05-16,Tablet,0
2022-05-17,Tablet,0
2022-05-18,Tablet,0
2022-05-19,Tablet,0
2022-05-20,Tablet,0
2022-05-21,Tablet,0
2022-05-22,Tablet,0
2022-05-23,Tablet,0
2022-05-24,Tablet,0
2022-05-25,Tablet,0
2022-05-26,Tablet,0
2022-05-27,Tablet,0
2022-05-28,Tablet,0
2022-05-29,Tablet,0
2022-05-30,Tablet,0
2022-05-31,Tablet,0
2022-06-01,Tablet,0
2022-06-02,Tablet,0
2022-06-03,Tablet,0
2022-06-04,Tablet,0
2022-06-05,Tablet,0
2022-06-06,Tablet,0
2022-06-07,Tablet,0
2022-06-08,Tablet,0
2022-06-09,Tablet,0
2022-06-10,Tablet,0
2022-06-11,Tablet,0
2022-06-12,Tablet,0
2022-06-13,Tablet,0
2022-06-14,Tablet,0
2022-06-15,Tablet,0
2022-06-16,Tablet,0
2022-06-17,Tablet,0
2022-06-18,Tablet,0
2022-06-19,Tablet,0
2022-06-20,Tablet,0
2022-06-21,Tablet,0
2022-06-22,Tablet,0
2022-06-23,Tablet,0
2022-06-24,Tablet,0
2022-06-25,Tablet,0
2022-06-26,Tablet,0
2022-06-27,Tablet,0
2022-06-28,Tablet,0
2022-06-29,Tablet,0
2022-06-30,Tablet,0
2022-07-01,Tablet,0
2022-07-02,Tablet,0
2022-07-03,Tablet,0
2022-07-04,Tablet,0
2022-07-05,Tablet,0
2022-07-06,Tablet,0
2022-07-07,Tablet,0
2022-07-08,Tablet,0
2022-07-09,Tablet,0
2022-07-10,Tablet,0
2022-07-11,Tablet,0
2022-07-12,Tablet,0
2022-07-13,Tablet,0
2022-07-14,Tablet,0
2022-07-15,Tablet,0
2022-07-16,Tablet,0
2022-07-17,Tablet,0
2022-07-18,Tablet,0
2022-07-19,Tablet,0
2022-07-20,Tablet,0
2022-07-21,Tablet,0
2022-07-22,Tablet,0
2022-07-23,Tablet,0
2022-07-24,Tablet,0
2022-07-25,Tablet,0
2022-07-26,Tablet,0
2022-07-27,Tablet,0
2022-07-28,Tablet,0
2022-07-29,Tablet,0
2022-07-30,Tablet,0
2022-07-31,Tablet,0
2022-08-01,Tablet,0
2022-08-02,Tablet,0
2022-08-03,Tablet,0
2022-08-04,Tablet,0
2022-08-05,Tablet,0
2022-08-06,Tablet,0
2022-08-07,Tablet,0
2022-08-08,Tablet,0
2022-08-09,Tablet,0
2022-08-10,Tablet,0
2022-08-11,Tablet,0
2022-08-12,Tablet,0
2022-08-13,Tablet,0
2022-08-14,Tablet,0
2022-08-15,Tablet,0
2022-08-16,Tablet,0
2022-08-17,Tablet,0
2022-08-18,Tablet,0
2022-08-19,Tablet,0
2022-08-20,Tablet,0
2022-08-21,Tablet,0
2022-08-22,Tablet,0
2022-08-23,Tablet,0
2022-08-24,Tablet,0
2022-08-25,Tablet,0
2022-08-26,Tablet,0
2022-08-27,Tablet,0
2022-08-28,Tablet,0
2022-08-29,Tablet,0
2022-08-30,Tablet,0
2022-08-31,Tablet,0
2022-09-01,Tablet,0
2022-09-02,Tablet,0
2022-09-03,Tablet,0
2022-09-04,Tablet,0
2022-09-05,Tablet,0
2022-09-06,Tablet,0
2022-09-07,Tablet,0
2022-09-08,Tablet,0
2022-09-09,Tablet,0
2022-09-10,Tablet,0
2022-09-11,Tablet,0
2022-09-12,Tablet,0
2022-09-13,Tablet,0
2022-09-14,Tablet,0
2022-09-15,Tablet,0
2022-09-16,Tablet,0
2022-09-17,Tablet,0
2022-09-18,Tablet,0
2022-09-19,Tablet,0
2022-09-20,Tablet,0
2022-09-21,Tablet,0
2022-09-22,Tablet,0
2022-09-23,Tablet,0
2022-09-24,Tablet,0
2022-09-25,Tablet,0
2022-09-26,Tablet,0
2022-09-27,Tablet,0
2022-09-28,Tablet,0
2022-09-29,Tablet,0
2022-09-30,Tablet,0
2022-10-01,Tablet,0
2022-10-02,Tablet,0
2022-10-03,Tablet,0
2022-10-04,Tablet,0
2022-10-05,Tablet,0
2022-10-06,Tablet,0
2022-10-07,Tablet,0
2022-10-08,Tablet,0
2022-10-09,Tablet,0
2022-10-10,Tablet,0
2022-10-11,Tablet,0
