Fecha,Estado de suscripción,Visualizaciones
2021-11-09,Suscrito,0
2021-11-10,Suscrito,0
2021-11-11,Suscrito,0
2021-11-12,Suscrito,0
2021-11-13,Suscrito,0
2021-11-14,Suscrito,0
2021-11-15,Suscrito,0
2021-11-16,Suscrito,0
2021-11-17,Suscrito,0
2021-11-18,Suscrito,0
2021-11-19,Suscrito,0
2021-11-20,Suscrito,0
2021-11-21,Suscrito,0
2021-11-22,Suscrito,0
2021-11-23,Suscrito,468
2021-11-24,Suscrito,321
2021-11-25,Suscrito,200
2021-11-26,Suscrito,79
2021-11-27,Suscrito,85
2021-11-28,Suscrito,80
2021-11-29,Suscrito,77
2021-11-30,Suscrito,94
2021-12-01,Suscrito,80
2021-12-02,Suscrito,117
2021-12-03,Suscrito,116
2021-12-04,Suscrito,89
2021-12-05,Suscrito,68
2021-12-06,Suscrito,105
2021-12-07,Suscrito,52
2021-12-08,Suscrito,60
2021-12-09,Suscrito,79
2021-12-10,Suscrito,40
2021-12-11,Suscrito,58
2021-12-12,Suscrito,60
2021-12-13,Suscrito,66
2021-12-14,Suscrito,51
2021-12-15,Suscrito,57
2021-12-16,Suscrito,41
2021-12-17,Suscrito,22
2021-12-18,Suscrito,18
2021-12-19,Suscrito,16
2021-12-20,Suscrito,20
2021-12-21,Suscrito,20
2021-12-22,Suscrito,16
2021-12-23,Suscrito,17
2021-12-24,Suscrito,10
2021-12-25,Suscrito,27
2021-12-26,Suscrito,47
2021-12-27,Suscrito,49
2021-12-28,Suscrito,44
2021-12-29,Suscrito,58
2021-12-30,Suscrito,66
2021-12-31,Suscrito,42
2022-01-01,Suscrito,46
2022-01-02,Suscrito,37
2022-01-03,Suscrito,62
2022-01-04,Suscrito,40
2022-01-05,Suscrito,53
2022-01-06,Suscrito,44
2022-01-07,Suscrito,64
2022-01-08,Suscrito,41
2022-01-09,Suscrito,58
2022-01-10,Suscrito,48
2022-01-11,Suscrito,40
2022-01-12,Suscrito,32
2022-01-13,Suscrito,44
2022-01-14,Suscrito,34
2022-01-15,Suscrito,36
2022-01-16,Suscrito,30
2022-01-17,Suscrito,37
2022-01-18,Suscrito,39
2022-01-19,Suscrito,38
2022-01-20,Suscrito,29
2022-01-21,Suscrito,23
2022-01-22,Suscrito,26
2022-01-23,Suscrito,40
2022-01-24,Suscrito,37
2022-01-25,Suscrito,48
2022-01-26,Suscrito,58
2022-01-27,Suscrito,52
2022-01-28,Suscrito,50
2022-01-29,Suscrito,36
2022-01-30,Suscrito,29
2022-01-31,Suscrito,33
2022-02-01,Suscrito,52
2022-02-02,Suscrito,36
2022-02-03,Suscrito,37
2022-02-04,Suscrito,29
2022-02-05,Suscrito,30
2022-02-06,Suscrito,61
2022-02-07,Suscrito,33
2022-02-08,Suscrito,46
2022-02-09,Suscrito,21
2022-02-10,Suscrito,22
2022-02-11,Suscrito,14
2022-02-12,Suscrito,15
2022-02-13,Suscrito,15
2022-02-14,Suscrito,32
2022-02-15,Suscrito,44
2022-02-16,Suscrito,25
2022-02-17,Suscrito,20
2022-02-18,Suscrito,38
2022-02-19,Suscrito,32
2022-02-20,Suscrito,22
2022-02-21,Suscrito,31
2022-02-22,Suscrito,46
2022-02-23,Suscrito,35
2022-02-24,Suscrito,28
2022-02-25,Suscrito,28
2022-02-26,Suscrito,28
2022-02-27,Suscrito,31
2022-02-28,Suscrito,38
2022-03-01,Suscrito,16
2022-03-02,Suscrito,27
2022-03-03,Suscrito,14
2022-03-04,Suscrito,29
2022-03-05,Suscrito,31
2022-03-06,Suscrito,31
2022-03-07,Suscrito,24
2022-03-08,Suscrito,35
2022-03-09,Suscrito,27
2022-03-10,Suscrito,12
2022-03-11,Suscrito,15
2022-03-12,Suscrito,25
2022-03-13,Suscrito,29
2022-03-14,Suscrito,20
2022-03-15,Suscrito,13
2022-03-16,Suscrito,21
2022-03-17,Suscrito,24
2022-03-18,Suscrito,23
2022-03-19,Suscrito,21
2022-03-20,Suscrito,8
2022-03-21,Suscrito,7
2022-03-22,Suscrito,1
2022-03-23,Suscrito,4
2022-03-24,Suscrito,3
2022-03-25,Suscrito,1
2022-03-26,Suscrito,5
2022-03-27,Suscrito,6
2022-03-28,Suscrito,2
2022-03-29,Suscrito,0
2022-03-30,Suscrito,0
2022-03-31,Suscrito,4
2022-04-01,Suscrito,1
2022-04-02,Suscrito,4
2022-04-03,Suscrito,2
2022-04-04,Suscrito,4
2022-04-05,Suscrito,4
2022-04-06,Suscrito,1
2022-04-07,Suscrito,5
2022-04-08,Suscrito,4
2022-04-09,Suscrito,7
2022-04-10,Suscrito,3
2022-04-11,Suscrito,2
2022-04-12,Suscrito,0
2022-04-13,Suscrito,7
2022-04-14,Suscrito,4
2022-04-15,Suscrito,0
2022-04-16,Suscrito,3
2022-04-17,Suscrito,2
2022-04-18,Suscrito,2
2022-04-19,Suscrito,4
2022-04-20,Suscrito,3
2022-04-21,Suscrito,2
2022-04-22,Suscrito,3
2022-04-23,Suscrito,5
2022-04-24,Suscrito,2
2022-04-25,Suscrito,4
2022-04-26,Suscrito,2
2022-04-27,Suscrito,2
2022-04-28,Suscrito,1
2022-04-29,Suscrito,4
2022-04-30,Suscrito,2
2022-05-01,Suscrito,2
2022-05-02,Suscrito,3
2022-05-03,Suscrito,2
2022-05-04,Suscrito,2
2022-05-05,Suscrito,2
2022-05-06,Suscrito,2
2022-05-07,Suscrito,3
2022-05-08,Suscrito,2
2022-05-09,Suscrito,8
2022-05-10,Suscrito,2
2022-05-11,Suscrito,0
2022-05-12,Suscrito,9
2022-05-13,Suscrito,2
2022-05-14,Suscrito,5
2022-05-15,Suscrito,7
2022-05-16,Suscrito,2
2022-05-17,Suscrito,4
2022-05-18,Suscrito,3
2022-05-19,Suscrito,2
2022-05-20,Suscrito,2
2022-05-21,Suscrito,3
2022-05-22,Suscrito,1
2022-05-23,Suscrito,2
2022-05-24,Suscrito,3
2022-05-25,Suscrito,7
2022-05-26,Suscrito,4
2022-05-27,Suscrito,3
2022-05-28,Suscrito,1
2022-05-29,Suscrito,2
2022-05-30,Suscrito,4
2022-05-31,Suscrito,2
2022-06-01,Suscrito,1
2022-06-02,Suscrito,3
2022-06-03,Suscrito,8
2022-06-04,Suscrito,8
2022-06-05,Suscrito,1
2022-06-06,Suscrito,3
2022-06-07,Suscrito,2
2022-06-08,Suscrito,7
2022-06-09,Suscrito,7
2022-06-10,Suscrito,7
2022-06-11,Suscrito,8
2022-06-12,Suscrito,2
2022-06-13,Suscrito,1
2022-06-14,Suscrito,5
2022-06-15,Suscrito,6
2022-06-16,Suscrito,3
2022-06-17,Suscrito,3
2022-06-18,Suscrito,0
2022-06-19,Suscrito,2
2022-06-20,Suscrito,1
2022-06-21,Suscrito,5
2022-06-22,Suscrito,10
2022-06-23,Suscrito,4
2022-06-24,Suscrito,3
2022-06-25,Suscrito,2
2022-06-26,Suscrito,4
2022-06-27,Suscrito,5
2022-06-28,Suscrito,2
2022-06-29,Suscrito,3
2022-06-30,Suscrito,1
2022-07-01,Suscrito,5
2022-07-02,Suscrito,5
2022-07-03,Suscrito,1
2022-07-04,Suscrito,3
2022-07-05,Suscrito,2
2022-07-06,Suscrito,3
2022-07-07,Suscrito,11
2022-07-08,Suscrito,10
2022-07-09,Suscrito,3
2022-07-10,Suscrito,4
2022-07-11,Suscrito,2
2022-07-12,Suscrito,3
2022-07-13,Suscrito,6
2022-07-14,Suscrito,5
2022-07-15,Suscrito,3
2022-07-16,Suscrito,1
2022-07-17,Suscrito,1
2022-07-18,Suscrito,3
2022-07-19,Suscrito,2
2022-07-20,Suscrito,6
2022-07-21,Suscrito,8
2022-07-22,Suscrito,1
2022-07-23,Suscrito,0
2022-07-24,Suscrito,4
2022-07-25,Suscrito,4
2022-07-26,Suscrito,1
2022-07-27,Suscrito,8
2022-07-28,Suscrito,1
2022-07-29,Suscrito,5
2022-07-30,Suscrito,3
2022-07-31,Suscrito,0
2022-08-01,Suscrito,3
2022-08-02,Suscrito,3
2022-08-03,Suscrito,3
2022-08-04,Suscrito,5
2022-08-05,Suscrito,8
2022-08-06,Suscrito,4
2022-08-07,Suscrito,5
2022-08-08,Suscrito,6
2022-08-09,Suscrito,3
2022-08-10,Suscrito,1
2022-08-11,Suscrito,7
2022-08-12,Suscrito,0
2022-08-13,Suscrito,4
2022-08-14,Suscrito,3
2022-08-15,Suscrito,2
2022-08-16,Suscrito,0
2022-08-17,Suscrito,3
2022-08-18,Suscrito,6
2022-08-19,Suscrito,6
2022-08-20,Suscrito,2
2022-08-21,Suscrito,4
2022-08-22,Suscrito,3
2022-08-23,Suscrito,0
2022-08-24,Suscrito,1
2022-08-25,Suscrito,5
2022-08-26,Suscrito,4
2022-08-27,Suscrito,3
2022-08-28,Suscrito,4
2022-08-29,Suscrito,4
2022-08-30,Suscrito,3
2022-08-31,Suscrito,3
2022-09-01,Suscrito,4
2022-09-02,Suscrito,0
2022-09-03,Suscrito,1
2022-09-04,Suscrito,5
2022-09-05,Suscrito,4
2022-09-06,Suscrito,1
2022-09-07,Suscrito,2
2022-09-08,Suscrito,1
2022-09-09,Suscrito,0
2022-09-10,Suscrito,3
2022-09-11,Suscrito,1
2022-09-12,Suscrito,2
2022-09-13,Suscrito,5
2022-09-14,Suscrito,2
2022-09-15,Suscrito,1
2022-09-16,Suscrito,5
2022-09-17,Suscrito,0
2022-09-18,Suscrito,2
2022-09-19,Suscrito,1
2022-09-20,Suscrito,3
2022-09-21,Suscrito,1
2022-09-22,Suscrito,3
2022-09-23,Suscrito,2
2022-09-24,Suscrito,6
2022-09-25,Suscrito,0
2022-09-26,Suscrito,2
2022-09-27,Suscrito,2
2022-09-28,Suscrito,2
2022-09-29,Suscrito,5
2022-09-30,Suscrito,2
2022-10-01,Suscrito,3
2022-10-02,Suscrito,0
2022-10-03,Suscrito,1
2022-10-04,Suscrito,1
2022-10-05,Suscrito,3
2022-10-06,Suscrito,6
2022-10-07,Suscrito,1
2022-10-08,Suscrito,0
2022-10-09,Suscrito,4
2022-10-10,Suscrito,5
2021-11-09,No suscrito,0
2021-11-10,No suscrito,0
2021-11-11,No suscrito,0
2021-11-12,No suscrito,0
2021-11-13,No suscrito,0
2021-11-14,No suscrito,0
2021-11-15,No suscrito,0
2021-11-16,No suscrito,0
2021-11-17,No suscrito,0
2021-11-18,No suscrito,0
2021-11-19,No suscrito,0
2021-11-20,No suscrito,0
2021-11-21,No suscrito,0
2021-11-22,No suscrito,0
2021-11-23,No suscrito,173
2021-11-24,No suscrito,203
2021-11-25,No suscrito,295
2021-11-26,No suscrito,321
2021-11-27,No suscrito,490
2021-11-28,No suscrito,783
2021-11-29,No suscrito,648
2021-11-30,No suscrito,804
2021-12-01,No suscrito,1263
2021-12-02,No suscrito,2003
2021-12-03,No suscrito,3032
2021-12-04,No suscrito,2023
2021-12-05,No suscrito,1967
2021-12-06,No suscrito,2589
2021-12-07,No suscrito,2405
2021-12-08,No suscrito,2354
2021-12-09,No suscrito,1775
2021-12-10,No suscrito,1105
2021-12-11,No suscrito,1919
2021-12-12,No suscrito,2006
2021-12-13,No suscrito,2453
2021-12-14,No suscrito,2422
2021-12-15,No suscrito,2237
2021-12-16,No suscrito,2329
2021-12-17,No suscrito,1489
2021-12-18,No suscrito,1384
2021-12-19,No suscrito,839
2021-12-20,No suscrito,785
2021-12-21,No suscrito,949
2021-12-22,No suscrito,1094
2021-12-23,No suscrito,737
2021-12-24,No suscrito,1147
2021-12-25,No suscrito,1066
2021-12-26,No suscrito,1260
2021-12-27,No suscrito,1320
2021-12-28,No suscrito,1720
2021-12-29,No suscrito,2752
2021-12-30,No suscrito,2467
2021-12-31,No suscrito,1881
2022-01-01,No suscrito,2212
2022-01-02,No suscrito,1310
2022-01-03,No suscrito,2017
2022-01-04,No suscrito,2023
2022-01-05,No suscrito,2609
2022-01-06,No suscrito,2768
2022-01-07,No suscrito,2187
2022-01-08,No suscrito,2422
2022-01-09,No suscrito,2335
2022-01-10,No suscrito,2434
2022-01-11,No suscrito,1941
2022-01-12,No suscrito,1169
2022-01-13,No suscrito,1453
2022-01-14,No suscrito,1320
2022-01-15,No suscrito,912
2022-01-16,No suscrito,908
2022-01-17,No suscrito,1206
2022-01-18,No suscrito,1386
2022-01-19,No suscrito,739
2022-01-20,No suscrito,988
2022-01-21,No suscrito,909
2022-01-22,No suscrito,840
2022-01-23,No suscrito,934
2022-01-24,No suscrito,1003
2022-01-25,No suscrito,1058
2022-01-26,No suscrito,1227
2022-01-27,No suscrito,1438
2022-01-28,No suscrito,1423
2022-01-29,No suscrito,1385
2022-01-30,No suscrito,1441
2022-01-31,No suscrito,1309
2022-02-01,No suscrito,1023
2022-02-02,No suscrito,993
2022-02-03,No suscrito,921
2022-02-04,No suscrito,800
2022-02-05,No suscrito,973
2022-02-06,No suscrito,1340
2022-02-07,No suscrito,1188
2022-02-08,No suscrito,818
2022-02-09,No suscrito,526
2022-02-10,No suscrito,423
2022-02-11,No suscrito,454
2022-02-12,No suscrito,401
2022-02-13,No suscrito,490
2022-02-14,No suscrito,571
2022-02-15,No suscrito,888
2022-02-16,No suscrito,865
2022-02-17,No suscrito,671
2022-02-18,No suscrito,654
2022-02-19,No suscrito,864
2022-02-20,No suscrito,800
2022-02-21,No suscrito,801
2022-02-22,No suscrito,838
2022-02-23,No suscrito,743
2022-02-24,No suscrito,723
2022-02-25,No suscrito,784
2022-02-26,No suscrito,780
2022-02-27,No suscrito,805
2022-02-28,No suscrito,809
2022-03-01,No suscrito,767
2022-03-02,No suscrito,645
2022-03-03,No suscrito,626
2022-03-04,No suscrito,873
2022-03-05,No suscrito,883
2022-03-06,No suscrito,663
2022-03-07,No suscrito,597
2022-03-08,No suscrito,752
2022-03-09,No suscrito,498
2022-03-10,No suscrito,538
2022-03-11,No suscrito,531
2022-03-12,No suscrito,538
2022-03-13,No suscrito,678
2022-03-14,No suscrito,461
2022-03-15,No suscrito,395
2022-03-16,No suscrito,421
2022-03-17,No suscrito,357
2022-03-18,No suscrito,321
2022-03-19,No suscrito,324
2022-03-20,No suscrito,165
2022-03-21,No suscrito,112
2022-03-22,No suscrito,67
2022-03-23,No suscrito,74
2022-03-24,No suscrito,90
2022-03-25,No suscrito,62
2022-03-26,No suscrito,61
2022-03-27,No suscrito,50
2022-03-28,No suscrito,65
2022-03-29,No suscrito,33
2022-03-30,No suscrito,30
2022-03-31,No suscrito,26
2022-04-01,No suscrito,32
2022-04-02,No suscrito,21
2022-04-03,No suscrito,17
2022-04-04,No suscrito,20
2022-04-05,No suscrito,23
2022-04-06,No suscrito,19
2022-04-07,No suscrito,29
2022-04-08,No suscrito,22
2022-04-09,No suscrito,15
2022-04-10,No suscrito,12
2022-04-11,No suscrito,21
2022-04-12,No suscrito,30
2022-04-13,No suscrito,25
2022-04-14,No suscrito,17
2022-04-15,No suscrito,21
2022-04-16,No suscrito,18
2022-04-17,No suscrito,24
2022-04-18,No suscrito,16
2022-04-19,No suscrito,15
2022-04-20,No suscrito,23
2022-04-21,No suscrito,26
2022-04-22,No suscrito,21
2022-04-23,No suscrito,13
2022-04-24,No suscrito,25
2022-04-25,No suscrito,25
2022-04-26,No suscrito,31
2022-04-27,No suscrito,29
2022-04-28,No suscrito,40
2022-04-29,No suscrito,29
2022-04-30,No suscrito,20
2022-05-01,No suscrito,30
2022-05-02,No suscrito,34
2022-05-03,No suscrito,24
2022-05-04,No suscrito,11
2022-05-05,No suscrito,19
2022-05-06,No suscrito,16
2022-05-07,No suscrito,13
2022-05-08,No suscrito,18
2022-05-09,No suscrito,17
2022-05-10,No suscrito,17
2022-05-11,No suscrito,25
2022-05-12,No suscrito,21
2022-05-13,No suscrito,22
2022-05-14,No suscrito,33
2022-05-15,No suscrito,24
2022-05-16,No suscrito,23
2022-05-17,No suscrito,33
2022-05-18,No suscrito,32
2022-05-19,No suscrito,31
2022-05-20,No suscrito,29
2022-05-21,No suscrito,14
2022-05-22,No suscrito,11
2022-05-23,No suscrito,29
2022-05-24,No suscrito,59
2022-05-25,No suscrito,23
2022-05-26,No suscrito,45
2022-05-27,No suscrito,20
2022-05-28,No suscrito,20
2022-05-29,No suscrito,20
2022-05-30,No suscrito,23
2022-05-31,No suscrito,25
2022-06-01,No suscrito,29
2022-06-02,No suscrito,31
2022-06-03,No suscrito,32
2022-06-04,No suscrito,31
2022-06-05,No suscrito,17
2022-06-06,No suscrito,20
2022-06-07,No suscrito,51
2022-06-08,No suscrito,35
2022-06-09,No suscrito,38
2022-06-10,No suscrito,30
2022-06-11,No suscrito,28
2022-06-12,No suscrito,28
2022-06-13,No suscrito,33
2022-06-14,No suscrito,44
2022-06-15,No suscrito,50
2022-06-16,No suscrito,40
2022-06-17,No suscrito,19
2022-06-18,No suscrito,43
2022-06-19,No suscrito,24
2022-06-20,No suscrito,33
2022-06-21,No suscrito,55
2022-06-22,No suscrito,41
2022-06-23,No suscrito,42
2022-06-24,No suscrito,28
2022-06-25,No suscrito,18
2022-06-26,No suscrito,25
2022-06-27,No suscrito,40
2022-06-28,No suscrito,40
2022-06-29,No suscrito,45
2022-06-30,No suscrito,34
2022-07-01,No suscrito,29
2022-07-02,No suscrito,28
2022-07-03,No suscrito,29
2022-07-04,No suscrito,29
2022-07-05,No suscrito,45
2022-07-06,No suscrito,40
2022-07-07,No suscrito,52
2022-07-08,No suscrito,39
2022-07-09,No suscrito,42
2022-07-10,No suscrito,25
2022-07-11,No suscrito,37
2022-07-12,No suscrito,45
2022-07-13,No suscrito,45
2022-07-14,No suscrito,46
2022-07-15,No suscrito,37
2022-07-16,No suscrito,25
2022-07-17,No suscrito,21
2022-07-18,No suscrito,27
2022-07-19,No suscrito,67
2022-07-20,No suscrito,95
2022-07-21,No suscrito,99
2022-07-22,No suscrito,112
2022-07-23,No suscrito,73
2022-07-24,No suscrito,35
2022-07-25,No suscrito,40
2022-07-26,No suscrito,34
2022-07-27,No suscrito,26
2022-07-28,No suscrito,21
2022-07-29,No suscrito,20
2022-07-30,No suscrito,30
2022-07-31,No suscrito,14
2022-08-01,No suscrito,30
2022-08-02,No suscrito,33
2022-08-03,No suscrito,43
2022-08-04,No suscrito,20
2022-08-05,No suscrito,36
2022-08-06,No suscrito,23
2022-08-07,No suscrito,26
2022-08-08,No suscrito,24
2022-08-09,No suscrito,26
2022-08-10,No suscrito,19
2022-08-11,No suscrito,27
2022-08-12,No suscrito,19
2022-08-13,No suscrito,27
2022-08-14,No suscrito,15
2022-08-15,No suscrito,22
2022-08-16,No suscrito,17
2022-08-17,No suscrito,17
2022-08-18,No suscrito,27
2022-08-19,No suscrito,27
2022-08-20,No suscrito,21
2022-08-21,No suscrito,16
2022-08-22,No suscrito,26
2022-08-23,No suscrito,32
2022-08-24,No suscrito,32
2022-08-25,No suscrito,31
2022-08-26,No suscrito,32
2022-08-27,No suscrito,15
2022-08-28,No suscrito,23
2022-08-29,No suscrito,19
2022-08-30,No suscrito,24
2022-08-31,No suscrito,30
2022-09-01,No suscrito,24
2022-09-02,No suscrito,32
2022-09-03,No suscrito,33
2022-09-04,No suscrito,21
2022-09-05,No suscrito,24
2022-09-06,No suscrito,34
2022-09-07,No suscrito,39
2022-09-08,No suscrito,30
2022-09-09,No suscrito,36
2022-09-10,No suscrito,22
2022-09-11,No suscrito,23
2022-09-12,No suscrito,31
2022-09-13,No suscrito,37
2022-09-14,No suscrito,28
2022-09-15,No suscrito,15
2022-09-16,No suscrito,19
2022-09-17,No suscrito,31
2022-09-18,No suscrito,14
2022-09-19,No suscrito,35
2022-09-20,No suscrito,44
2022-09-21,No suscrito,48
2022-09-22,No suscrito,34
2022-09-23,No suscrito,14
2022-09-24,No suscrito,21
2022-09-25,No suscrito,33
2022-09-26,No suscrito,99
2022-09-27,No suscrito,54
2022-09-28,No suscrito,51
2022-09-29,No suscrito,37
2022-09-30,No suscrito,29
2022-10-01,No suscrito,22
2022-10-02,No suscrito,16
2022-10-03,No suscrito,30
2022-10-04,No suscrito,20
2022-10-05,No suscrito,37
2022-10-06,No suscrito,28
2022-10-07,No suscrito,25
2022-10-08,No suscrito,31
2022-10-09,No suscrito,18
2022-10-10,No suscrito,27
