Fuente de tráfico,Visualizaciones,Tiempo de visualización (horas),Duración media de las visualizaciones,Impresiones,Porcentaje de clics de las impresiones (%)
Total,563,3.9054,0:00:24,10415,1.58
Páginas de canal,197,1.3301,0:00:24,3855,1.3
Feed de Shorts,146,0.7077,0:00:17,,
Funciones de exploración,89,0.8352,0:00:33,3639,1.29
Página de lista de reproducción,40,0.3592,0:00:32,174,18.39
Búsqueda de YouTube,33,0.1843,0:00:20,804,2.36
Vídeos sugeridos,21,0.1882,0:00:32,1766,0.96
Notificaciones,19,0.2225,0:00:42,,
Directa o desconocida,10,0.0493,0:00:17,,
Otras funciones de YouTube,3,0.0124,0:00:14,,
Fuentes externas,3,0.0122,0:00:14,,
Listas de reproducción,1,0.004,0:00:14,177,0
Páginas de sonido,1,0.0003,0:00:01,,
