Fuente de tráfico,Visualizaciones,Tiempo de visualización (horas),Duración media de las visualizaciones,Impresiones,Porcentaje de clics de las impresiones (%)
Total,1187,12.2984,0:00:37,24443,1.51
Feed de Shorts,405,4.0147,0:00:35,,
Búsqueda de YouTube,221,2.0986,0:00:34,4515,2.72
Funciones de exploración,214,2.3359,0:00:39,11157,0.98
Páginas de canal,160,1.8905,0:00:42,5902,1.15
Vídeos sugeridos,69,0.7879,0:00:41,2589,2.32
Notificaciones,69,0.6719,0:00:35,,
Directa o desconocida,14,0.088,0:00:22,,
Fuentes externas,14,0.1905,0:00:48,,
Otras funciones de YouTube,8,0.074,0:00:33,,
Listas de reproducción,7,0.0889,0:00:45,137,2.19
Página de lista de reproducción,6,0.0575,0:00:34,143,4.2
