Fuente de tráfico,Visualizaciones,Tiempo de visualización (horas),Duración media de las visualizaciones,Impresiones,Porcentaje de clics de las impresiones (%)
Total,1575,13.1204,0:00:29,27195,1.77
Búsqueda de YouTube,670,5.2543,0:00:28,12505,2.6
Feed de Shorts,556,4.7645,0:00:30,,
Vídeos sugeridos,103,1.0311,0:00:36,4392,2.05
Funciones de exploración,93,0.641,0:00:24,4744,0.84
Páginas de canal,72,0.4623,0:00:23,5476,0.49
Notificaciones,63,0.8238,0:00:47,,
Otras funciones de YouTube,5,0.0297,0:00:21,,
Listas de reproducción,5,0.0499,0:00:35,44,0
Directa o desconocida,3,0.0202,0:00:24,,
Fuentes externas,2,0.0216,0:00:38,,
Pantallas finales,2,0.02,0:00:36,,
Páginas de sonido,1,0.0019,0:00:07,,
Página de lista de reproducción,,,,34,0
