Fecha,Tipo de dispositivo,Visualizaciones
2022-04-13,Ordenador,0
2022-04-14,Ordenador,0
2022-04-15,Ordenador,0
2022-04-16,Ordenador,0
2022-04-17,Ordenador,0
2022-04-18,Ordenador,0
2022-04-19,Ordenador,0
2022-04-20,Ordenador,0
2022-04-21,Ordenador,0
2022-04-22,Ordenador,0
2022-04-23,Ordenador,0
2022-04-24,Ordenador,0
2022-04-25,Ordenador,0
2022-04-26,Ordenador,139
2022-04-27,Ordenador,114
2022-04-28,Ordenador,32
2022-04-29,Ordenador,40
2022-04-30,Ordenador,8
2022-05-01,Ordenador,16
2022-05-02,Ordenador,24
2022-05-03,Ordenador,15
2022-05-04,Ordenador,11
2022-05-05,Ordenador,9
2022-05-06,Ordenador,9
2022-05-07,Ordenador,8
2022-05-08,Ordenador,5
2022-05-09,Ordenador,5
2022-05-10,Ordenador,6
2022-05-11,Ordenador,7
2022-05-12,Ordenador,12
2022-05-13,Ordenador,5
2022-05-14,Ordenador,1
2022-05-15,Ordenador,0
2022-05-16,Ordenador,5
2022-05-17,Ordenador,15
2022-05-18,Ordenador,12
2022-05-19,Ordenador,8
2022-05-20,Ordenador,6
2022-05-21,Ordenador,8
2022-05-22,Ordenador,5
2022-05-23,Ordenador,5
2022-05-24,Ordenador,9
2022-05-25,Ordenador,5
2022-05-26,Ordenador,2
2022-05-27,Ordenador,5
2022-05-28,Ordenador,1
2022-05-29,Ordenador,0
2022-05-30,Ordenador,14
2022-05-31,Ordenador,6
2022-06-01,Ordenador,3
2022-06-02,Ordenador,7
2022-06-03,Ordenador,7
2022-06-04,Ordenador,3
2022-06-05,Ordenador,1
2022-06-06,Ordenador,6
2022-06-07,Ordenador,9
2022-06-08,Ordenador,4
2022-06-09,Ordenador,12
2022-06-10,Ordenador,3
2022-06-11,Ordenador,6
2022-06-12,Ordenador,1
2022-06-13,Ordenador,2
2022-06-14,Ordenador,1
2022-06-15,Ordenador,1
2022-06-16,Ordenador,8
2022-06-17,Ordenador,4
2022-06-18,Ordenador,0
2022-06-19,Ordenador,3
2022-06-20,Ordenador,5
2022-06-21,Ordenador,9
2022-06-22,Ordenador,5
2022-06-23,Ordenador,3
2022-06-24,Ordenador,1
2022-06-25,Ordenador,7
2022-06-26,Ordenador,6
2022-06-27,Ordenador,4
2022-06-28,Ordenador,5
2022-06-29,Ordenador,5
2022-06-30,Ordenador,7
2022-07-01,Ordenador,9
2022-07-02,Ordenador,1
2022-07-03,Ordenador,0
2022-07-04,Ordenador,1
2022-07-05,Ordenador,11
2022-07-06,Ordenador,9
2022-07-07,Ordenador,3
2022-07-08,Ordenador,8
2022-07-09,Ordenador,0
2022-07-10,Ordenador,6
2022-07-11,Ordenador,1
2022-07-12,Ordenador,5
2022-07-13,Ordenador,4
2022-07-14,Ordenador,3
2022-07-15,Ordenador,1
2022-07-16,Ordenador,2
2022-07-17,Ordenador,3
2022-07-18,Ordenador,7
2022-07-19,Ordenador,6
2022-07-20,Ordenador,13
2022-07-21,Ordenador,7
2022-07-22,Ordenador,3
2022-07-23,Ordenador,2
2022-07-24,Ordenador,1
2022-07-25,Ordenador,3
2022-07-26,Ordenador,5
2022-07-27,Ordenador,8
2022-07-28,Ordenador,6
2022-07-29,Ordenador,4
2022-07-30,Ordenador,1
2022-07-31,Ordenador,1
2022-08-01,Ordenador,3
2022-08-02,Ordenador,3
2022-08-03,Ordenador,7
2022-08-04,Ordenador,6
2022-08-05,Ordenador,3
2022-08-06,Ordenador,6
2022-08-07,Ordenador,2
2022-08-08,Ordenador,3
2022-08-09,Ordenador,3
2022-08-10,Ordenador,4
2022-08-11,Ordenador,1
2022-08-12,Ordenador,2
2022-08-13,Ordenador,8
2022-08-14,Ordenador,4
2022-08-15,Ordenador,4
2022-08-16,Ordenador,3
2022-08-17,Ordenador,4
2022-08-18,Ordenador,12
2022-08-19,Ordenador,9
2022-08-20,Ordenador,3
2022-08-21,Ordenador,2
2022-08-22,Ordenador,3
2022-08-23,Ordenador,2
2022-08-24,Ordenador,3
2022-08-25,Ordenador,7
2022-08-26,Ordenador,5
2022-08-27,Ordenador,5
2022-08-28,Ordenador,2
2022-08-29,Ordenador,2
2022-08-30,Ordenador,8
2022-08-31,Ordenador,4
2022-09-01,Ordenador,2
2022-09-02,Ordenador,1
2022-09-03,Ordenador,5
2022-09-04,Ordenador,2
2022-09-05,Ordenador,5
2022-09-06,Ordenador,0
2022-09-07,Ordenador,7
2022-09-08,Ordenador,10
2022-09-09,Ordenador,7
2022-09-10,Ordenador,2
2022-09-11,Ordenador,2
2022-09-12,Ordenador,8
2022-09-13,Ordenador,6
2022-09-14,Ordenador,14
2022-09-15,Ordenador,9
2022-09-16,Ordenador,7
2022-09-17,Ordenador,6
2022-09-18,Ordenador,4
2022-09-19,Ordenador,12
2022-09-20,Ordenador,12
2022-09-21,Ordenador,11
2022-09-22,Ordenador,8
2022-09-23,Ordenador,3
2022-09-24,Ordenador,6
2022-09-25,Ordenador,11
2022-09-26,Ordenador,10
2022-09-27,Ordenador,8
2022-09-28,Ordenador,19
2022-09-29,Ordenador,6
2022-09-30,Ordenador,5
2022-10-01,Ordenador,6
2022-10-02,Ordenador,3
2022-10-03,Ordenador,6
2022-10-04,Ordenador,15
2022-10-05,Ordenador,7
2022-10-06,Ordenador,8
2022-10-07,Ordenador,9
2022-10-08,Ordenador,4
2022-10-09,Ordenador,9
2022-10-10,Ordenador,4
2022-10-11,Ordenador,11
2022-10-12,Ordenador,8
2022-10-13,Ordenador,1
2022-10-14,Ordenador,9
2022-10-15,Ordenador,5
2022-10-16,Ordenador,9
2022-10-17,Ordenador,4
2022-10-18,Ordenador,8
2022-10-19,Ordenador,5
2022-10-20,Ordenador,6
2022-10-21,Ordenador,8
2022-10-22,Ordenador,10
2022-10-23,Ordenador,7
2022-10-24,Ordenador,4
2022-10-25,Ordenador,11
2022-10-26,Ordenador,11
2022-10-27,Ordenador,17
2022-10-28,Ordenador,7
2022-10-29,Ordenador,7
2022-04-13,TV,0
2022-04-14,TV,0
2022-04-15,TV,0
2022-04-16,TV,0
2022-04-17,TV,0
2022-04-18,TV,0
2022-04-19,TV,0
2022-04-20,TV,0
2022-04-21,TV,0
2022-04-22,TV,0
2022-04-23,TV,0
2022-04-24,TV,0
2022-04-25,TV,0
2022-04-26,TV,29
2022-04-27,TV,22
2022-04-28,TV,8
2022-04-29,TV,7
2022-04-30,TV,2
2022-05-01,TV,3
2022-05-02,TV,5
2022-05-03,TV,1
2022-05-04,TV,1
2022-05-05,TV,2
2022-05-06,TV,0
2022-05-07,TV,2
2022-05-08,TV,5
2022-05-09,TV,0
2022-05-10,TV,4
2022-05-11,TV,1
2022-05-12,TV,2
2022-05-13,TV,3
2022-05-14,TV,0
2022-05-15,TV,0
2022-05-16,TV,1
2022-05-17,TV,1
2022-05-18,TV,1
2022-05-19,TV,1
2022-05-20,TV,0
2022-05-21,TV,2
2022-05-22,TV,0
2022-05-23,TV,0
2022-05-24,TV,0
2022-05-25,TV,0
2022-05-26,TV,0
2022-05-27,TV,2
2022-05-28,TV,1
2022-05-29,TV,0
2022-05-30,TV,0
2022-05-31,TV,0
2022-06-01,TV,1
2022-06-02,TV,0
2022-06-03,TV,0
2022-06-04,TV,0
2022-06-05,TV,0
2022-06-06,TV,0
2022-06-07,TV,0
2022-06-08,TV,1
2022-06-09,TV,1
2022-06-10,TV,0
2022-06-11,TV,0
2022-06-12,TV,0
2022-06-13,TV,0
2022-06-14,TV,0
2022-06-15,TV,0
2022-06-16,TV,1
2022-06-17,TV,0
2022-06-18,TV,0
2022-06-19,TV,0
2022-06-20,TV,0
2022-06-21,TV,1
2022-06-22,TV,1
2022-06-23,TV,1
2022-06-24,TV,0
2022-06-25,TV,2
2022-06-26,TV,1
2022-06-27,TV,2
2022-06-28,TV,2
2022-06-29,TV,2
2022-06-30,TV,2
2022-07-01,TV,0
2022-07-02,TV,1
2022-07-03,TV,5
2022-07-04,TV,2
2022-07-05,TV,2
2022-07-06,TV,2
2022-07-07,TV,1
2022-07-08,TV,0
2022-07-09,TV,0
2022-07-10,TV,1
2022-07-11,TV,0
2022-07-12,TV,0
2022-07-13,TV,1
2022-07-14,TV,1
2022-07-15,TV,0
2022-07-16,TV,0
2022-07-17,TV,0
2022-07-18,TV,0
2022-07-19,TV,0
2022-07-20,TV,4
2022-07-21,TV,0
2022-07-22,TV,0
2022-07-23,TV,1
2022-07-24,TV,0
2022-07-25,TV,0
2022-07-26,TV,0
2022-07-27,TV,2
2022-07-28,TV,0
2022-07-29,TV,3
2022-07-30,TV,0
2022-07-31,TV,0
2022-08-01,TV,0
2022-08-02,TV,0
2022-08-03,TV,3
2022-08-04,TV,0
2022-08-05,TV,0
2022-08-06,TV,0
2022-08-07,TV,0
2022-08-08,TV,0
2022-08-09,TV,0
2022-08-10,TV,2
2022-08-11,TV,2
2022-08-12,TV,0
2022-08-13,TV,0
2022-08-14,TV,0
2022-08-15,TV,0
2022-08-16,TV,0
2022-08-17,TV,1
2022-08-18,TV,1
2022-08-19,TV,2
2022-08-20,TV,1
2022-08-21,TV,0
2022-08-22,TV,1
2022-08-23,TV,0
2022-08-24,TV,1
2022-08-25,TV,0
2022-08-26,TV,0
2022-08-27,TV,0
2022-08-28,TV,0
2022-08-29,TV,0
2022-08-30,TV,0
2022-08-31,TV,2
2022-09-01,TV,0
2022-09-02,TV,2
2022-09-03,TV,0
2022-09-04,TV,0
2022-09-05,TV,1
2022-09-06,TV,1
2022-09-07,TV,0
2022-09-08,TV,1
2022-09-09,TV,1
2022-09-10,TV,0
2022-09-11,TV,1
2022-09-12,TV,0
2022-09-13,TV,1
2022-09-14,TV,1
2022-09-15,TV,2
2022-09-16,TV,3
2022-09-17,TV,4
2022-09-18,TV,4
2022-09-19,TV,1
2022-09-20,TV,6
2022-09-21,TV,2
2022-09-22,TV,1
2022-09-23,TV,0
2022-09-24,TV,2
2022-09-25,TV,1
2022-09-26,TV,0
2022-09-27,TV,2
2022-09-28,TV,1
2022-09-29,TV,5
2022-09-30,TV,3
2022-10-01,TV,3
2022-10-02,TV,0
2022-10-03,TV,0
2022-10-04,TV,3
2022-10-05,TV,1
2022-10-06,TV,0
2022-10-07,TV,4
2022-10-08,TV,6
2022-10-09,TV,2
2022-10-10,TV,0
2022-10-11,TV,2
2022-10-12,TV,2
2022-10-13,TV,1
2022-10-14,TV,5
2022-10-15,TV,0
2022-10-16,TV,2
2022-10-17,TV,2
2022-10-18,TV,0
2022-10-19,TV,0
2022-10-20,TV,0
2022-10-21,TV,0
2022-10-22,TV,0
2022-10-23,TV,2
2022-10-24,TV,0
2022-10-25,TV,1
2022-10-26,TV,2
2022-10-27,TV,1
2022-10-28,TV,0
2022-10-29,TV,0
2022-04-13,Teléfono móvil,0
2022-04-14,Teléfono móvil,0
2022-04-15,Teléfono móvil,0
2022-04-16,Teléfono móvil,0
2022-04-17,Teléfono móvil,0
2022-04-18,Teléfono móvil,0
2022-04-19,Teléfono móvil,0
2022-04-20,Teléfono móvil,0
2022-04-21,Teléfono móvil,0
2022-04-22,Teléfono móvil,0
2022-04-23,Teléfono móvil,0
2022-04-24,Teléfono móvil,0
2022-04-25,Teléfono móvil,0
2022-04-26,Teléfono móvil,299
2022-04-27,Teléfono móvil,236
2022-04-28,Teléfono móvil,69
2022-04-29,Teléfono móvil,51
2022-04-30,Teléfono móvil,29
2022-05-01,Teléfono móvil,29
2022-05-02,Teléfono móvil,29
2022-05-03,Teléfono móvil,16
2022-05-04,Teléfono móvil,17
2022-05-05,Teléfono móvil,9
2022-05-06,Teléfono móvil,7
2022-05-07,Teléfono móvil,8
2022-05-08,Teléfono móvil,2
2022-05-09,Teléfono móvil,9
2022-05-10,Teléfono móvil,10
2022-05-11,Teléfono móvil,19
2022-05-12,Teléfono móvil,13
2022-05-13,Teléfono móvil,6
2022-05-14,Teléfono móvil,6
2022-05-15,Teléfono móvil,4
2022-05-16,Teléfono móvil,2
2022-05-17,Teléfono móvil,10
2022-05-18,Teléfono móvil,3
2022-05-19,Teléfono móvil,3
2022-05-20,Teléfono móvil,0
2022-05-21,Teléfono móvil,1
2022-05-22,Teléfono móvil,2
2022-05-23,Teléfono móvil,4
2022-05-24,Teléfono móvil,7
2022-05-25,Teléfono móvil,3
2022-05-26,Teléfono móvil,1
2022-05-27,Teléfono móvil,2
2022-05-28,Teléfono móvil,3
2022-05-29,Teléfono móvil,4
2022-05-30,Teléfono móvil,0
2022-05-31,Teléfono móvil,7
2022-06-01,Teléfono móvil,1
2022-06-02,Teléfono móvil,1
2022-06-03,Teléfono móvil,1
2022-06-04,Teléfono móvil,1
2022-06-05,Teléfono móvil,0
2022-06-06,Teléfono móvil,0
2022-06-07,Teléfono móvil,3
2022-06-08,Teléfono móvil,1
2022-06-09,Teléfono móvil,2
2022-06-10,Teléfono móvil,1
2022-06-11,Teléfono móvil,1
2022-06-12,Teléfono móvil,0
2022-06-13,Teléfono móvil,0
2022-06-14,Teléfono móvil,2
2022-06-15,Teléfono móvil,1
2022-06-16,Teléfono móvil,7
2022-06-17,Teléfono móvil,0
2022-06-18,Teléfono móvil,3
2022-06-19,Teléfono móvil,4
2022-06-20,Teléfono móvil,1
2022-06-21,Teléfono móvil,5
2022-06-22,Teléfono móvil,1
2022-06-23,Teléfono móvil,1
2022-06-24,Teléfono móvil,4
2022-06-25,Teléfono móvil,3
2022-06-26,Teléfono móvil,2
2022-06-27,Teléfono móvil,1
2022-06-28,Teléfono móvil,3
2022-06-29,Teléfono móvil,3
2022-06-30,Teléfono móvil,1
2022-07-01,Teléfono móvil,2
2022-07-02,Teléfono móvil,5
2022-07-03,Teléfono móvil,14
2022-07-04,Teléfono móvil,3
2022-07-05,Teléfono móvil,2
2022-07-06,Teléfono móvil,1
2022-07-07,Teléfono móvil,2
2022-07-08,Teléfono móvil,3
2022-07-09,Teléfono móvil,1
2022-07-10,Teléfono móvil,2
2022-07-11,Teléfono móvil,3
2022-07-12,Teléfono móvil,3
2022-07-13,Teléfono móvil,1
2022-07-14,Teléfono móvil,1
2022-07-15,Teléfono móvil,0
2022-07-16,Teléfono móvil,4
2022-07-17,Teléfono móvil,0
2022-07-18,Teléfono móvil,1
2022-07-19,Teléfono móvil,2
2022-07-20,Teléfono móvil,1
2022-07-21,Teléfono móvil,0
2022-07-22,Teléfono móvil,4
2022-07-23,Teléfono móvil,0
2022-07-24,Teléfono móvil,2
2022-07-25,Teléfono móvil,3
2022-07-26,Teléfono móvil,2
2022-07-27,Teléfono móvil,2
2022-07-28,Teléfono móvil,12
2022-07-29,Teléfono móvil,2
2022-07-30,Teléfono móvil,3
2022-07-31,Teléfono móvil,3
2022-08-01,Teléfono móvil,0
2022-08-02,Teléfono móvil,7
2022-08-03,Teléfono móvil,0
2022-08-04,Teléfono móvil,1
2022-08-05,Teléfono móvil,0
2022-08-06,Teléfono móvil,1
2022-08-07,Teléfono móvil,0
2022-08-08,Teléfono móvil,1
2022-08-09,Teléfono móvil,1
2022-08-10,Teléfono móvil,1
2022-08-11,Teléfono móvil,1
2022-08-12,Teléfono móvil,1
2022-08-13,Teléfono móvil,4
2022-08-14,Teléfono móvil,3
2022-08-15,Teléfono móvil,2
2022-08-16,Teléfono móvil,1
2022-08-17,Teléfono móvil,1
2022-08-18,Teléfono móvil,2
2022-08-19,Teléfono móvil,2
2022-08-20,Teléfono móvil,1
2022-08-21,Teléfono móvil,4
2022-08-22,Teléfono móvil,1
2022-08-23,Teléfono móvil,1
2022-08-24,Teléfono móvil,0
2022-08-25,Teléfono móvil,3
2022-08-26,Teléfono móvil,0
2022-08-27,Teléfono móvil,1
2022-08-28,Teléfono móvil,3
2022-08-29,Teléfono móvil,2
2022-08-30,Teléfono móvil,1
2022-08-31,Teléfono móvil,0
2022-09-01,Teléfono móvil,0
2022-09-02,Teléfono móvil,2
2022-09-03,Teléfono móvil,0
2022-09-04,Teléfono móvil,2
2022-09-05,Teléfono móvil,2
2022-09-06,Teléfono móvil,3
2022-09-07,Teléfono móvil,2
2022-09-08,Teléfono móvil,0
2022-09-09,Teléfono móvil,4
2022-09-10,Teléfono móvil,3
2022-09-11,Teléfono móvil,3
2022-09-12,Teléfono móvil,2
2022-09-13,Teléfono móvil,4
2022-09-14,Teléfono móvil,8
2022-09-15,Teléfono móvil,5
2022-09-16,Teléfono móvil,4
2022-09-17,Teléfono móvil,1
2022-09-18,Teléfono móvil,5
2022-09-19,Teléfono móvil,6
2022-09-20,Teléfono móvil,8
2022-09-21,Teléfono móvil,3
2022-09-22,Teléfono móvil,4
2022-09-23,Teléfono móvil,6
2022-09-24,Teléfono móvil,11
2022-09-25,Teléfono móvil,5
2022-09-26,Teléfono móvil,5
2022-09-27,Teléfono móvil,7
2022-09-28,Teléfono móvil,2
2022-09-29,Teléfono móvil,5
2022-09-30,Teléfono móvil,4
2022-10-01,Teléfono móvil,4
2022-10-02,Teléfono móvil,2
2022-10-03,Teléfono móvil,4
2022-10-04,Teléfono móvil,1
2022-10-05,Teléfono móvil,9
2022-10-06,Teléfono móvil,2
2022-10-07,Teléfono móvil,4
2022-10-08,Teléfono móvil,9
2022-10-09,Teléfono móvil,5
2022-10-10,Teléfono móvil,1
2022-10-11,Teléfono móvil,3
2022-10-12,Teléfono móvil,6
2022-10-13,Teléfono móvil,5
2022-10-14,Teléfono móvil,5
2022-10-15,Teléfono móvil,3
2022-10-16,Teléfono móvil,3
2022-10-17,Teléfono móvil,4
2022-10-18,Teléfono móvil,2
2022-10-19,Teléfono móvil,3
2022-10-20,Teléfono móvil,4
2022-10-21,Teléfono móvil,6
2022-10-22,Teléfono móvil,6
2022-10-23,Teléfono móvil,3
2022-10-24,Teléfono móvil,4
2022-10-25,Teléfono móvil,6
2022-10-26,Teléfono móvil,5
2022-10-27,Teléfono móvil,4
2022-10-28,Teléfono móvil,1
2022-10-29,Teléfono móvil,4
2022-04-13,Tablet,0
2022-04-14,Tablet,0
2022-04-15,Tablet,0
2022-04-16,Tablet,0
2022-04-17,Tablet,0
2022-04-18,Tablet,0
2022-04-19,Tablet,0
2022-04-20,Tablet,0
2022-04-21,Tablet,0
2022-04-22,Tablet,0
2022-04-23,Tablet,0
2022-04-24,Tablet,0
2022-04-25,Tablet,0
2022-04-26,Tablet,10
2022-04-27,Tablet,4
2022-04-28,Tablet,3
2022-04-29,Tablet,1
2022-04-30,Tablet,1
2022-05-01,Tablet,3
2022-05-02,Tablet,0
2022-05-03,Tablet,0
2022-05-04,Tablet,1
2022-05-05,Tablet,0
2022-05-06,Tablet,2
2022-05-07,Tablet,0
2022-05-08,Tablet,0
2022-05-09,Tablet,0
2022-05-10,Tablet,0
2022-05-11,Tablet,0
2022-05-12,Tablet,0
2022-05-13,Tablet,1
2022-05-14,Tablet,0
2022-05-15,Tablet,0
2022-05-16,Tablet,0
2022-05-17,Tablet,1
2022-05-18,Tablet,0
2022-05-19,Tablet,0
2022-05-20,Tablet,0
2022-05-21,Tablet,0
2022-05-22,Tablet,0
2022-05-23,Tablet,0
2022-05-24,Tablet,0
2022-05-25,Tablet,0
2022-05-26,Tablet,0
2022-05-27,Tablet,0
2022-05-28,Tablet,0
2022-05-29,Tablet,0
2022-05-30,Tablet,0
2022-05-31,Tablet,0
2022-06-01,Tablet,0
2022-06-02,Tablet,0
2022-06-03,Tablet,0
2022-06-04,Tablet,1
2022-06-05,Tablet,0
2022-06-06,Tablet,0
2022-06-07,Tablet,1
2022-06-08,Tablet,0
2022-06-09,Tablet,0
2022-06-10,Tablet,0
2022-06-11,Tablet,0
2022-06-12,Tablet,0
2022-06-13,Tablet,0
2022-06-14,Tablet,0
2022-06-15,Tablet,0
2022-06-16,Tablet,0
2022-06-17,Tablet,0
2022-06-18,Tablet,0
2022-06-19,Tablet,0
2022-06-20,Tablet,0
2022-06-21,Tablet,0
2022-06-22,Tablet,0
2022-06-23,Tablet,0
2022-06-24,Tablet,0
2022-06-25,Tablet,0
2022-06-26,Tablet,0
2022-06-27,Tablet,0
2022-06-28,Tablet,0
2022-06-29,Tablet,0
2022-06-30,Tablet,0
2022-07-01,Tablet,0
2022-07-02,Tablet,1
2022-07-03,Tablet,0
2022-07-04,Tablet,0
2022-07-05,Tablet,0
2022-07-06,Tablet,0
2022-07-07,Tablet,0
2022-07-08,Tablet,0
2022-07-09,Tablet,0
2022-07-10,Tablet,0
2022-07-11,Tablet,0
2022-07-12,Tablet,0
2022-07-13,Tablet,0
2022-07-14,Tablet,0
2022-07-15,Tablet,0
2022-07-16,Tablet,0
2022-07-17,Tablet,0
2022-07-18,Tablet,0
2022-07-19,Tablet,0
2022-07-20,Tablet,0
2022-07-21,Tablet,0
2022-07-22,Tablet,0
2022-07-23,Tablet,0
2022-07-24,Tablet,0
2022-07-25,Tablet,1
2022-07-26,Tablet,0
2022-07-27,Tablet,0
2022-07-28,Tablet,1
2022-07-29,Tablet,0
2022-07-30,Tablet,1
2022-07-31,Tablet,1
2022-08-01,Tablet,2
2022-08-02,Tablet,0
2022-08-03,Tablet,0
2022-08-04,Tablet,0
2022-08-05,Tablet,0
2022-08-06,Tablet,0
2022-08-07,Tablet,0
2022-08-08,Tablet,0
2022-08-09,Tablet,0
2022-08-10,Tablet,0
2022-08-11,Tablet,0
2022-08-12,Tablet,0
2022-08-13,Tablet,3
2022-08-14,Tablet,0
2022-08-15,Tablet,0
2022-08-16,Tablet,1
2022-08-17,Tablet,0
2022-08-18,Tablet,0
2022-08-19,Tablet,0
2022-08-20,Tablet,0
2022-08-21,Tablet,0
2022-08-22,Tablet,0
2022-08-23,Tablet,0
2022-08-24,Tablet,0
2022-08-25,Tablet,0
2022-08-26,Tablet,0
2022-08-27,Tablet,0
2022-08-28,Tablet,0
2022-08-29,Tablet,0
2022-08-30,Tablet,0
2022-08-31,Tablet,0
2022-09-01,Tablet,0
2022-09-02,Tablet,0
2022-09-03,Tablet,0
2022-09-04,Tablet,0
2022-09-05,Tablet,0
2022-09-06,Tablet,0
2022-09-07,Tablet,0
2022-09-08,Tablet,0
2022-09-09,Tablet,0
2022-09-10,Tablet,1
2022-09-11,Tablet,1
2022-09-12,Tablet,0
2022-09-13,Tablet,0
2022-09-14,Tablet,0
2022-09-15,Tablet,0
2022-09-16,Tablet,0
2022-09-17,Tablet,0
2022-09-18,Tablet,0
2022-09-19,Tablet,0
2022-09-20,Tablet,0
2022-09-21,Tablet,1
2022-09-22,Tablet,1
2022-09-23,Tablet,1
2022-09-24,Tablet,0
2022-09-25,Tablet,0
2022-09-26,Tablet,0
2022-09-27,Tablet,0
2022-09-28,Tablet,0
2022-09-29,Tablet,0
2022-09-30,Tablet,0
2022-10-01,Tablet,0
2022-10-02,Tablet,1
2022-10-03,Tablet,0
2022-10-04,Tablet,0
2022-10-05,Tablet,2
2022-10-06,Tablet,0
2022-10-07,Tablet,0
2022-10-08,Tablet,0
2022-10-09,Tablet,0
2022-10-10,Tablet,1
2022-10-11,Tablet,0
2022-10-12,Tablet,0
2022-10-13,Tablet,0
2022-10-14,Tablet,0
2022-10-15,Tablet,0
2022-10-16,Tablet,0
2022-10-17,Tablet,0
2022-10-18,Tablet,0
2022-10-19,Tablet,0
2022-10-20,Tablet,0
2022-10-21,Tablet,0
2022-10-22,Tablet,0
2022-10-23,Tablet,0
2022-10-24,Tablet,0
2022-10-25,Tablet,0
2022-10-26,Tablet,1
2022-10-27,Tablet,0
2022-10-28,Tablet,0
2022-10-29,Tablet,0
