Fuente de tráfico,Visualizaciones,Tiempo de visualización (horas),Duración media de las visualizaciones,Impresiones,Porcentaje de clics de las impresiones (%)
Total,1018,35.7847,0:02:06,40070,1.09
Funciones de exploración,421,14.1944,0:02:01,24403,0.83
Notificaciones,143,4.0317,0:01:41,,
Páginas de canal,121,4.6344,0:02:17,7535,1.22
Listas de reproducción,110,4.6012,0:02:30,4035,1.98
Fuentes externas,66,1.919,0:01:44,,
Búsqueda de YouTube,38,1.4703,0:02:19,1374,2.04
Página de lista de reproducción,33,0.8904,0:01:37,1843,1.25
Pantallas finales,33,1.9915,0:03:37,,
Vídeos sugeridos,24,0.9406,0:02:21,880,1.36
Directa o desconocida,15,0.3336,0:01:20,,
Otras funciones de YouTube,14,0.7777,0:03:19,,
