Fuente de tráfico,Visualizaciones,Tiempo de visualización (horas),Duración media de las visualizaciones,Impresiones,Porcentaje de clics de las impresiones (%)
Total,476,2.4621,0:00:18,13330,1.08
Feed de Shorts,159,0.6238,0:00:14,,
Funciones de exploración,119,0.654,0:00:19,5022,0.78
Páginas de canal,83,0.4506,0:00:19,5543,0.56
Vídeos sugeridos,72,0.4854,0:00:24,2461,2.76
Notificaciones,17,0.1265,0:00:26,,
Búsqueda de YouTube,11,0.0527,0:00:17,285,1.75
Otras funciones de YouTube,4,0.0069,0:00:06,,
Fuentes externas,4,0.0278,0:00:25,,
Directa o desconocida,3,0.0061,0:00:07,,
Listas de reproducción,3,0.0227,0:00:27,16,6.25
Pantallas finales,1,0.0056,0:00:20,,
Página de lista de reproducción,,,,3,0
