Fuente de tráfico,Visualizaciones,Tiempo de visualización (horas),Duración media de las visualizaciones,Impresiones,Porcentaje de clics de las impresiones (%)
Total,3039,172.5609,0:03:24,100814,1.17
Funciones de exploración,1809,81.3246,0:02:41,83187,0.81
Búsqueda de YouTube,314,15.531,0:02:58,6333,3.96
Fuentes externas,264,13.9658,0:03:10,,
Notificaciones,174,13.9018,0:04:47,,
Páginas de canal,163,21.2284,0:07:48,6493,2.09
Vídeos sugeridos,136,13.2295,0:05:50,3464,2.68
Directa o desconocida,109,6.4791,0:03:33,,
Otras funciones de YouTube,29,3.4129,0:07:03,,
Listas de reproducción,23,1.3548,0:03:32,808,2.1
Pantallas finales,10,1.3957,0:08:22,,
Página de lista de reproducción,8,0.7374,0:05:31,529,1.51
