Fuente de tráfico,Visualizaciones,Tiempo de visualización (horas),Duración media de las visualizaciones,Impresiones,Porcentaje de clics de las impresiones (%)
Total,1697,80.1163,0:02:49,52381,1.46
Funciones de exploración,870,38.6589,0:02:39,35816,1.25
Vídeos sugeridos,213,13.1125,0:03:41,4231,3.36
Notificaciones,164,8.3616,0:03:03,,
Fuentes externas,144,4.5755,0:01:54,,
Páginas de canal,111,5.7992,0:03:08,6851,1.24
Listas de reproducción,69,3.0774,0:02:40,2941,1.56
Búsqueda de YouTube,52,2.6557,0:03:03,1032,3.59
Directa o desconocida,34,1.3184,0:02:19,,
Otras funciones de YouTube,22,1.5914,0:04:20,,
Página de lista de reproducción,9,0.2905,0:01:56,1510,0.46
Pantallas finales,9,0.6752,0:04:30,,
