Fuente de tráfico,Visualizaciones,Tiempo de visualización (horas),Duración media de las visualizaciones,Impresiones,Porcentaje de clics de las impresiones (%)
Total,4068,256.7457,0:03:47,105678,1.8
Funciones de exploración,1726,83.4177,0:02:53,72499,1.08
Búsqueda de YouTube,642,50.9952,0:04:45,12470,4.53
Fuentes externas,544,38.0629,0:04:11,,
Vídeos sugeridos,400,28.0108,0:04:12,7784,3.8
Páginas de canal,283,24.071,0:05:06,10645,2.12
Notificaciones,162,10.0318,0:03:42,,
Directa o desconocida,144,8.3659,0:03:29,,
Otras funciones de YouTube,85,6.3383,0:04:28,,
Listas de reproducción,42,3.1202,0:04:27,1399,1.64
Pantallas finales,28,2.7052,0:05:47,,
Página de lista de reproducción,12,1.6267,0:08:07,881,0.91
