Fecha,Estado de suscripción,Visualizaciones
2022-01-18,Suscrito,0
2022-01-19,Suscrito,0
2022-01-20,Suscrito,0
2022-01-21,Suscrito,0
2022-01-22,Suscrito,0
2022-01-23,Suscrito,0
2022-01-24,Suscrito,0
2022-01-25,Suscrito,0
2022-01-26,Suscrito,0
2022-01-27,Suscrito,0
2022-01-28,Suscrito,0
2022-01-29,Suscrito,0
2022-01-30,Suscrito,0
2022-01-31,Suscrito,0
2022-02-01,Suscrito,0
2022-02-02,Suscrito,0
2022-02-03,Suscrito,0
2022-02-04,Suscrito,0
2022-02-05,Suscrito,0
2022-02-06,Suscrito,0
2022-02-07,Suscrito,0
2022-02-08,Suscrito,0
2022-02-09,Suscrito,0
2022-02-10,Suscrito,0
2022-02-11,Suscrito,0
2022-02-12,Suscrito,0
2022-02-13,Suscrito,0
2022-02-14,Suscrito,0
2022-02-15,Suscrito,0
2022-02-16,Suscrito,0
2022-02-17,Suscrito,464
2022-02-18,Suscrito,409
2022-02-19,Suscrito,289
2022-02-20,Suscrito,190
2022-02-21,Suscrito,129
2022-02-22,Suscrito,73
2022-02-23,Suscrito,35
2022-02-24,Suscrito,10
2022-02-25,Suscrito,17
2022-02-26,Suscrito,7
2022-02-27,Suscrito,5
2022-02-28,Suscrito,7
2022-03-01,Suscrito,6
2022-03-02,Suscrito,5
2022-03-03,Suscrito,5
2022-03-04,Suscrito,6
2022-03-05,Suscrito,5
2022-03-06,Suscrito,5
2022-03-07,Suscrito,10
2022-03-08,Suscrito,2
2022-03-09,Suscrito,0
2022-03-10,Suscrito,0
2022-03-11,Suscrito,1
2022-03-12,Suscrito,3
2022-03-13,Suscrito,2
2022-03-14,Suscrito,1
2022-03-15,Suscrito,3
2022-03-16,Suscrito,1
2022-03-17,Suscrito,0
2022-03-18,Suscrito,0
2022-03-19,Suscrito,2
2022-03-20,Suscrito,1
2022-03-21,Suscrito,1
2022-03-22,Suscrito,1
2022-03-23,Suscrito,3
2022-03-24,Suscrito,2
2022-03-25,Suscrito,2
2022-03-26,Suscrito,1
2022-03-27,Suscrito,1
2022-03-28,Suscrito,1
2022-03-29,Suscrito,2
2022-03-30,Suscrito,2
2022-03-31,Suscrito,3
2022-04-01,Suscrito,1
2022-04-02,Suscrito,3
2022-04-03,Suscrito,3
2022-04-04,Suscrito,0
2022-04-05,Suscrito,3
2022-04-06,Suscrito,4
2022-04-07,Suscrito,2
2022-04-08,Suscrito,0
2022-04-09,Suscrito,0
2022-04-10,Suscrito,1
2022-04-11,Suscrito,2
2022-04-12,Suscrito,2
2022-04-13,Suscrito,3
2022-04-14,Suscrito,3
2022-04-15,Suscrito,4
2022-04-16,Suscrito,4
2022-04-17,Suscrito,0
2022-04-18,Suscrito,1
2022-04-19,Suscrito,0
2022-04-20,Suscrito,1
2022-04-21,Suscrito,0
2022-04-22,Suscrito,0
2022-04-23,Suscrito,1
2022-04-24,Suscrito,1
2022-04-25,Suscrito,1
2022-04-26,Suscrito,2
2022-04-27,Suscrito,5
2022-04-28,Suscrito,3
2022-04-29,Suscrito,3
2022-04-30,Suscrito,2
2022-05-01,Suscrito,3
2022-05-02,Suscrito,2
2022-05-03,Suscrito,2
2022-05-04,Suscrito,0
2022-05-05,Suscrito,2
2022-05-06,Suscrito,1
2022-05-07,Suscrito,2
2022-05-08,Suscrito,2
2022-05-09,Suscrito,2
2022-05-10,Suscrito,0
2022-05-11,Suscrito,0
2022-05-12,Suscrito,1
2022-05-13,Suscrito,1
2022-05-14,Suscrito,0
2022-05-15,Suscrito,2
2022-05-16,Suscrito,0
2022-05-17,Suscrito,1
2022-05-18,Suscrito,1
2022-05-19,Suscrito,0
2022-05-20,Suscrito,1
2022-05-21,Suscrito,0
2022-05-22,Suscrito,1
2022-05-23,Suscrito,0
2022-05-24,Suscrito,0
2022-05-25,Suscrito,3
2022-05-26,Suscrito,0
2022-05-27,Suscrito,2
2022-05-28,Suscrito,0
2022-05-29,Suscrito,2
2022-05-30,Suscrito,2
2022-05-31,Suscrito,0
2022-06-01,Suscrito,1
2022-06-02,Suscrito,1
2022-06-03,Suscrito,2
2022-06-04,Suscrito,0
2022-06-05,Suscrito,1
2022-06-06,Suscrito,0
2022-06-07,Suscrito,1
2022-06-08,Suscrito,8
2022-06-09,Suscrito,5
2022-06-10,Suscrito,4
2022-06-11,Suscrito,3
2022-06-12,Suscrito,2
2022-06-13,Suscrito,0
2022-06-14,Suscrito,0
2022-06-15,Suscrito,1
2022-06-16,Suscrito,2
2022-06-17,Suscrito,3
2022-06-18,Suscrito,2
2022-06-19,Suscrito,1
2022-06-20,Suscrito,0
2022-06-21,Suscrito,0
2022-06-22,Suscrito,0
2022-06-23,Suscrito,3
2022-06-24,Suscrito,0
2022-06-25,Suscrito,3
2022-06-26,Suscrito,1
2022-06-27,Suscrito,5
2022-06-28,Suscrito,0
2022-06-29,Suscrito,1
2022-06-30,Suscrito,1
2022-07-01,Suscrito,1
2022-07-02,Suscrito,4
2022-07-03,Suscrito,1
2022-07-04,Suscrito,1
2022-07-05,Suscrito,2
2022-07-06,Suscrito,0
2022-07-07,Suscrito,0
2022-07-08,Suscrito,3
2022-07-09,Suscrito,0
2022-07-10,Suscrito,1
2022-07-11,Suscrito,1
2022-07-12,Suscrito,3
2022-07-13,Suscrito,2
2022-07-14,Suscrito,1
2022-07-15,Suscrito,0
2022-07-16,Suscrito,2
2022-07-17,Suscrito,4
2022-07-18,Suscrito,0
2022-07-19,Suscrito,2
2022-07-20,Suscrito,2
2022-07-21,Suscrito,0
2022-07-22,Suscrito,1
2022-07-23,Suscrito,3
2022-07-24,Suscrito,2
2022-07-25,Suscrito,1
2022-07-26,Suscrito,1
2022-07-27,Suscrito,0
2022-07-28,Suscrito,0
2022-07-29,Suscrito,0
2022-07-30,Suscrito,0
2022-07-31,Suscrito,1
2022-08-01,Suscrito,1
2022-08-02,Suscrito,1
2022-08-03,Suscrito,0
2022-08-04,Suscrito,1
2022-08-05,Suscrito,1
2022-08-06,Suscrito,3
2022-08-07,Suscrito,1
2022-08-08,Suscrito,3
2022-08-09,Suscrito,1
2022-08-10,Suscrito,1
2022-08-11,Suscrito,0
2022-08-12,Suscrito,0
2022-08-13,Suscrito,1
2022-08-14,Suscrito,1
2022-08-15,Suscrito,0
2022-08-16,Suscrito,0
2022-08-17,Suscrito,0
2022-08-18,Suscrito,1
2022-08-19,Suscrito,2
2022-08-20,Suscrito,1
2022-08-21,Suscrito,0
2022-08-22,Suscrito,4
2022-08-23,Suscrito,3
2022-08-24,Suscrito,3
2022-08-25,Suscrito,2
2022-08-26,Suscrito,0
2022-08-27,Suscrito,3
2022-08-28,Suscrito,3
2022-08-29,Suscrito,2
2022-08-30,Suscrito,1
2022-08-31,Suscrito,1
2022-09-01,Suscrito,0
2022-09-02,Suscrito,0
2022-09-03,Suscrito,1
2022-09-04,Suscrito,0
2022-09-05,Suscrito,1
2022-09-06,Suscrito,3
2022-09-07,Suscrito,1
2022-09-08,Suscrito,0
2022-09-09,Suscrito,0
2022-09-10,Suscrito,0
2022-09-11,Suscrito,4
2022-09-12,Suscrito,4
2022-09-13,Suscrito,2
2022-09-14,Suscrito,0
2022-09-15,Suscrito,0
2022-09-16,Suscrito,3
2022-09-17,Suscrito,3
2022-09-18,Suscrito,0
2022-09-19,Suscrito,0
2022-09-20,Suscrito,3
2022-09-21,Suscrito,3
2022-09-22,Suscrito,1
2022-09-23,Suscrito,1
2022-09-24,Suscrito,3
2022-09-25,Suscrito,2
2022-09-26,Suscrito,2
2022-09-27,Suscrito,0
2022-09-28,Suscrito,2
2022-09-29,Suscrito,3
2022-09-30,Suscrito,0
2022-10-01,Suscrito,1
2022-10-02,Suscrito,1
2022-10-03,Suscrito,0
2022-10-04,Suscrito,1
2022-10-05,Suscrito,0
2022-10-06,Suscrito,2
2022-10-07,Suscrito,3
2022-10-08,Suscrito,3
2022-10-09,Suscrito,5
2022-10-10,Suscrito,1
2022-10-11,Suscrito,2
2022-01-18,No suscrito,0
2022-01-19,No suscrito,0
2022-01-20,No suscrito,0
2022-01-21,No suscrito,0
2022-01-22,No suscrito,0
2022-01-23,No suscrito,0
2022-01-24,No suscrito,0
2022-01-25,No suscrito,0
2022-01-26,No suscrito,0
2022-01-27,No suscrito,0
2022-01-28,No suscrito,0
2022-01-29,No suscrito,0
2022-01-30,No suscrito,0
2022-01-31,No suscrito,0
2022-02-01,No suscrito,0
2022-02-02,No suscrito,0
2022-02-03,No suscrito,0
2022-02-04,No suscrito,0
2022-02-05,No suscrito,0
2022-02-06,No suscrito,0
2022-02-07,No suscrito,0
2022-02-08,No suscrito,0
2022-02-09,No suscrito,0
2022-02-10,No suscrito,0
2022-02-11,No suscrito,0
2022-02-12,No suscrito,0
2022-02-13,No suscrito,0
2022-02-14,No suscrito,0
2022-02-15,No suscrito,0
2022-02-16,No suscrito,0
2022-02-17,No suscrito,132
2022-02-18,No suscrito,173
2022-02-19,No suscrito,111
2022-02-20,No suscrito,224
2022-02-21,No suscrito,244
2022-02-22,No suscrito,159
2022-02-23,No suscrito,129
2022-02-24,No suscrito,10
2022-02-25,No suscrito,4
2022-02-26,No suscrito,5
2022-02-27,No suscrito,2
2022-02-28,No suscrito,4
2022-03-01,No suscrito,0
2022-03-02,No suscrito,1
2022-03-03,No suscrito,3
2022-03-04,No suscrito,0
2022-03-05,No suscrito,1
2022-03-06,No suscrito,2
2022-03-07,No suscrito,2
2022-03-08,No suscrito,2
2022-03-09,No suscrito,4
2022-03-10,No suscrito,0
2022-03-11,No suscrito,2
2022-03-12,No suscrito,0
2022-03-13,No suscrito,2
2022-03-14,No suscrito,0
2022-03-15,No suscrito,1
2022-03-16,No suscrito,0
2022-03-17,No suscrito,2
2022-03-18,No suscrito,0
2022-03-19,No suscrito,2
2022-03-20,No suscrito,2
2022-03-21,No suscrito,4
2022-03-22,No suscrito,4
2022-03-23,No suscrito,3
2022-03-24,No suscrito,5
2022-03-25,No suscrito,3
2022-03-26,No suscrito,0
2022-03-27,No suscrito,4
2022-03-28,No suscrito,3
2022-03-29,No suscrito,5
2022-03-30,No suscrito,2
2022-03-31,No suscrito,0
2022-04-01,No suscrito,1
2022-04-02,No suscrito,2
2022-04-03,No suscrito,0
2022-04-04,No suscrito,4
2022-04-05,No suscrito,2
2022-04-06,No suscrito,3
2022-04-07,No suscrito,0
2022-04-08,No suscrito,2
2022-04-09,No suscrito,0
2022-04-10,No suscrito,1
2022-04-11,No suscrito,0
2022-04-12,No suscrito,1
2022-04-13,No suscrito,2
2022-04-14,No suscrito,2
2022-04-15,No suscrito,0
2022-04-16,No suscrito,1
2022-04-17,No suscrito,1
2022-04-18,No suscrito,2
2022-04-19,No suscrito,0
2022-04-20,No suscrito,2
2022-04-21,No suscrito,1
2022-04-22,No suscrito,3
2022-04-23,No suscrito,1
2022-04-24,No suscrito,1
2022-04-25,No suscrito,6
2022-04-26,No suscrito,3
2022-04-27,No suscrito,3
2022-04-28,No suscrito,4
2022-04-29,No suscrito,2
2022-04-30,No suscrito,4
2022-05-01,No suscrito,0
2022-05-02,No suscrito,2
2022-05-03,No suscrito,1
2022-05-04,No suscrito,3
2022-05-05,No suscrito,2
2022-05-06,No suscrito,1
2022-05-07,No suscrito,0
2022-05-08,No suscrito,3
2022-05-09,No suscrito,0
2022-05-10,No suscrito,4
2022-05-11,No suscrito,2
2022-05-12,No suscrito,1
2022-05-13,No suscrito,6
2022-05-14,No suscrito,1
2022-05-15,No suscrito,1
2022-05-16,No suscrito,2
2022-05-17,No suscrito,1
2022-05-18,No suscrito,0
2022-05-19,No suscrito,0
2022-05-20,No suscrito,1
2022-05-21,No suscrito,3
2022-05-22,No suscrito,1
2022-05-23,No suscrito,1
2022-05-24,No suscrito,0
2022-05-25,No suscrito,2
2022-05-26,No suscrito,2
2022-05-27,No suscrito,0
2022-05-28,No suscrito,1
2022-05-29,No suscrito,2
2022-05-30,No suscrito,2
2022-05-31,No suscrito,0
2022-06-01,No suscrito,2
2022-06-02,No suscrito,3
2022-06-03,No suscrito,2
2022-06-04,No suscrito,1
2022-06-05,No suscrito,5
2022-06-06,No suscrito,0
2022-06-07,No suscrito,2
2022-06-08,No suscrito,8
2022-06-09,No suscrito,7
2022-06-10,No suscrito,3
2022-06-11,No suscrito,3
2022-06-12,No suscrito,1
2022-06-13,No suscrito,4
2022-06-14,No suscrito,9
2022-06-15,No suscrito,1
2022-06-16,No suscrito,7
2022-06-17,No suscrito,3
2022-06-18,No suscrito,1
2022-06-19,No suscrito,0
2022-06-20,No suscrito,1
2022-06-21,No suscrito,6
2022-06-22,No suscrito,4
2022-06-23,No suscrito,0
2022-06-24,No suscrito,3
2022-06-25,No suscrito,4
2022-06-26,No suscrito,0
2022-06-27,No suscrito,3
2022-06-28,No suscrito,1
2022-06-29,No suscrito,2
2022-06-30,No suscrito,5
2022-07-01,No suscrito,3
2022-07-02,No suscrito,3
2022-07-03,No suscrito,2
2022-07-04,No suscrito,0
2022-07-05,No suscrito,5
2022-07-06,No suscrito,3
2022-07-07,No suscrito,1
2022-07-08,No suscrito,4
2022-07-09,No suscrito,0
2022-07-10,No suscrito,1
2022-07-11,No suscrito,3
2022-07-12,No suscrito,2
2022-07-13,No suscrito,1
2022-07-14,No suscrito,0
2022-07-15,No suscrito,0
2022-07-16,No suscrito,3
2022-07-17,No suscrito,2
2022-07-18,No suscrito,3
2022-07-19,No suscrito,4
2022-07-20,No suscrito,5
2022-07-21,No suscrito,1
2022-07-22,No suscrito,2
2022-07-23,No suscrito,3
2022-07-24,No suscrito,0
2022-07-25,No suscrito,1
2022-07-26,No suscrito,2
2022-07-27,No suscrito,3
2022-07-28,No suscrito,0
2022-07-29,No suscrito,0
2022-07-30,No suscrito,2
2022-07-31,No suscrito,3
2022-08-01,No suscrito,0
2022-08-02,No suscrito,3
2022-08-03,No suscrito,2
2022-08-04,No suscrito,2
2022-08-05,No suscrito,2
2022-08-06,No suscrito,4
2022-08-07,No suscrito,4
2022-08-08,No suscrito,2
2022-08-09,No suscrito,2
2022-08-10,No suscrito,1
2022-08-11,No suscrito,1
2022-08-12,No suscrito,0
2022-08-13,No suscrito,0
2022-08-14,No suscrito,3
2022-08-15,No suscrito,0
2022-08-16,No suscrito,0
2022-08-17,No suscrito,4
2022-08-18,No suscrito,3
2022-08-19,No suscrito,3
2022-08-20,No suscrito,5
2022-08-21,No suscrito,1
2022-08-22,No suscrito,4
2022-08-23,No suscrito,2
2022-08-24,No suscrito,7
2022-08-25,No suscrito,2
2022-08-26,No suscrito,2
2022-08-27,No suscrito,4
2022-08-28,No suscrito,5
2022-08-29,No suscrito,3
2022-08-30,No suscrito,3
2022-08-31,No suscrito,3
2022-09-01,No suscrito,3
2022-09-02,No suscrito,2
2022-09-03,No suscrito,1
2022-09-04,No suscrito,0
2022-09-05,No suscrito,2
2022-09-06,No suscrito,5
2022-09-07,No suscrito,1
2022-09-08,No suscrito,6
2022-09-09,No suscrito,0
2022-09-10,No suscrito,1
2022-09-11,No suscrito,4
2022-09-12,No suscrito,7
2022-09-13,No suscrito,1
2022-09-14,No suscrito,3
2022-09-15,No suscrito,0
2022-09-16,No suscrito,1
2022-09-17,No suscrito,0
2022-09-18,No suscrito,0
2022-09-19,No suscrito,5
2022-09-20,No suscrito,6
2022-09-21,No suscrito,1
2022-09-22,No suscrito,7
2022-09-23,No suscrito,1
2022-09-24,No suscrito,2
2022-09-25,No suscrito,3
2022-09-26,No suscrito,3
2022-09-27,No suscrito,4
2022-09-28,No suscrito,5
2022-09-29,No suscrito,0
2022-09-30,No suscrito,1
2022-10-01,No suscrito,0
2022-10-02,No suscrito,0
2022-10-03,No suscrito,0
2022-10-04,No suscrito,2
2022-10-05,No suscrito,3
2022-10-06,No suscrito,0
2022-10-07,No suscrito,3
2022-10-08,No suscrito,2
2022-10-09,No suscrito,6
2022-10-10,No suscrito,5
2022-10-11,No suscrito,1
