Fuente de tráfico,Visualizaciones,Tiempo de visualización (horas),Duración media de las visualizaciones,Impresiones,Porcentaje de clics de las impresiones (%)
Total,1376,83.4713,0:03:38,61654,0.96
Funciones de exploración,641,29.8231,0:02:47,41895,0.6
Búsqueda de YouTube,195,14.0716,0:04:19,3613,4.48
Notificaciones,145,9.5832,0:03:57,,
Páginas de canal,134,10.7139,0:04:47,10293,0.94
Fuentes externas,109,9.0036,0:04:57,,
Listas de reproducción,55,4.4154,0:04:49,2434,1.56
Vídeos sugeridos,52,3.3023,0:03:48,2164,1.8
Directa o desconocida,23,1.1917,0:03:06,,
Otras funciones de YouTube,12,1.0445,0:05:13,,
Página de lista de reproducción,9,0.3173,0:02:06,1255,0.64
Pantallas finales,1,0.0047,0:00:16,,
