Ciudades,Nombre de la ciudad,Visualizaciones,Tiempo de visualización (horas),Duración media de las visualizaciones
Total,,2183,206.4005,0:05:40
0x85ce0026db097507:0x54061076265ee841,Ciudad de México,18,1.2103,0:04:02
0x9105c5f619ee3ec7:0x14206cb9cc452e4a,Lima,18,1.1727,0:03:54
0x8e3f9bfd2da6cb29:0x239d635520a33914,Bogotá,17,2.4161,0:08:31
0x945da8076e69dbf5:0xaceb7a46bf1936c9,Asunción,10,0.0208,0:00:07
0x2e6f5e82ef269cdf:0x401e8f1fc28e1b0,Ciamis,0,0,
0x8429ec143ae4d9fb:0x4016978679c5220,Aguascalientes,0,0,
0x842cba641e60c675:0x998fd3ad9a7d2747,Celaya,0,0,
0x842ed8dac7c46fef:0x312062e6d2b2e7f,Ocotlán,0,0,
0x85cfb3eee015f935:0x5c4b12a3f9f700e7,Atlixco,0,0,
0x8e666c093b3e7993:0x4b3f740ed280c8f,Táriba,0,0,
0x8e666ca49582d39f:0xe35525b271c7ef85,San Cristóbal,0,0,
0x8f664f403dfe9bb9:0x3d77d9873ff9669,Choloma,0,0,
0x904a107c793c39b7:0x1de8948d1c01fe28,Piura,0,0,
0x9142360c24fc64b5:0x6607d4cd6a9ce4ff,Cerro Colorado,0,0,
0x91424b60cb347581:0x76922d9aa76602c,Paucarpata,0,0,
0x91a7c2bd27e34f59:0xb12f7fa07930c2f,Pillco Marca,0,0,
