Ciudades,Nombre de la ciudad,Visualizaciones,Tiempo de visualización (horas),Duración media de las visualizaciones
Total,,4068,256.7457,0:03:47
0x9105c5f619ee3ec7:0x14206cb9cc452e4a,Lima,119,6.0169,0:03:02
0x8e3f9bfd2da6cb29:0x239d635520a33914,Bogotá,26,0.8196,0:01:53
0x85ce0026db097507:0x54061076265ee841,Ciudad de México,25,1.2554,0:03:00
0x8e7b583bb9f6f665:0x6b4ce066ae95450c,Barinas,0,0,
0x910e959759f85b9f:0xff3c15e597b3d50a,Chupaca,0,0,
0x959f80ffc63bf7d3:0x6b321b2e355bec99,Montevideo,0,0,
