Fuente de tráfico,Visualizaciones,Tiempo de visualización (horas),Duración media de las visualizaciones,Impresiones,Porcentaje de clics de las impresiones (%)
Total,3078,390.6325,0:07:36,57793,2.98
Búsqueda de YouTube,927,112.5074,0:07:16,14411,5.17
Funciones de exploración,628,73.5542,0:07:01,16963,2.05
Vídeos sugeridos,624,109.1607,0:10:29,15568,2.79
Notificaciones,258,30.0473,0:06:59,,
Páginas de canal,240,30.2451,0:07:33,8041,2.03
Fuentes externas,184,10.9811,0:03:34,,
Directa o desconocida,119,12.7057,0:06:24,,
Otras funciones de YouTube,54,7.6807,0:08:32,,
Listas de reproducción,28,2.2433,0:04:48,1914,1.04
Página de lista de reproducción,14,0.9226,0:03:57,896,1.45
Pantallas finales,2,0.5844,0:17:31,,
