Fuente de tráfico,Visualizaciones,Tiempo de visualización (horas),Duración media de las visualizaciones,Impresiones,Porcentaje de clics de las impresiones (%)
Total,2047,173.0057,0:05:04,56356,2.45
Funciones de exploración,991,66.0171,0:03:59,39871,2.13
Vídeos sugeridos,304,35.3347,0:06:58,5334,3.79
Búsqueda de YouTube,202,18.647,0:05:32,4662,3.6
Páginas de canal,169,21.5378,0:07:38,5059,2.69
Notificaciones,161,11.5056,0:04:17,,
Fuentes externas,81,4.6697,0:03:27,,
Directa o desconocida,51,3.9037,0:04:35,,
Otras funciones de YouTube,33,4.3012,0:07:49,,
Listas de reproducción,22,1.761,0:04:48,887,1.24
Pantallas finales,19,3.2607,0:10:17,,
Página de lista de reproducción,14,2.0672,0:08:51,543,2.21
