Ciudades,Nombre de la ciudad,Visualizaciones,Tiempo de visualización (horas),Duración media de las visualizaciones
Total,,13062,589.1126,0:02:42
0x9105c5f619ee3ec7:0x14206cb9cc452e4a,Lima,738,36.557,0:02:58
0x85ce0026db097507:0x54061076265ee841,Ciudad de México,422,20.2521,0:02:52
0x8e3f9bfd2da6cb29:0x239d635520a33914,Bogotá,223,11.1969,0:03:00
0x8589a180655c3345:0x4a72c7815b867b25,Ciudad de Guatemala,141,3.9895,0:01:41
0x915edf0a04f5a40f:0x57dbfc76b4458ab3,La Paz,138,6.6397,0:02:53
0x93f1e81ca7c01a63:0x5c8b0a53a467611b,Santa Cruz de la Sierra,123,3.6136,0:01:45
0x91d59a4002427c9f:0x44b991e158ef5572,Quito,95,3.5807,0:02:15
0x902d13cbe855805f:0x8015a492f4fca473,Guayaquil,82,2.9205,0:02:08
0x8faca8f1dbe80363:0xaba25df1f042c10e,Panamá,53,1.4195,0:01:36
0x85cfc0bd5ebc7a3b:0x48a6461de494ad95,Heroica Puebla de Zaragoza,44,1.6323,0:02:13
0x9662c5410425af2f:0x8475d53c400f0931,Santiago,39,1.5191,0:02:20
0x8eaf89f1107ea5ab:0xd6c587b82715c164,Santo Domingo,38,1.2383,0:01:57
0x91ad3d7fe3fae92d:0xd3bc7d125d4e8508,Trujillo,33,0.9988,0:01:48
0x8428b18cb52fd39b:0xd63d9302bf865750,Guadalajara,23,1.0637,0:02:46
0x86629531b437f8f5:0xa3d3d3ca6ac89894,Monterrey,17,0.3455,0:01:13
0x95bcca3b4ef90cbd:0xa0b3812e88e88e87,Buenos Aires,15,0.2205,0:00:52
0x3755b8b087026b81:0x8fa563bbdd5904c2,Daca,12,0.0509,0:00:15
0x8f633067b411775d:0x1f75978893fb5c96,San Salvador,12,0.3815,0:01:54
0x85d1f21c72f777a1:0x4cd4540a42b26680,Ecatepec de Morelos,11,0.537,0:02:55
0x8f71560dd907880b:0x6c5ef4a2144f4c6a,Managua,11,0.3055,0:01:39
0x80d9390226587bd3:0x14724bafa4e62456,Tijuana,10,0.1158,0:00:41
0x85d1fca946577449:0x791d23070fe4cf48,Nezahualcóyotl,10,0.4175,0:02:30
0x86e75ecb3d0b329d:0xb196100549c7974,Ciudad Juárez,10,0.2089,0:01:15
0x89c24fa5d33f083b:0xc80b8f06e177fe62,Nueva York,10,0.1794,0:01:04
0x8f6fa2babf743d51:0x68cf2238206ac9d3,Tegucigalpa,10,0.1072,0:00:38
0x91086d5a5ee8c7a9:0x9034500fa5fbc3ad,Cerro De Pasco,0,0,
0x91b25afd3fc7d087:0xea80a2b94d876b2b,Cajamarca,0,0,
0xd2e7cfcf174574d:0x6a47350d095cdfee,A Coruña,0,0,
