Ciudades,Nombre de la ciudad,Visualizaciones,Tiempo de visualización (horas),Duración media de las visualizaciones
Total,,151522,5615.8666,0:02:13
0x9105c5f619ee3ec7:0x14206cb9cc452e4a,Lima,8245,432.873,0:03:09
0x2e69f3e945e34b9d:0x5371bf0fdad786a2,Yakarta,5151,71.7326,0:00:50
0x2dd7fbf8381ac47f:0x3027a76e352be40,Surabaya,4081,52.1429,0:00:45
0x85ce0026db097507:0x54061076265ee841,Ciudad de México,3394,134.4678,0:02:22
0x8e3f9bfd2da6cb29:0x239d635520a33914,Bogotá,2069,96.1618,0:02:47
0x2e708b4d3f0d024d:0x1e0432b9da5cb9f2,Semarang,2039,31.0119,0:00:54
0x2e68e6398252477f:0x146a1f93d3e815b2,Bandung,1780,25.5701,0:00:51
0x915edf0a04f5a40f:0x57dbfc76b4458ab3,La Paz,1202,40.8833,0:02:02
0x2dbee329d96c4671:0x3030bfbcaf770b0,Macasar,961,17.9133,0:01:07
0x8589a180655c3345:0x4a72c7815b867b25,Ciudad de Guatemala,934,28.2634,0:01:48
0x91d59a4002427c9f:0x44b991e158ef5572,Quito,829,31.9481,0:02:18
0x9662c5410425af2f:0x8475d53c400f0931,Santiago,825,30.8385,0:02:14
0x93f1e81ca7c01a63:0x5c8b0a53a467611b,Santa Cruz de la Sierra,804,28.3515,0:02:06
0x902d13cbe855805f:0x8015a492f4fca473,Guayaquil,728,22.7702,0:01:52
0x94ce448183a461d1:0x9ba94b08ff335bae,São Paulo,677,15.4736,0:01:22
0x303131cc1c3eb2fd:0x23d431c8a6908262,Medan,642,9.9326,0:00:55
0x91ad3d7fe3fae92d:0xd3bc7d125d4e8508,Trujillo,639,30.5274,0:02:51
0x31d5ab80690ee7b1:0x94dde92c3823dbe4,Pekanbaru,524,9.4942,0:01:05
0x2e698671b82e87bf:0xe7318771148e5f8a,Bekasi,514,6.9008,0:00:48
0x8eaf89f1107ea5ab:0xd6c587b82715c164,Santo Domingo,435,15.7937,0:02:10
0x3109513dc76a6be3:0x9c010ee85ab525bb,Nom Pen,415,5.7335,0:00:49
0x2e3b75e8fc27a3e3:0x3039d80b220d0c0,Palembang,370,5.7405,0:00:55
0x3b080d514abec6bf:0xbd582caa5844192,Cochín,350,3.6624,0:00:37
0x2dd2409b0e5e80db:0xe27334e8ccb9374a,Denpasar,320,4.0874,0:00:45
0x9bde559108a05b:0x50dc426c672fd24e,Río de Janeiro,284,7.5734,0:01:36
0x85cfc0bd5ebc7a3b:0x48a6461de494ad95,Heroica Puebla de Zaragoza,256,11.6396,0:02:43
0x8f71560dd907880b:0x6c5ef4a2144f4c6a,Managua,215,5.6431,0:01:34
0x3bcb99daeaebd2c7:0xae93b78392bafbc2,Hyderabad,195,2.0282,0:00:37
0x311d6032280d61f3:0x10100b25de24820,Bangkok,173,2.2329,0:00:46
0x8faca8f1dbe80363:0xaba25df1f042c10e,Panamá,167,5.3776,0:01:55
0x8f56715cab450d17:0x5dfc155715abeb09,Mérida,143,7.6422,0:03:12
0x2dd62822063dc2fb:0x78879446481a4da2,Malang,140,2.3584,0:01:00
0x91424a487785b9b3:0xa3c4a612b9942036,Arequipa,136,8.5195,0:03:45
0x3ae253d10f7a7003:0x320b2e4d32d3838d,Colombo,135,1.9557,0:00:52
0x8428b18cb52fd39b:0xd63d9302bf865750,Guadalajara,135,5.8938,0:02:37
0x317529292e8d3dd1:0xf15f5aad773c112b,Ciudad Ho Chi Minh (Saigón),130,3.4019,0:01:34
0x2e7a16627ad11ab1:0xe7fe4e0454bc3095,Surakarta,122,3.0813,0:01:30
0x2e7a5787bd5b6bc5:0x21723fd4d3684f71,Yogyakarta,105,1.2439,0:00:42
0x95bcca3b4ef90cbd:0xa0b3812e88e88e87,Buenos Aires,104,4.2256,0:02:26
0x2e69c44a0cd6aab5:0x301576d14feb9a0,Bogor,102,1.9959,0:01:10
0x85d1f21c72f777a1:0x4cd4540a42b26680,Ecatepec de Morelos,100,2.524,0:01:30
0x31cc49c701efeae7:0xf4d98e5b2f1c287d,Kuala Lumpur,95,1.0664,0:00:40
0x3ba859af2f971cb5:0x2fc1c81e183ed282,Coimbatore,94,0.563,0:00:21
0x7c74f21f6c15c2f:0xfd6d6706cb7927aa,Fortaleza,91,2.6868,0:01:46
0x3a1909d2d5170aa5:0xfc580e2b68b33fa8,Bhubaneshwar,89,1.0778,0:00:43
0x926c1bc8b37647b7:0x2b485c9ff765a9cc,Manaos,85,1.8625,0:01:18
0x8eaf86f1f07bf257:0x79a94f00155fb584,Santo Domingo Este,84,3.8014,0:02:42
0x2de4209aa1eec961:0x26030bfcc09204d2,Banjarmasin,76,1.1468,0:00:54
0x716112050422ebd:0xf71c84369573db9d,Salvador de Bahía,73,1.174,0:00:57
0x8f633067b411775d:0x1f75978893fb5c96,San Salvador,73,2.2144,0:01:49
0x2e40da46f3aa6fbf:0x3039d80b220cc40,Bandar Lampung,66,1.2678,0:01:09
0x2e69ec0828bcde9f:0x301576d150524f0,Depok,60,0.4972,0:00:29
0x80d9390226587bd3:0x14724bafa4e62456,Tijuana,60,2.0462,0:02:02
0x93e373e0d9e4ab27:0xa2719ae9532c3e65,Cochabamba,55,2.3531,0:02:34
0x8c2a58adcd824807:0x93dd2eae0a998483,Caracas,45,2.2224,0:02:57
0x86629531b437f8f5:0xa3d3d3ca6ac89894,Monterrey,43,1.3038,0:01:49
0x2e69f8e853d2e38d:0x301576d14feb9c0,Tangerang,37,0.6907,0:01:07
0x399bfd991f32b16b:0x93ccba8909978be7,Lucknow,36,0.7286,0:01:12
0x7ab196f94e5408b:0xe5800ef782bde3a6,Recife,36,1.0073,0:01:40
0x8f6fa2babf743d51:0x68cf2238206ac9d3,Tegucigalpa,36,0.5913,0:00:59
0x3135ab9bd9861ca1:0xe7887f7b72ca17a9,Hanói,35,1.2072,0:02:04
0x39f29937c52d4f05:0x831a0e05f607b270,Patna,32,0.2976,0:00:33
0x89c24fa5d33f083b:0xc80b8f06e177fe62,Nueva York,32,0.9876,0:01:51
0x935a3d18df9ae275:0x738470e469754a24,Brasilia,32,0.7948,0:01:29
0x3962fcad1b410ddb:0x96ec4da356240f4,Indore,30,0.1737,0:00:20
0x39740d857c2f41d9:0x784aef38a9523b42,Agra,30,0.1352,0:00:16
0x3040377ae63dbcdf:0x3039d80b220cb90,Banda Aceh,27,0.4289,0:00:57
0x92a461af84756ce1:0x570d540215864c35,Belén,25,0.2124,0:00:30
0x842bbeffd6e6e721:0x606d95ec61a54327,León,24,0.2018,0:00:30
0x842d0ba2b29da7e3:0x4016978679c8620,Morelia,23,0.3901,0:01:01
0x2e698c6900964f69:0xd00495351896398,Bekasi,22,0.1621,0:00:26
0x3a5265ea4f7d3361:0x6e61a70b6863d433,Chennai,22,0.3537,0:00:57
0x85ecd85611d06e8f:0xdd78bd7b4662216a,Tuxtla Gutiérrez,22,1.1557,0:03:09
0xd422997800a3c81:0xc436dec1618c2269,Madrid,22,0.5273,0:01:26
0x1a51f15cdc8d2c7d:0x850c1c5c5ecc5a92,Luanda,21,0.8168,0:02:20
0x2df14710964d9c91:0xcaa6ec96c2aea6d2,Balikpapan,21,0.3038,0:00:52
0x2e7a416389cafa5d:0x3027a76e352bad0,Klaten,21,0.5786,0:01:39
0x7f68ff06f7f6d21:0x983102e459a3de47,São Luís,21,0.2306,0:00:39
0x3b00c582b1189633:0xdc955b7264f63933,Madurai,20,0.1649,0:00:29
0x94dce35351cdb3dd:0x6d2f6ba5bacbe809,Curitiba,20,0.4514,0:01:21
0x396c4adf4c57e281:0xce1c63a0cf22e09,Jaipur,18,0.0902,0:00:18
0x85d1fca946577449:0x791d23070fe4cf48,Nezahualcóyotl,17,0.5387,0:01:54
0x91ad3e63892b89a1:0x279c6cd8321028a5,La Esperanza,17,5.5575,0:19:36
0x915edebe842e2473:0x3a1f8a2f17f89d8f,El Alto,15,0.7418,0:02:58
0xa690cacacf2c33:0x5b35795e3ad23997,Belo Horizonte,15,0.1922,0:00:46
0x390d047309fff32f:0xfc5606ed1b5d46c3,Delhi,14,0.1493,0:00:38
0x3bae1670c9b44e6d:0xf8dfc3e8517e4fe0,Bangalore,14,0.2996,0:01:17
0x8f4c2b05aef653db:0xce32b73c625fcd8a,Cancún,14,0.6285,0:02:41
0x2df67f9e3a5b4857:0xd9d9678dade6eae3,Samarinda,13,0.292,0:01:20
0x8429ec143ae4d9fb:0x4016978679c5220,Aguascalientes,13,0.4442,0:02:03
0x2dcdbf5f22de1ef1:0x3030bfbcaf7d0d0,Mataram,12,0.2227,0:01:06
0x3397ba0942ef7375:0x4a9a32d9fe083d40,Ciudad Quezon,12,0.0869,0:00:26
0x71ab04015be27cd:0x804434fd92ec3b36,Aracaju,12,0.0659,0:00:19
0x80c2c75ddc27da13:0xe22fdf6f254608f4,Los Ángeles,12,0.8295,0:04:08
0x85cd89892a50ebb9:0xad3f4ad5550208c4,Toluca de Lerdo,12,0.3829,0:01:54
0x9432985f478f5b69:0xb0a24f9a5366b092,Córdoba,12,0.7534,0:03:46
0x12a49816718e30e5:0x44b0fb3d4f47660a,Barcelona,11,0.0528,0:00:17
0x31d9bce8c054ce05:0x3039d80b220cbb0,Batam,11,0.1434,0:00:46
0x7ace839019aa3d7:0x6e414a9c6d26db34,João Pessoa,11,0.9839,0:05:22
0x8fa0e342c50d15c5:0xe6746a6a9f11b882,San José,11,0.798,0:04:21
0x935ef6bd58d80867:0xef692bad20d2678e,Goiânia,11,0.4697,0:02:33
0x2dd699e31fb22e71:0x3027a76e352bd10,Jember,10,0.0912,0:00:32
0x2e1d58f604b0799b:0x511ef9501fc9ffe3,Pontianak,10,0.4611,0:02:46
0x2e6f56e5924c576f:0x301e8f1fc2f2500,Tasikmalaya,10,0.0734,0:00:26
0x3124688606ed7b21:0x1f93b18618c1eedf,Vientián,10,0.1153,0:00:41
0x391a837462345a7d:0x681102348ec60610,Ludhiāna,10,0.0947,0:00:34
0x3bd4c0a5a31faf13:0x19b37d06d0bb3e2b,Nagpur,10,0.5084,0:03:03
0x842aa20005acfb79:0xed2ee29afe18257,San Luis Potosí,10,1.0883,0:06:31
0x85d21dd4afab4267:0xce8d74d9edb4d88,Cuautitlán Izcalli,10,0.1744,0:01:02
0x85edd796d7420653:0xf5607b62558ae894,Villahermosa,10,0.495,0:02:58
0x8663305672c436b1:0x57c1c28b4e35f5ae,Guadalupe,10,0.5663,0:03:23
0x86e75ecb3d0b329d:0xb196100549c7974,Ciudad Juárez,10,0.4622,0:02:46
0x904a107c793c39b7:0x1de8948d1c01fe28,Piura,10,0.2066,0:01:14
0x916dd5d826598431:0x2aa996cc2318315d,Cusco,10,0.2805,0:01:40
0x12a3895a55552841:0x1290feb965ca2535,Segur de Calafell,0,0,
0x85ce210f873fd163:0x10e7ff75326acd4f,San Martín Cuautlalpan,0,0,
0x85ce22fb7d6e1925:0x7dfb9fc952f1457f,Tlalmanalco,0,0,
0x85d1a7716f1e038b:0x13315c101496b749,Pachuca de Soto,0,0,
0x869f5341681837c1:0x62a4c4aaf13c72b2,Mazatlán,0,0,
0x910a2b7c44be2479:0x6d3e2a98c2641504,Pichanaki,0,0,
0x91ad15eabc39825d:0xe03e83afeb8b0208,El Porvenir,0,0,
0x91b73afd688756b5:0x25611fafcd00bf99,Moyobamba,0,0,
0x95bccd2194f3cfb7:0x8c054a901d575260,Lanús,0,0,
0x96814029a33cd497:0xbff3a3a0233cfcb3,San Juan,0,0,
0xc41cceccc254171:0x43111473d277e52e,Santa Cruz de Tenerife,0,0,
