Fuente de tráfico,Visualizaciones,Tiempo de visualización (horas),Duración media de las visualizaciones,Impresiones,Porcentaje de clics de las impresiones (%)
Total,1759,81.2212,0:02:46,61056,1.25
Funciones de exploración,1113,42.0032,0:02:15,46677,1.02
Páginas de canal,168,12.0089,0:04:17,9071,1.53
Notificaciones,122,5.4917,0:02:42,,
Vídeos sugeridos,108,6.8531,0:03:48,2221,3.06
Búsqueda de YouTube,80,4.8479,0:03:38,1136,5.55
Fuentes externas,48,2.4295,0:03:02,,
Directa o desconocida,41,1.6244,0:02:22,,
Pantallas finales,26,2.099,0:04:50,,
Listas de reproducción,24,1.4237,0:03:33,1385,0.94
Otras funciones de YouTube,21,1.918,0:05:28,,
Página de lista de reproducción,6,0.3947,0:03:56,566,0.35
Tarjetas de vídeo y anotaciones,2,0.1272,0:03:48,,
