Fuente de tráfico,Visualizaciones,Tiempo de visualización (horas),Duración media de las visualizaciones,Impresiones,Porcentaje de clics de las impresiones (%)
Total,5283,225.6908,0:02:33,65191,4.37
Búsqueda de YouTube,2304,97.8753,0:02:32,31637,5.84
Fuentes externas,1282,43.7407,0:02:02,,
Funciones de exploración,728,34.8179,0:02:52,17129,3.31
Notificaciones,230,11.3275,0:02:57,,
Listas de reproducción,229,11.3935,0:02:59,3461,4.05
Vídeos sugeridos,201,10.4549,0:03:07,6316,2.53
Páginas de canal,123,6.7763,0:03:18,5133,1.97
Directa o desconocida,94,2.8731,0:01:50,,
Página de lista de reproducción,46,2.6923,0:03:30,1515,2.38
Otras funciones de YouTube,45,3.6573,0:04:52,,
Pantallas finales,1,0.082,0:04:55,,
