Fuente de tráfico,Visualizaciones,Tiempo de visualización (horas),Duración media de las visualizaciones,Impresiones,Porcentaje de clics de las impresiones (%)
Total,1157,34.113,0:01:46,31294,1.96
Funciones de exploración,282,7.344,0:01:33,12282,1.35
Búsqueda de YouTube,252,8.128,0:01:56,2899,6.76
Listas de reproducción,197,6.5145,0:01:59,6136,2.18
Notificaciones,144,3.5836,0:01:29,,
Páginas de canal,102,3.7308,0:02:11,6931,1.05
Fuentes externas,74,1.0828,0:00:52,,
Página de lista de reproducción,42,1.7166,0:02:27,2392,1.21
Otras funciones de YouTube,23,1.0269,0:02:40,,
Directa o desconocida,22,0.3838,0:01:02,,
Vídeos sugeridos,19,0.6021,0:01:54,654,2.29
