Fuente de tráfico,Visualizaciones,Tiempo de visualización (horas),Duración media de las visualizaciones,Impresiones,Porcentaje de clics de las impresiones (%)
Total,6466,570.5199,0:05:17,188364,1.69
Funciones de exploración,3766,243.9439,0:03:53,147963,1.17
Vídeos sugeridos,1101,147.3692,0:08:01,21146,3.75
Búsqueda de YouTube,479,52.7566,0:06:36,9247,4.35
Páginas de canal,277,41.4966,0:08:59,8010,2.9
Notificaciones,221,20.9886,0:05:41,,
Otras funciones de YouTube,199,18.6862,0:05:38,,
Directa o desconocida,194,20.0098,0:06:11,,
Fuentes externas,122,12.8273,0:06:18,,
Pantallas finales,43,7.4781,0:10:26,,
Listas de reproducción,42,2.6334,0:03:45,1177,1.27
Página de lista de reproducción,22,2.3303,0:06:21,821,1.95
