Fuente de tráfico,Visualizaciones,Tiempo de visualización (horas),Duración media de las visualizaciones,Impresiones,Porcentaje de clics de las impresiones (%)
Total,840,8.3036,0:00:35,23019,1.06
Búsqueda de YouTube,318,3.4691,0:00:39,8511,1.62
Funciones de exploración,171,1.638,0:00:34,6806,0.84
Feed de Shorts,139,1.0629,0:00:27,,
Fuentes externas,90,0.6519,0:00:26,,
Páginas de canal,53,0.6535,0:00:44,4567,0.35
Notificaciones,25,0.4051,0:00:58,,
Vídeos sugeridos,21,0.1924,0:00:32,2693,0.71
Listas de reproducción,18,0.1732,0:00:34,197,5.58
Página de lista de reproducción,3,0.0406,0:00:48,245,1.22
Directa o desconocida,2,0.0169,0:00:30,,
