Ciudades,Nombre de la ciudad,Visualizaciones,Tiempo de visualización (horas),Duración media de las visualizaciones
Total,,2390,170.4774,0:04:16
0x9105c5f619ee3ec7:0x14206cb9cc452e4a,Lima,74,4.8888,0:03:57
0x8e3f9bfd2da6cb29:0x239d635520a33914,Bogotá,34,2.4196,0:04:16
0x85ce0026db097507:0x54061076265ee841,Ciudad de México,24,1.9742,0:04:56
0x8428b18cb52fd39b:0xd63d9302bf865750,Guadalajara,0,0,
0x85d1f21c72f777a1:0x4cd4540a42b26680,Ecatepec de Morelos,0,0,
0xd64c8e0f913cbad:0xd55cfb40e1faa672,Águilas,0,0,
