Fuente de tráfico,Visualizaciones,Tiempo de visualización (horas),Duración media de las visualizaciones,Impresiones,Porcentaje de clics de las impresiones (%)
Total,1962,23.559,0:00:43,26199,1.69
Páginas de canal,988,11.5515,0:00:42,13917,0.98
Página de lista de reproducción,198,2.5623,0:00:46,1577,8.24
Notificaciones,193,2.8889,0:00:53,,
Funciones de exploración,190,2.5223,0:00:47,6690,1.3
Listas de reproducción,93,0.7014,0:00:27,2991,1.74
Fuentes externas,74,0.9614,0:00:46,,
Directa o desconocida,59,0.5261,0:00:32,,
Búsqueda de YouTube,53,0.5762,0:00:39,639,4.38
Otras funciones de YouTube,49,0.6017,0:00:44,,
Vídeos sugeridos,39,0.3256,0:00:30,385,2.08
Tarjetas de vídeo y anotaciones,13,0.1401,0:00:38,,
Pantallas finales,13,0.2015,0:00:55,,
