Fecha,Estado de suscripción,Visualizaciones
2022-05-02,Suscrito,0
2022-05-03,Suscrito,0
2022-05-04,Suscrito,0
2022-05-05,Suscrito,0
2022-05-06,Suscrito,0
2022-05-07,Suscrito,0
2022-05-08,Suscrito,0
2022-05-09,Suscrito,0
2022-05-10,Suscrito,0
2022-05-11,Suscrito,0
2022-05-12,Suscrito,0
2022-05-13,Suscrito,0
2022-05-14,Suscrito,0
2022-05-15,Suscrito,0
2022-05-16,Suscrito,0
2022-05-17,Suscrito,0
2022-05-18,Suscrito,0
2022-05-19,Suscrito,0
2022-05-20,Suscrito,0
2022-05-21,Suscrito,0
2022-05-22,Suscrito,0
2022-05-23,Suscrito,0
2022-05-24,Suscrito,0
2022-05-25,Suscrito,0
2022-05-26,Suscrito,0
2022-05-27,Suscrito,0
2022-05-28,Suscrito,0
2022-05-29,Suscrito,0
2022-05-30,Suscrito,0
2022-05-31,Suscrito,0
2022-06-01,Suscrito,0
2022-06-02,Suscrito,0
2022-06-03,Suscrito,0
2022-06-04,Suscrito,0
2022-06-05,Suscrito,0
2022-06-06,Suscrito,0
2022-06-07,Suscrito,0
2022-06-08,Suscrito,0
2022-06-09,Suscrito,0
2022-06-10,Suscrito,0
2022-06-11,Suscrito,0
2022-06-12,Suscrito,0
2022-06-13,Suscrito,0
2022-06-14,Suscrito,0
2022-06-15,Suscrito,0
2022-06-16,Suscrito,0
2022-06-17,Suscrito,0
2022-06-18,Suscrito,0
2022-06-19,Suscrito,0
2022-06-20,Suscrito,0
2022-06-21,Suscrito,0
2022-06-22,Suscrito,0
2022-06-23,Suscrito,0
2022-06-24,Suscrito,0
2022-06-25,Suscrito,0
2022-06-26,Suscrito,0
2022-06-27,Suscrito,0
2022-06-28,Suscrito,362
2022-06-29,Suscrito,147
2022-06-30,Suscrito,35
2022-07-01,Suscrito,22
2022-07-02,Suscrito,14
2022-07-03,Suscrito,19
2022-07-04,Suscrito,17
2022-07-05,Suscrito,9
2022-07-06,Suscrito,19
2022-07-07,Suscrito,9
2022-07-08,Suscrito,6
2022-07-09,Suscrito,2
2022-07-10,Suscrito,9
2022-07-11,Suscrito,8
2022-07-12,Suscrito,5
2022-07-13,Suscrito,12
2022-07-14,Suscrito,8
2022-07-15,Suscrito,0
2022-07-16,Suscrito,3
2022-07-17,Suscrito,5
2022-07-18,Suscrito,8
2022-07-19,Suscrito,1
2022-07-20,Suscrito,4
2022-07-21,Suscrito,3
2022-07-22,Suscrito,2
2022-07-23,Suscrito,1
2022-07-24,Suscrito,0
2022-07-25,Suscrito,1
2022-07-26,Suscrito,0
2022-07-27,Suscrito,2
2022-07-28,Suscrito,5
2022-07-29,Suscrito,4
2022-07-30,Suscrito,0
2022-07-31,Suscrito,3
2022-08-01,Suscrito,1
2022-08-02,Suscrito,2
2022-08-03,Suscrito,2
2022-08-04,Suscrito,0
2022-08-05,Suscrito,4
2022-08-06,Suscrito,0
2022-08-07,Suscrito,0
2022-08-08,Suscrito,5
2022-08-09,Suscrito,2
2022-08-10,Suscrito,3
2022-08-11,Suscrito,2
2022-08-12,Suscrito,3
2022-08-13,Suscrito,3
2022-08-14,Suscrito,0
2022-08-15,Suscrito,0
2022-08-16,Suscrito,2
2022-08-17,Suscrito,2
2022-08-18,Suscrito,0
2022-08-19,Suscrito,1
2022-08-20,Suscrito,0
2022-08-21,Suscrito,0
2022-08-22,Suscrito,2
2022-08-23,Suscrito,1
2022-08-24,Suscrito,1
2022-08-25,Suscrito,1
2022-08-26,Suscrito,1
2022-08-27,Suscrito,2
2022-08-28,Suscrito,1
2022-08-29,Suscrito,1
2022-08-30,Suscrito,4
2022-08-31,Suscrito,0
2022-09-01,Suscrito,0
2022-09-02,Suscrito,3
2022-09-03,Suscrito,1
2022-09-04,Suscrito,1
2022-09-05,Suscrito,3
2022-09-06,Suscrito,0
2022-09-07,Suscrito,0
2022-09-08,Suscrito,3
2022-09-09,Suscrito,4
2022-09-10,Suscrito,1
2022-09-11,Suscrito,0
2022-09-12,Suscrito,2
2022-09-13,Suscrito,0
2022-09-14,Suscrito,0
2022-09-15,Suscrito,0
2022-09-16,Suscrito,3
2022-09-17,Suscrito,1
2022-09-18,Suscrito,1
2022-09-19,Suscrito,0
2022-09-20,Suscrito,0
2022-09-21,Suscrito,3
2022-09-22,Suscrito,0
2022-09-23,Suscrito,0
2022-09-24,Suscrito,1
2022-09-25,Suscrito,1
2022-09-26,Suscrito,0
2022-09-27,Suscrito,0
2022-09-28,Suscrito,1
2022-09-29,Suscrito,1
2022-09-30,Suscrito,3
2022-10-01,Suscrito,2
2022-10-02,Suscrito,5
2022-10-03,Suscrito,0
2022-10-04,Suscrito,2
2022-10-05,Suscrito,2
2022-10-06,Suscrito,3
2022-10-07,Suscrito,0
2022-10-08,Suscrito,0
2022-10-09,Suscrito,3
2022-10-10,Suscrito,0
2022-10-11,Suscrito,1
2022-10-12,Suscrito,0
2022-10-13,Suscrito,1
2022-10-14,Suscrito,0
2022-10-15,Suscrito,0
2022-10-16,Suscrito,0
2022-10-17,Suscrito,0
2022-10-18,Suscrito,0
2022-10-19,Suscrito,0
2022-10-20,Suscrito,0
2022-10-21,Suscrito,0
2022-10-22,Suscrito,1
2022-10-23,Suscrito,1
2022-10-24,Suscrito,0
2022-10-25,Suscrito,0
2022-10-26,Suscrito,0
2022-10-27,Suscrito,0
2022-10-28,Suscrito,0
2022-10-29,Suscrito,0
2022-10-30,Suscrito,0
2022-10-31,Suscrito,0
2022-11-01,Suscrito,1
2022-11-02,Suscrito,0
2022-11-03,Suscrito,1
2022-11-04,Suscrito,2
2022-11-05,Suscrito,0
2022-11-06,Suscrito,0
2022-11-07,Suscrito,0
2022-11-08,Suscrito,0
2022-11-09,Suscrito,0
2022-11-10,Suscrito,0
2022-11-11,Suscrito,0
2022-11-12,Suscrito,1
2022-11-13,Suscrito,0
2022-11-14,Suscrito,5
2022-11-15,Suscrito,1
2022-11-16,Suscrito,0
2022-11-17,Suscrito,0
2022-11-18,Suscrito,0
2022-11-19,Suscrito,0
2022-11-20,Suscrito,0
2022-11-21,Suscrito,0
2022-11-22,Suscrito,0
2022-11-23,Suscrito,0
2022-11-24,Suscrito,0
2022-11-25,Suscrito,0
2022-11-26,Suscrito,0
2022-11-27,Suscrito,0
2022-11-28,Suscrito,0
2022-11-29,Suscrito,0
2022-11-30,Suscrito,1
2022-05-02,No suscrito,0
2022-05-03,No suscrito,0
2022-05-04,No suscrito,0
2022-05-05,No suscrito,0
2022-05-06,No suscrito,0
2022-05-07,No suscrito,0
2022-05-08,No suscrito,0
2022-05-09,No suscrito,0
2022-05-10,No suscrito,0
2022-05-11,No suscrito,0
2022-05-12,No suscrito,0
2022-05-13,No suscrito,0
2022-05-14,No suscrito,0
2022-05-15,No suscrito,0
2022-05-16,No suscrito,0
2022-05-17,No suscrito,0
2022-05-18,No suscrito,0
2022-05-19,No suscrito,0
2022-05-20,No suscrito,0
2022-05-21,No suscrito,0
2022-05-22,No suscrito,0
2022-05-23,No suscrito,0
2022-05-24,No suscrito,0
2022-05-25,No suscrito,0
2022-05-26,No suscrito,0
2022-05-27,No suscrito,0
2022-05-28,No suscrito,0
2022-05-29,No suscrito,0
2022-05-30,No suscrito,0
2022-05-31,No suscrito,0
2022-06-01,No suscrito,0
2022-06-02,No suscrito,0
2022-06-03,No suscrito,0
2022-06-04,No suscrito,0
2022-06-05,No suscrito,0
2022-06-06,No suscrito,0
2022-06-07,No suscrito,0
2022-06-08,No suscrito,0
2022-06-09,No suscrito,0
2022-06-10,No suscrito,0
2022-06-11,No suscrito,0
2022-06-12,No suscrito,0
2022-06-13,No suscrito,0
2022-06-14,No suscrito,0
2022-06-15,No suscrito,0
2022-06-16,No suscrito,0
2022-06-17,No suscrito,0
2022-06-18,No suscrito,0
2022-06-19,No suscrito,0
2022-06-20,No suscrito,0
2022-06-21,No suscrito,0
2022-06-22,No suscrito,0
2022-06-23,No suscrito,0
2022-06-24,No suscrito,0
2022-06-25,No suscrito,0
2022-06-26,No suscrito,0
2022-06-27,No suscrito,0
2022-06-28,No suscrito,68
2022-06-29,No suscrito,109
2022-06-30,No suscrito,33
2022-07-01,No suscrito,12
2022-07-02,No suscrito,8
2022-07-03,No suscrito,4
2022-07-04,No suscrito,5
2022-07-05,No suscrito,9
2022-07-06,No suscrito,7
2022-07-07,No suscrito,4
2022-07-08,No suscrito,3
2022-07-09,No suscrito,1
2022-07-10,No suscrito,4
2022-07-11,No suscrito,1
2022-07-12,No suscrito,1
2022-07-13,No suscrito,4
2022-07-14,No suscrito,3
2022-07-15,No suscrito,2
2022-07-16,No suscrito,2
2022-07-17,No suscrito,7
2022-07-18,No suscrito,4
2022-07-19,No suscrito,4
2022-07-20,No suscrito,1
2022-07-21,No suscrito,4
2022-07-22,No suscrito,2
2022-07-23,No suscrito,0
2022-07-24,No suscrito,3
2022-07-25,No suscrito,0
2022-07-26,No suscrito,0
2022-07-27,No suscrito,0
2022-07-28,No suscrito,7
2022-07-29,No suscrito,1
2022-07-30,No suscrito,1
2022-07-31,No suscrito,3
2022-08-01,No suscrito,5
2022-08-02,No suscrito,1
2022-08-03,No suscrito,0
2022-08-04,No suscrito,4
2022-08-05,No suscrito,8
2022-08-06,No suscrito,2
2022-08-07,No suscrito,5
2022-08-08,No suscrito,3
2022-08-09,No suscrito,1
2022-08-10,No suscrito,0
2022-08-11,No suscrito,2
2022-08-12,No suscrito,6
2022-08-13,No suscrito,7
2022-08-14,No suscrito,2
2022-08-15,No suscrito,1
2022-08-16,No suscrito,0
2022-08-17,No suscrito,0
2022-08-18,No suscrito,0
2022-08-19,No suscrito,1
2022-08-20,No suscrito,1
2022-08-21,No suscrito,0
2022-08-22,No suscrito,0
2022-08-23,No suscrito,0
2022-08-24,No suscrito,1
2022-08-25,No suscrito,1
2022-08-26,No suscrito,0
2022-08-27,No suscrito,2
2022-08-28,No suscrito,1
2022-08-29,No suscrito,0
2022-08-30,No suscrito,7
2022-08-31,No suscrito,2
2022-09-01,No suscrito,1
2022-09-02,No suscrito,5
2022-09-03,No suscrito,4
2022-09-04,No suscrito,0
2022-09-05,No suscrito,2
2022-09-06,No suscrito,0
2022-09-07,No suscrito,0
2022-09-08,No suscrito,0
2022-09-09,No suscrito,6
2022-09-10,No suscrito,1
2022-09-11,No suscrito,1
2022-09-12,No suscrito,0
2022-09-13,No suscrito,2
2022-09-14,No suscrito,1
2022-09-15,No suscrito,0
2022-09-16,No suscrito,3
2022-09-17,No suscrito,2
2022-09-18,No suscrito,0
2022-09-19,No suscrito,1
2022-09-20,No suscrito,0
2022-09-21,No suscrito,3
2022-09-22,No suscrito,2
2022-09-23,No suscrito,3
2022-09-24,No suscrito,2
2022-09-25,No suscrito,2
2022-09-26,No suscrito,5
2022-09-27,No suscrito,5
2022-09-28,No suscrito,0
2022-09-29,No suscrito,0
2022-09-30,No suscrito,0
2022-10-01,No suscrito,1
2022-10-02,No suscrito,0
2022-10-03,No suscrito,1
2022-10-04,No suscrito,1
2022-10-05,No suscrito,2
2022-10-06,No suscrito,0
2022-10-07,No suscrito,0
2022-10-08,No suscrito,1
2022-10-09,No suscrito,2
2022-10-10,No suscrito,0
2022-10-11,No suscrito,1
2022-10-12,No suscrito,1
2022-10-13,No suscrito,1
2022-10-14,No suscrito,1
2022-10-15,No suscrito,0
2022-10-16,No suscrito,0
2022-10-17,No suscrito,0
2022-10-18,No suscrito,0
2022-10-19,No suscrito,0
2022-10-20,No suscrito,1
2022-10-21,No suscrito,0
2022-10-22,No suscrito,0
2022-10-23,No suscrito,0
2022-10-24,No suscrito,0
2022-10-25,No suscrito,0
2022-10-26,No suscrito,0
2022-10-27,No suscrito,1
2022-10-28,No suscrito,0
2022-10-29,No suscrito,0
2022-10-30,No suscrito,2
2022-10-31,No suscrito,0
2022-11-01,No suscrito,1
2022-11-02,No suscrito,0
2022-11-03,No suscrito,0
2022-11-04,No suscrito,0
2022-11-05,No suscrito,0
2022-11-06,No suscrito,0
2022-11-07,No suscrito,3
2022-11-08,No suscrito,0
2022-11-09,No suscrito,1
2022-11-10,No suscrito,1
2022-11-11,No suscrito,0
2022-11-12,No suscrito,0
2022-11-13,No suscrito,0
2022-11-14,No suscrito,3
2022-11-15,No suscrito,0
2022-11-16,No suscrito,0
2022-11-17,No suscrito,0
2022-11-18,No suscrito,0
2022-11-19,No suscrito,0
2022-11-20,No suscrito,1
2022-11-21,No suscrito,0
2022-11-22,No suscrito,1
2022-11-23,No suscrito,1
2022-11-24,No suscrito,0
2022-11-25,No suscrito,0
2022-11-26,No suscrito,0
2022-11-27,No suscrito,4
2022-11-28,No suscrito,0
2022-11-29,No suscrito,0
2022-11-30,No suscrito,0
