Ciudades,Nombre de la ciudad,Visualizaciones,Tiempo de visualización (horas),Duración media de las visualizaciones
Total,,11619,740.5416,0:03:49
0x9105c5f619ee3ec7:0x14206cb9cc452e4a,Lima,876,47.7763,0:03:16
0x8e3f9bfd2da6cb29:0x239d635520a33914,Bogotá,314,20.7683,0:03:58
0x85ce0026db097507:0x54061076265ee841,Ciudad de México,305,15.4202,0:03:02
0x915edf0a04f5a40f:0x57dbfc76b4458ab3,La Paz,157,5.9275,0:02:15
0x93f1e81ca7c01a63:0x5c8b0a53a467611b,Santa Cruz de la Sierra,74,2.239,0:01:48
0x91d59a4002427c9f:0x44b991e158ef5572,Quito,67,2.4608,0:02:12
0x8589a180655c3345:0x4a72c7815b867b25,Ciudad de Guatemala,62,1.9513,0:01:53
0x9662c5410425af2f:0x8475d53c400f0931,Santiago,44,1.0215,0:01:23
0x902d13cbe855805f:0x8015a492f4fca473,Guayaquil,42,1.9167,0:02:44
0x91ad3d7fe3fae92d:0xd3bc7d125d4e8508,Trujillo,28,0.7729,0:01:39
0x85cfc0bd5ebc7a3b:0x48a6461de494ad95,Heroica Puebla de Zaragoza,22,1.3322,0:03:37
0x8faca8f1dbe80363:0xaba25df1f042c10e,Panamá,17,0.7741,0:02:43
0x8f71560dd907880b:0x6c5ef4a2144f4c6a,Managua,15,1.9182,0:07:40
0x85d1f21c72f777a1:0x4cd4540a42b26680,Ecatepec de Morelos,11,0.129,0:00:42
0x8c2a58adcd824807:0x93dd2eae0a998483,Caracas,11,1.1721,0:06:23
0x95bcca3b4ef90cbd:0xa0b3812e88e88e87,Buenos Aires,11,1.3345,0:07:16
0x8eaf89f1107ea5ab:0xd6c587b82715c164,Santo Domingo,10,0.1379,0:00:49
0x8f633067b411775d:0x1f75978893fb5c96,San Salvador,10,0.1004,0:00:36
0x91424a487785b9b3:0xa3c4a612b9942036,Arequipa,10,0.6374,0:03:49
