Fuente de tráfico,Visualizaciones,Tiempo de visualización (horas),Duración media de las visualizaciones,Impresiones,Porcentaje de clics de las impresiones (%)
Total,3044,411.7951,0:08:07,60272,3.04
Funciones de exploración,1124,112.1578,0:05:59,37442,2.43
Vídeos sugeridos,864,169.3544,0:11:45,12999,4.28
Búsqueda de YouTube,219,31.286,0:08:34,3993,4.48
Fuentes externas,217,16.3996,0:04:32,,
Páginas de canal,201,37.336,0:11:08,4986,3.37
Notificaciones,169,14.5756,0:05:10,,
Directa o desconocida,132,11.4355,0:05:11,,
Pantallas finales,49,7.8126,0:09:33,,
Otras funciones de YouTube,39,9.1541,0:14:04,,
Listas de reproducción,17,0.9011,0:03:10,299,1.67
Página de lista de reproducción,13,1.3825,0:06:22,553,2.17
