Fuente de tráfico,Visualizaciones,Tiempo de visualización (horas),Duración media de las visualizaciones,Impresiones,Porcentaje de clics de las impresiones (%)
Total,1511,78.0586,0:03:05,35548,1.82
Funciones de exploración,827,40.9334,0:02:58,23614,1.78
Notificaciones,246,11.688,0:02:51,,
Páginas de canal,123,6.4076,0:03:07,6412,1.45
Vídeos sugeridos,81,4.5766,0:03:23,1432,3.56
Búsqueda de YouTube,78,5.793,0:04:27,1664,3.37
Fuentes externas,43,1.5943,0:02:13,,
Directa o desconocida,39,2.7308,0:04:12,,
Listas de reproducción,30,1.0433,0:02:05,1686,1.13
Otras funciones de YouTube,18,1.3482,0:04:29,,
Pantallas finales,14,1.7139,0:07:20,,
Página de lista de reproducción,12,0.2294,0:01:08,740,0.95
