Fuente de tráfico,Visualizaciones,Tiempo de visualización (horas),Duración media de las visualizaciones,Impresiones,Porcentaje de clics de las impresiones (%)
Total,1810,78.4546,0:02:36,52854,1.46
Funciones de exploración,953,35.2067,0:02:12,33590,1.18
Páginas de canal,191,11.8058,0:03:42,10085,1.48
Notificaciones,167,8.5175,0:03:03,,
Búsqueda de YouTube,166,7.4355,0:02:41,4573,3.11
Fuentes externas,117,3.3306,0:01:42,,
Vídeos sugeridos,61,3.5549,0:03:29,1459,2.54
Listas de reproducción,56,2.9447,0:03:09,2020,1.78
Directa o desconocida,47,2.3188,0:02:57,,
Otras funciones de YouTube,31,2.3193,0:04:29,,
Página de lista de reproducción,15,0.7015,0:02:48,1127,1.06
Pantallas finales,6,0.3193,0:03:11,,
