Fuente de tráfico,Visualizaciones,Tiempo de visualización (horas),Duración media de las visualizaciones,Impresiones,Porcentaje de clics de las impresiones (%)
Total,1594,62.1296,0:02:20,67608,1.06
Funciones de exploración,1003,34.7777,0:02:04,52805,0.9
Notificaciones,143,6.4262,0:02:41,,
Vídeos sugeridos,132,7.4021,0:03:21,2500,3.68
Páginas de canal,112,4.6129,0:02:28,7512,1.01
Listas de reproducción,66,3.0419,0:02:45,2760,1.41
Fuentes externas,35,0.7788,0:01:20,,
Directa o desconocida,30,0.925,0:01:50,,
Búsqueda de YouTube,28,1.402,0:03:00,724,2.76
Otras funciones de YouTube,24,1.7657,0:04:24,,
Página de lista de reproducción,16,0.5102,0:01:54,1307,1.07
Pantallas finales,5,0.4871,0:05:50,,
