Fuente de tráfico,Visualizaciones,Tiempo de visualización (horas),Duración media de las visualizaciones,Impresiones,Porcentaje de clics de las impresiones (%)
Total,1314,85.342,0:03:53,49190,1.14
Funciones de exploración,713,41.6129,0:03:30,34093,0.94
Notificaciones,176,11.9373,0:04:04,,
Páginas de canal,173,13.1841,0:04:34,10895,1.26
Búsqueda de YouTube,74,4.0378,0:03:16,1457,4.39
Fuentes externas,49,3.9128,0:04:47,,
Vídeos sugeridos,46,4.8246,0:06:17,2433,1.27
Directa o desconocida,45,2.2032,0:02:56,,
Listas de reproducción,20,1.9333,0:05:48,160,3.13
Otras funciones de YouTube,13,1.3825,0:06:22,,
Página de lista de reproducción,3,0.1907,0:03:48,152,1.32
Pantallas finales,2,0.1227,0:03:40,,
