Fuente de tráfico,Visualizaciones,Tiempo de visualización (horas),Duración media de las visualizaciones,Impresiones,Porcentaje de clics de las impresiones (%)
Total,962,44.1079,0:02:45,34768,1.23
Funciones de exploración,462,19.0236,0:02:28,19538,1.09
Notificaciones,111,5.1207,0:02:46,,
Páginas de canal,102,6.1858,0:03:38,7583,0.94
Listas de reproducción,88,4.4558,0:03:02,3336,1.95
Vídeos sugeridos,54,2.9486,0:03:16,1732,1.85
Fuentes externas,49,1.6249,0:01:59,,
Búsqueda de YouTube,31,1.5107,0:02:55,957,2.72
Directa o desconocida,27,0.6282,0:01:23,,
Página de lista de reproducción,26,1.7913,0:04:08,1622,1.36
Otras funciones de YouTube,12,0.8181,0:04:05,,
