Fuente de tráfico,Visualizaciones,Tiempo de visualización (horas),Duración media de las visualizaciones,Impresiones,Porcentaje de clics de las impresiones (%)
Total,2338,131.0947,0:03:21,77085,1.51
Funciones de exploración,1398,62.3058,0:02:40,63977,1.28
Fuentes externas,201,14.6524,0:04:22,,
Búsqueda de YouTube,171,11.4535,0:04:01,3783,3.73
Notificaciones,153,8.6018,0:03:22,,
Páginas de canal,151,13.5661,0:05:23,5635,2.04
Directa o desconocida,98,4.216,0:02:34,,
Vídeos sugeridos,90,8.4389,0:05:37,1895,3.32
Listas de reproducción,35,2.838,0:04:51,1108,1.71
Otras funciones de YouTube,27,3.1606,0:07:01,,
Página de lista de reproducción,11,1.6741,0:09:07,687,1.31
Pantallas finales,3,0.1874,0:03:44,,
