Fuente de tráfico,Visualizaciones,Tiempo de visualización (horas),Duración media de las visualizaciones,Impresiones,Porcentaje de clics de las impresiones (%)
Total,1675,90.6025,0:03:14,42833,1.47
Funciones de exploración,632,32.9862,0:03:07,26074,1.15
Páginas de canal,479,22.5438,0:02:49,9048,1.69
Notificaciones,150,8.5926,0:03:26,,
Búsqueda de YouTube,116,7.1502,0:03:41,2622,3.32
Listas de reproducción,63,3.9097,0:03:43,2433,1.56
Vídeos sugeridos,57,3.4847,0:03:40,1383,2.53
Fuentes externas,57,3.2178,0:03:23,,
Directa o desconocida,47,2.4373,0:03:06,,
Pantallas finales,35,3.8905,0:06:40,,
Página de lista de reproducción,20,1.0254,0:03:04,1273,1.34
Otras funciones de YouTube,16,1.2486,0:04:40,,
Tarjetas de vídeo y anotaciones,3,0.1157,0:02:18,,
