Fuente de tráfico,Visualizaciones,Tiempo de visualización (horas),Duración media de las visualizaciones,Impresiones,Porcentaje de clics de las impresiones (%)
Total,1645,83.985,0:03:03,48122,1.26
Funciones de exploración,678,32.0473,0:02:50,33050,0.99
Páginas de canal,425,17.1308,0:02:25,7972,1.54
Vídeos sugeridos,150,10.2792,0:04:06,3768,1.96
Notificaciones,120,6.8474,0:03:25,,
Búsqueda de YouTube,72,5.3099,0:04:25,1712,3.27
Fuentes externas,55,3.1966,0:03:29,,
Directa o desconocida,45,2.177,0:02:54,,
Pantallas finales,43,4.2518,0:05:55,,
Listas de reproducción,22,0.8325,0:02:16,1026,1.75
Otras funciones de YouTube,15,1.1867,0:04:44,,
Página de lista de reproducción,12,0.3415,0:01:42,594,1.52
Tarjetas de vídeo y anotaciones,8,0.3844,0:02:52,,
